CreditRepair.com,176293,352586
Cheddar,38847,77694
AFT - American Federation of Teachers,29130,58260
Progress News Network,25753,64383
Florida Strong,23866,59664
Double Talk Ducey,23310,46619
Better Angels - A documentary by director Malcolm Clarke,13638,34095
Dr. Mark Green,13171,32928
Republican Women for Progress PAC,12669,31671
Stronger Foundations,11712,29279
Chuck Eaton,11499,22997
RATE Coalition,11107,22214
CRTV,10926,21851
Mississippi Victory Fund,10532,21064
Alliance for Taxpayers,9920,19839
Nuclear Matters,8132,16263
Claire McCaskill,8086,16172
Powerpac GA,7938,19844
Marsy's Law for Oklahoma SQ 794,7844,19610
Marsha Blackburn,7620,15241
Wolf for Attorney General,7507,15014
Derek Schmidt,6858,13717
Susan B. Anthony List,6707,13413
Palm Beach Kennel Club,5436,13590
Bill Schuette's agenda makes it easier for criminals to buy guns,5258,10515
Dr. Brian Babin,5154,10308
"Vote for Better Paychecks, Not Dean Heller",5131,10261
TurlockCityNews.com,5091,10181
Enroll2019,5086,10171
Our Colorado,4734,9468
Richard Cordray,4508,9016
American AF,4418,8835
National Horizon Action,4116,8232
Commissioner Jack Morman,4040,8079
Mel Hall,3827,7653
Southern Poverty Law Center,3811,9527
Brian Fitzpatrick,3799,7599
Justice Jeff Brown,3791,7582
People Power,3727,7453
Texas Democratic Party,3648,7297
NO on 105,3585,7169
Dan Newlin,3539,7078
Dave Loebsack for Congress,3460,6920
Stop Measure L - Helps a Few. Hurts A Lot,3433,6867
Joe Manchin,3421,6842
Loretta Smith,3396,6792
Ashleigh Aitken: Wrong for Anaheim Mayor,3089,6177
California Democratic Party,3081,6162
Citizens For A Reliable 911,3072,6145
Anita Earls,3064,6127
Ed Perlmutter,2949,5898
Julie Morrison for State Senate,2943,5885
Just Vote No On 13,2933,5865
GLAAD,2850,5700
Dante Acosta,2776,5553
Financial Advisory for a better Tomorrow,2720,13601
No On 185,2693,5386
Andy Barr,2599,5199
Dennise Smith for WV Supreme Court,2597,5193
Washington State Republican Party,2577,5153
Education Funding Works,2571,12856
Concealed Online,2497,12486
Liberty Watch Magazine,2292,11461
Yes On Prop 3 - California Water Bond,2277,4555
Home Defense News,2060,10299
Jack Burkman Radio,2054,10269
Mike DeWine,2015,4030
Jim Himes for Congress,2007,10035
Citizens for Responsible Energy Solutions,1980,3960
RevZilla,1933,9665
Louisiana First Republicans,1907,3815
Affordable Medicare,1762,3524
Judge Dan Ballou for Kentucky Supreme Court,1751,8757
Dan Bongino,1749,8746
Senator Kathy Klausmeier,1663,8315
Jeff Raatz for Indiana.,1658,3315
Chris Graveline for Michigan Attorney General,1649,8246
New Health Plans,1576,7881
Clean Arizona Corporation Commission,1569,7843
Rob Bonta for California,1541,3082
Elissa Silverman for DC Council,1539,3078
Mike Braun,1537,7686
Mike Bishop for Congress,1531,3063
Yes On 125,1498,7491
Colorado Education Association,1491,2982
Fairness for Fantasy Sports Louisiana,1487,2974
Mike Frerichs,1447,2893
Nate McMurray for Congress,1433,7165
Louisiana Secretary of State Kyle Ardoin,1397,6986
Kenan Baldridge NYS Senate 54th District,1389,6947
Get the Facts on Aaron Gladd,1358,6788
Bill Posey,1354,6772
Pennsylvania Values,1323,6614
"Vote YES for a Stronger, Healthier Scotland",1322,2644
AARP Advocates,1320,6598
Pulso Boricua,1308,6539
Barry Loudermilk,1304,6520
Ethos Research,1291,6455
Honorable Judge Maria T. Jackson,1229,2458
Keeping America Great PAC,1224,6118
Blaine Wilhour for State Representative 107th District,1221,6104
Yes 4 Proposition 4,1216,2431
Earth.com,1210,6050
MN AFL-CIO,1205,6023
John Catsimatidis,1191,2382
Greg Louganis,1174,5872
Captain Clay Higgins,1169,5846
Unitehere Florida PAC,1152,2304
Larry Hogan,1147,5735
Protect Freedom PAC,1145,5724
Kansas Republican Party,1135,5674
John Faso,1115,5576
Frank Barger for Probate Judge,1102,5510
Health Care Voter,1090,5450
Committee for a Pro-Choice New York,1087,2175
Financial Security Today,1067,2134
YouGov,1056,5278
Americans for Prosperity-Kansas,1051,5255
Andrea Fischer Newman,1050,5249
Dr. Bronner's,1032,2064
Gae Magnafici for WI Assembly District 28,1029,5147
Virginia 12th,1028,5141
Future Majority,1028,5138
Gold Asset Information Group,1018,2036
North Carolina Values Coalition,1012,5061
Brush Fires PAC,1006,2012
Jim Stamas,1005,5023
Brian 'BAM' McClendon,998,4992
John Culberson,991,4954
Airbnb Citizen,984,4920
Ohio Republican Party,972,4859
OPH PAC,971,4854
Heidi Heitkamp,968,4841
Full Voter Participation Act,967,4837
Vote No On Amendment 1 WV,951,4756
Jennifer Hayden for Huntington Beach Schools,949,4747
Jared Golden for Congress,933,4667
Vote Brandy Hambright,929,4646
Conservation Ohio,929,2323
Doris for Congress,925,1850
Mike Hanna for State Representative,912,4561
Likewise Media,911,4553
Law Center For Social Security Rights,906,4531
Jeremy Blake for Ohio House District 71,898,4489
Congressman Peter King,895,4476
Judge Ben Braun,882,4411
Alan LaPolice for Congress,882,4409
Wisconsin First Political Fund,881,4404
Jim Harper for Secretary of State,875,4374
Nuestra Florida,868,1736
Fred Hubbell,867,1733
Healthy and Productive Michigan,865,4323
V.A. Shiva Ayyadurai,859,4295
Matt Stone,854,4269
Neal Simon for U.S. Senate,849,4244
North Dakotans for Citizen Voting,845,4227
American Center for Law and Justice,844,4221
Gretchen Whitmer,842,4208
Ryan McAdams For Congress,835,1670
Jess King for Congress,830,4151
Military Officers Association of America (MOAA),830,4147
Ohio Clean Energy Jobs Alliance,825,4126
Jane Velez-Mitchell,823,4114
Matt Simpson for House 96,820,4101
David Nygaard For City Council,818,4089
"Dave ""Hutch"" Hutchinson for Henn. Co. Sheriff",806,4031
David Keyes for Fresno County Auditor-Controller,806,4028
Delegate Robin Grammer,803,4015
Mike Collier,802,4012
State Government Leadership Foundation,799,3995
Cyndi Ralston for Oklahoma House District 12,793,3963
Mississippi for Donald Trump,786,1573
Dave Hughes,785,3926
Keystone Progress,780,3901
Amanda Fiedler for County Council,776,3882
Barry Wadle for Washington County Senate,776,1552
Greg Larson for Santa Cruz City Council,775,3875
FreeAmerica,773,3867
Scott Tippett,768,1536
CFG Action,763,1525
iVote,762,1523
Vote Yes for City Prop 1 & 2,761,3806
Ohio Democratic Party,752,1504
IndyAustin,750,3750
Americans for Prosperity-Michigan,743,3714
St. Martin's Press,741,1482
Vote The Outdoors Action Fund,735,3677
Dan DeBono for Congress,733,1466
Allan Kittleman,732,3660
Vote for Ali,727,1453
Ammar Campa for Congress,726,3631
Teamsters,724,3620
Senator Chris McDaniel,715,1429
Steve Pearce,712,1425
Dr. Knute Buehler,710,3548
Humane Society International,707,1413
Shareblue Media,702,1404
America First Credit Union,696,3481
Denver Riggleman,696,1393
Yes On 1631,694,3471
Clay Yarborough,693,3465
Republican Party of Florida,687,3433
Andrew Grant,685,3424
Larry Sharpe for New York,683,1365
No Prop 6 Tooele,682,3409
Gray Chynoweth For NH,679,3395
Kevin Lopez for Texas Senate District 30,679,1358
Sarah Lightner for State Representative - Michigan House District 65,676,1351
PragerU,675,1349
Vote NO on the Job-Killing Community Bill of Rights,666,3328
Kate Bowling for Judge,665,1331
Michelle Lujan Grisham,662,1325
CFGA Montana,661,3302
Progress NC Votes,660,3302
Don Bacon,657,1313
SF Environment,656,3277
Scott Dianda,652,1304
Peggy Catlin for RTD,651,3256
Associated Republicans of Texas,650,3249
No Cuts to Care: No on Measure 106,650,3248
Single Member Districts,649,3245
Re-Elect Senator Joe Robach,643,1286
Jay Ruderman,642,3212
Environment America Action Fund,641,3206
Rep. Jill York,632,1265
United States Constitution,630,3148
Terri Collins District 8,624,3119
Brian Baldridge,624,3118
Rep. Danny R. Bentley,620,3101
Laura for Iowa,615,3073
Billie Sutton,612,1223
Jerry Lee Long for State Rep,611,1221
House Majority PAC,608,3042
I am LDS,604,3018
Amber for Judge,603,3017
Wisconsin Leadership Committee,603,1205
Monique Clement for Judge,600,2998
Treva Gear for Georgia House District 175,599,2997
Gordy Hulten for Champaign County Executive,596,2978
David Hale Kentucky State Representative 74th District,595,2977
Gunston Hall,592,1184
Deb Fischer,584,2922
Tim Keller,584,2918
Project Red TX,584,2918
Rocky Mountain Gun Owners - Official Page,576,2881
Texas State Association of Fire Fighters,574,2868
"Chesterfield County, Virginia",574,1148
Nicole George for Metro Council 21,567,2836
Allison Gilman For Judge,567,2833
Kimberly Yee for Arizona,564,2820
MPR News,563,1126
Scott Ourth for State Representative,562,2808
National Veteran Programs,562,1123
Yale Climate Connections,560,1121
Maria Collett for PA Senate,558,1117
Dan Cronin,548,2739
Ted Budd,547,1094
Steny Hoyer,544,2719
Mark Herbert for State Representative,541,2703
Yes on Prop Z,538,2689
Kathy Wyenandt for State Representative,537,2686
No on Measure G,527,1053
Jim DeMay for District Court Judge,525,1050
Francys Johnson for Congress,522,1043
Becerra For Hays County Judge,519,2594
Lyons for Land Commissioner,519,1039
Build With Strength,518,2589
Chip Roy,517,2583
Carrie Koelker,516,2581
Bill Bolton for Senate,515,1030
Wrong for Us,513,2565
Ted Cruz,509,2544
Terrence Murphy,507,2533
Samuel Bagenstos for Justice,507,1014
When Democrats Turn Out,505,2524
Starry for Sheriff,501,1003
WANE 15,501,1002
Jim Tedesco for Bergen County Executive,500,2499
Brett Hightower for Warren County Sheriff,499,997
Wendy Rogers,497,2487
Kevin Yoder,497,2485
Franklin County Democratic Party,496,2480
With Honor,494,2471
Barrett Davie for Illinois Senate,493,2465
Michigan Leadership Committee,492,2460
Indiana Votes,491,2456
Greg Ryan for Congress,489,978
Colleen Younger for Property Valuation Administrator,486,2429
Dishonorable Justin,485,2423
Vote No on Kelly Chambers,481,2403
Restoration PAC,478,2388
Manhattan Neighborhood Network - MNN,474,947
Mac Thornberry for Congress,470,2349
Greg Scharff,469,2347
Audubon Nature Institute,469,2347
Sacramento City Teachers Association,464,2322
Washington National Cathedral,461,922
Mallory Hagan for Congress,459,919
Do You Have A Plan To Vote On November 6th?,458,2289
Dan Nieland for Iowa Senate,456,912
Kristy Mock for Mayor,454,907
Tennessee Accountability Project,448,2242
Remember Mississippi,446,2227
Veterans and Affordable Housing Act,445,891
Vote NO on 1631,445,890
Jen Jordan - GA State Senator District 6,444,887
AFSCME Council 31,441,2205
Democracy Counts,440,880
Charleston County Republican Party,439,2194
Independent Voter,437,2184
"Tony ""Chubby"" Brown for Macon County Sheriff",434,868
Colton Black For La Plata County Treasurer,431,2156
California Progressive PAC,430,859
Harry He For Assembly 2018,429,2143
Living Free,427,2136
Jacqueline Calvert for Washoe County School Board,425,2125
Roberts for Judge,423,2117
Cliff Vacek For Fort Bend County District Attorney,423,845
Yes on 7G,418,2088
American Freedom and Opportunity PAC,418,2088
Corwyn Davis for District 4,418,835
Citizens for Justice Chutich,417,834
Russo Richmond & Walsh for Howell Council,415,830
Paul Renner,415,830
Cory Hoffman For State Rep,413,2067
Norm Needleman for State Senate,413,2064
Richard Ojeda,413,826
Jon Dumitru for Orange City Council,412,2061
Chris Stewart,406,813
Shannon Zimmerman for State Representative District 30,406,812
North Carolina Chamber,398,796
Chad Benson Show,393,1963
Iowa Secretary of State Paul Pate,393,786
For Michigan's Future,390,1949
Faith and Freedom Coalition,390,781
Keep Them Accountable,389,1947
The Holy Tribune,389,1944
Ken Richards for State Rep,389,778
Phil Robinson for Ohio,388,776
Democratic Attorneys General Association,387,775
Colin Wilhelm For Colorado,387,775
David Chiu,385,1927
Renee Gordon for Judge,385,771
Roxie Cash - Wake Board of Education,380,761
Kulkarni for Congress,379,1893
Penny for Transportation,378,756
State Representative Dominique Jackson,377,1884
Hilda For State Representative District 41,376,752
Dean Jeffries for West Virginia House of Delegates,376,751
Mike Donegan for EG,373,746
Todd White-El Dorado County Recorder-Clerk,367,735
Pavan Parikh for Judge,364,728
Justice Cindy Olson Bourland,362,1812
Everytown for Florida,354,1772
"Brent Oleson, Linn County Iowa Supervisor",354,708
Judge Lisa Allen,351,1756
Noble Energy Colorado,351,702
"Brian Hamlin for State Rep., 9th District, Norfolk County, MA",346,692
Elect William Elkins County Attorney,345,690
Michigan Coalition to Regulate Marijuana Like Alcohol,343,1714
Comer for Congress,339,1697
Re-Elect Ken Kerkhoff Versailles City Council,335,671
Charlie Norr,334,1672
SoCal Health Care Coalition,334,669
MaryEllen Odell,333,665
Elect Carolyn Long,331,663
Erin Kelley for Colorado House District 60,331,661
We The People Holsters,329,659
Bill Miranda For City Council 2018,328,655
Dave Young for Colorado State Treasurer,325,1624
Michael Garrett for NC Senate 27,322,645
Pima County Democratic Party,322,644
Charlene Fite State Representative,322,644
Greg Abbott,321,641
"Plea for a change, the Michael Bell shooting",319,638
NARAL Pro-Choice Ohio,316,1578
NY Election Update,316,632
Vamos4PR Action,316,631
For Nevada's Future,316,631
Councilmember Mike Bonin,312,624
Richard Cordray for Ohio,311,622
Josh Wilkinson for Texas House 14,311,622
The Real News Network,310,1550
"Kevin Blake, Merced City Council District 4",309,617
Utah Outdoor Partners,308,615
Lizzie Pannill Fletcher for Congress,307,1533
For Our Future Ohio,307,614
Dallas Votes 4 Kids,306,612
Andrew Gillum,305,610
Ohio Education Association,303,1517
Elect Shad Higgins Sheriff Buncombe County 2018,303,605
"Kurt Prenzler, CPA",301,1503
Hotel Workers for Stronger Communities,299,1497
Deborah Gonzalez for GA State House Rep District 117,296,1482
Sharon Hirsch for Texas HD 66,296,1479
Paul Pate for Iowa,296,593
Bill Huizenga,295,1477
IFC PAC,295,1473
Al Muratsuchi for Assembly,291,1457
Dan K Williams for PA State Representative 74th District,290,1451
Richard G. Brown PVA,290,579
FLA News Online,289,1445
NowThis Her,288,1442
Colorado Children's Campaign,287,1435
Connecticut Values,286,573
Caleb Norris for Maumelle Mayor,281,562
Vote for Colleen Turk for State Rep,280,559
Ann Fields for Iowa House,278,555
Nate Shannon for Michigan State Representative - District 25,273,546
Stanford Health Care,269,538
Terry L Calloway,267,534
Tim McClimon for Iowa HD 97,263,526
Women for Tester,262,1312
Taria Slack for IPS School Board,260,520
No Labels Action,258,517
Lee Auman for U.S. Congress,256,511
Girls Inc.,255,510
Everybody Is For Amendment 2,254,1267
Emily Randall for Senate,253,507
Harris County Democratic Party,252,1259
"Heenan for Pennington County Commission, District 5",252,503
Stand For Salmon,249,1245
You Should Know Wisconsin,249,497
Anti Tea Party MEMEs3,246,1231
"Matt Gray, State Representative",245,1223
Vote Tumulty,244,1221
News and News,244,1218
Bay County Republican Party Of Florida,243,1213
Electric Nation: Powered By Wind,241,1204
Democratic Climate Action,241,482
Bobby Khullar for Dublin City Council,240,481
Uhlenkamp for Iowa,240,480
Citizen Ed,238,1188
Swing Left,238,475
Committee to Rebuild Maine's Middle Class,238,475
Corkscrew Donald,237,1185
Sharon Girard for AZ Senate LD8,237,1184
Swatara Police Department,237,475
Matt Soper,237,475
Marty Olsen for Congress,237,474
Chris Monzel for Hamilton County Commissioner,234,468
Change Now,232,1161
Dave Suetholz,232,463
Secure Financial Advisory Group,231,1154
Leslie Cohen for NC20,231,461
The Ben Shapiro Show,230,1150
Friends of Animals,230,1150
Charlie Baker,230,459
Penzeys Spices,229,459
Greene County (Ohio) Democratic Party,227,1136
Dan Hanks for Idaho,227,1136
Miaz,226,1128
Gloucester County Democratic Committee,224,1119
Hispanic Federation,224,448
Adam Smith for Congress,223,447
Councilman Weston Lindemann,221,1104
Conservative Gear,220,1099
AK Headlamp,218,1089
Kathleen Williams for Montana,215,431
Oklahoma Attorneys Mutual Insurance Company,214,1070
Brian Meakin for State Representative,214,1070
Frank Esposito for Maryland Senate District 35,214,427
Pete Schwartzkopf for the 14th,213,426
The Nazarene Fund,212,1060
Denver Republican Party,211,1054
"Maureen Kursh Reister for Justice of the Peace, Denton County, Pct 2",210,1049
Tony Rackauckas,209,1046
Representative Kevin Koester,208,415
Survival Life,205,1027
"Re-Elect Freddie Hayes, Jr",205,1025
Justin Aguilera for United States Congress Dist.19,205,1025
SEBA,204,1019
Tom Demmer,204,1017
NowThis Politics,203,1016
Jeff Matemu,203,1013
Coalition to Protect Patient Safety,203,405
SoCal Priorities,202,404
Karl Anderson for Rutland County Probate Judge,200,399
Missouri House Victory Committee,199,994
Ben Shapiro,199,994
Voter Opinion Survey,199,398
GO Public Schools Oakland Advocates,198,396
Perry Gershon for Congress,197,393
Yarmuth for Congress,195,974
Priorities USA Action,195,974
"I'll go ahead and keep my guns, Thanks",194,969
Judge Renée,194,387
Did You Know California Congressional District 1,192,962
Christians Vote,192,958
Keith Rothfus,192,384
Kimberly Overman for County Commission District 7 - 2018,191,957
Donald J. Trump,191,954
Orman for Kansas,190,949
Harley Rouda,190,379
Rory Connell for Corona City Council District 5 2018,189,946
Aspen Snowmass,189,377
Jim Beard for Executive Council Dist. 2,188,941
Louise Valentine for State Senate,187,937
Donna Shalala for Congress,187,933
Representative Kim LaSata,187,375
"Rome4KS-Nicole Rome for KS House of Representatives, District 27",187,374
Jedediah Hinkle - Montana Senate 32,186,373
Tom Whatley,184,921
Arizona Democratic Legislative Campaign Committee,183,916
Tom Morrison,182,908
Jitendra Diganvker for Congress,182,908
Elect Karl Dean,182,364
Voters In Charge,181,904
Stop Disney,181,362
NO on 3,180,901
Greater Wisconsin Committee,180,898
Friends of Derek Kawakami,180,360
Erik Mortensen For House,179,894
Catholic Relief Services,179,894
NRCC IE,178,891
Voterland,177,887
Citizens for Ethical Representation,177,886
Chris for Ewa,177,355
We Are The Mighty,176,881
Delegate Bob Long,176,881
Sarah Smith for Circuit Judge,175,874
Debbie Peterson Grover Beach City Council Member Candidate for Mayor,175,349
AARP Florida,174,871
Roger Wicker,174,870
Economic War Room,173,866
The Kurdish Factor,173,864
Tim Kaine,172,345
Rita DeJong for Iowa House,172,344
Annmarie Jensen for Colorado,170,852
Peter Franchot,170,340
Take On America With OZY,169,844
Helen Petry Stowe for Judge - Bexar County Court 1,169,339
Voces de la Frontera Action,168,838
Play Fair Wisconsin,168,838
Ron DeSantis,168,336
Eric Householder for WV House of Delegates,167,835
It’s Our America,167,833
Doyel for Florida,167,335
Liberty Nation,166,831
Dean Murray for New York,166,829
Paul Ward for St Louis County Council District 3,166,332
Rick Edmonds,164,821
Steve Sisolak,164,820
Rewire.News,164,819
Karen Cares for New Mexico,164,819
Lawrence Zupan For U.S. Senate,164,818
John Knox White,163,326
Wyoming Wildlife Federation,162,812
Massachusetts Republican State Senate PAC,162,808
Ben Jealous,162,808
Boricua Vota,161,804
David Sterling For Arkansas,161,322
Brian Reynolds,160,799
Steve Gaynor,160,321
Dr. Yxstian Gutierrez - Mayor of Moreno Valley,160,320
Suzanne Downing,159,793
Texas HDCC,159,319
Missouri's Voice,158,791
Who is Charles Gallia,158,788
Tom Applebach for PA 134 State Representative,158,316
Smoky Mountain Values,157,786
Jennewein for Jefferson County Council,157,786
Making Every Vote Count,157,785
Cumberland County GOP,156,781
Solar Rebate,156,779
Rep. Nolan West,156,312
Student Success Matters,155,775
Dave Yost,155,775
Blue Cross NC,154,770
Janice for Congress 2018,154,769
Kilili for Congress,154,307
Cold Dead Hands,152,759
Sportsmen and Sportswomen for Tester,152,304
No On Prop 112,152,303
Clearwater Project,151,755
Sal Caiozzo for Congress RI 2nd district,150,752
Ocean County Republican Organization,150,752
E. O. Wilson Biodiversity Foundation,150,750
David Straz for Mayor,150,747
Tommy Land for Land Commissioner,149,747
Show Up To Vote,149,744
Planned Parenthood Votes South Atlantic,149,298
Shannon Bird for Colorado,147,294
Sheldon Whitehouse,146,732
Harp mortgage relief,146,732
Election Day Strategies,146,731
Cathy Albro,145,724
Jacque for State Senate,145,291
Sierra Club,145,290
Chris Miller for State Representative - 110th District,144,719
Morning In Nevada PAC,143,717
VOTE Felicia Stewart,143,716
John Bucy III for State Representative,143,716
National Foster Youth Institute,142,711
Jeffcoat for House District 81,142,710
Bedford Citizens for Fiscal Responsibility,142,710
Republican Party of Wisconsin,142,709
Orange County Democratic Women,142,708
Texas Values Action,141,707
SEMO GOP,140,701
Kristin Sunde for Iowa,140,280
Justice Nora Longoria,139,696
Paul Stoddard for State Representative: IL-70,139,694
Central City News,139,693
Arizonans for a Better Tomorrow,139,279
Common Cause New Mexico,138,691
Vote Yes for CTE for Saginaw County,138,690
Tony McCombie,138,690
Pinder Plotkin Legal Team,137,685
Greg Steube,136,682
Vote Joni Cole for District Court Judge,136,681
Vote Danner Kline,136,272
"Cecily Hazelrigg-Hernandez for WA Court of Appeals, Div I",135,676
Joe Solomon for Mayor,135,675
"New England, New Energy",134,672
MIRS,134,672
Home Improvement Deals,134,672
Lekas4NH,134,669
Karen McCallum For District Court Judge - District 26-F,134,668
"District Council 37, AFSCME",134,668
Arizona Solar Connection,133,665
Melissa Fults for Arkansas Senate,133,663
Shady Steve,133,266
NJ Health Care Voter,132,661
Jay Webber,132,660
Fight for $15,132,659
Bayonne Democrats,132,659
Kansas Values Institute,132,265
Unite America,132,264
The Collective PAC,131,657
Jake LaTurner,131,657
Truthout,131,656
Hana Ali,130,652
Ken Simpler for Delaware,130,650
Jordan for Governor,130,649
Larry Elder,129,647
Jersey Renews,129,647
Coverage of the Trump Presidency by The Epoch Times,129,646
Tim Miley,129,644
Peter Svarzbein For District 1,129,643
Doug Ericksen,128,638
K-Swiss,127,635
New Friends PAC,127,634
Justice Michael Massengale,127,633
Kurtz for Assembly,126,631
Farm Credit,126,629
Pew Research Center,126,628
Alex Bergstein for CT State Senate,126,253
Southern Oregon Priorities,126,252
Senator Tom Rooney,125,625
Riaz Patel,125,623
Keep Justice Jennifer Caughey,125,251
Lori Ann Clark for MN House 21A,124,619
Trumpiness,124,618
Stopping Socialism,123,615
Curtis Cannon 4 Nevada,123,613
Bob Beach WV State Senate,123,613
Susan Malter for Good Government,122,611
Rob Woodall,121,606
Vermont Coalition to Regulate Marijuana,121,605
Strong California,120,602
ElliottLynch4NCHouse64,120,602
Andrew Proctor for Ward 5 Alderman,120,602
Pat Burke,120,599
Atlantic Coast Pipeline,120,599
Family Survival,120,598
Dominion Energy South,120,598
Steve Grossman for Judge,119,596
Niles Niemuth,119,594
Dayna Polehanki Democrat for Michigan State Senate,119,594
The Truth about Sue Serino,119,593
Re-Elect Rob Rennie - Los Gatos Town Council,119,593
Craig Giangrande for Maryland State Senate,119,593
Betsy Anderson for Lamoille County State's Attorney,118,592
Joel Kuhlman,118,591
Rob Richardson,118,589
Reform,117,586
Kim Rosen for Maine,116,580
Stop Cronyism,116,579
Republican Committee of Lancaster County,116,578
Drew Pate for MD State Delegate - District 41,116,232
Delaware County Republican Party - Indiana,115,577
Alaska Republican Party,115,576
Jay Stittleburg for Montgomery County Judge - TX,115,575
I Love My Freedom,115,573
Alexander For Nelson County Coroner,114,571
ATPE - Association of Texas Professional Educators,114,571
Carl Krambeck for IA State Senate District 37,114,570
2atees1,114,569
The Christian Left,113,567
Katherine Ruocco for Circuit Judge,113,566
Judith Smith for Oviedo City Council Group 3,113,565
Jill Blair for Illinois,113,562
Alex Valdez for House District 5,113,227
Re-Elect Judge Vicki Carmichael,113,226
Arizona Senate Victory PAC,113,226
Concealed Club,112,561
Sheriff David Beth,112,560
Re-elect Judge Jim Murphy,112,560
Principles,112,560
Darian Moore for State Rep,112,560
The News and Why It Matters,112,559
A Greater Minnesota,111,557
"Susi Epperson for State Senate, District 19",111,552
Coalition for Humane Immigrant Rights,110,552
Scott Trotter,110,549
"Lisa ""Brewer"" Short for Collector of Revenue",109,544
Randy Hultgren,109,543
Andrew Rand - Peoria County Board District 4,109,542
AARP Washington,108,542
Councilman Jim Wood,108,541
T-Mobile Workers United (TU),108,216
Nevada Conservation Political Action,108,215
Josh Haeder for State Treasurer,107,537
Victoria Neave for Texas State Representative,107,534
John Carter,107,534
Trina Huston for Circuit Clerk,106,531
Renew Oregon,106,531
Reenie Montgomery,106,531
KSDK News,106,530
Families For Tennessee,106,530
David C Brinkley,106,530
Norman Craig for Police Jury,106,528
Chad Smith for Chancery Court Judge,106,528
Jim McGovern,106,213
Brad Whaley for Skagit County Treasurer,105,526
Re-Elect Judge Crystal Chandler,105,525
Elect John Hastings,105,524
Tony Skinner for Delaware County Sheriff,105,523
Michael McCaul for Texas,105,523
The Maui Independent,104,522
"Madeleine Leveille for State Rep for Clinton, Killingworth and Westbrook",104,521
Planned Parenthood Advocates of Wisconsin,104,520
BAZTA - Bringing Arizona To Action,104,520
Jeff Johnson,104,519
American Conservative Union,103,515
Rhodes for QAC Sheriff,103,514
Color Of Change PAC,103,205
Heather Hora,102,512
Ripley County Indiana Democrats,102,511
Dean Hrbacek for Judge,102,509
Working People Rising,102,508
David Wilson Brown for Congress,102,508
South Dakota Republican Party,101,507
The Beer Institute,101,506
Greg Walden,101,505
Andy Kostielney for County Commissioner,101,505
The Trump Prophecy Movie,101,504
Animal Matters,101,503
John Barrasso,100,502
"Mike Nadeau, Candidate for Maine Senate District 1",100,498
Senator Cecile Bledsoe,100,497
Gary Siegwarth for IA Governor,99,497
Suzanne Brown Crow for College Board,99,494
Rich Donaldson for Senate,99,493
D.S. Brown,99,198
Don Turner Jr. for VT Lieutenant Governor,98,489
Director Ed Abele,98,489
"Ketki ""Kay"" Steffen for Judge",98,488
Christmas On Knob Hill,97,487
Power2Parent,97,486
The NewDEAL,97,485
Leadership for Maine’s Future,97,484
Renew Michigan Fund,97,483
Elizabeth Heng,97,194
VoteVerhine,96,480
GMHC,96,479
Kirk Lepine for Parish President,96,478
Ken King,96,478
Larsen NC House 85,96,192
Alex McKiernan for Norris Public Power Board,95,477
Jennifer Winn for Kansas,95,476
Brown for Vallejo City Council,95,476
RISD Taxpayer Alliance,95,474
Save Our State -Colorado,94,472
Friends of EVIT,94,472
FTC PAC,94,470
Carver County GOP,94,469
Steve Berch for Idaho,94,468
Karen Sims for Solano Community College,94,468
Blumenthal Performing Arts,94,468
Stephanie Murphy for Congress,94,188
Ernesto Bejarano for ARUSD Board of Trustees 2018,93,467
Sandy Golding for Jacksonville Beach City Council District 3 Seat 6,93,466
Sean Casten for Congress,93,465
Alderman Rocky Janda for Germantown,93,465
Emily Best for PA Senate,93,464
Don't Lose Your Control,93,464
Grow Michigan’s Future,93,463
Change vs. More of the Same,93,463
Bart LeBon for State House,92,462
Texas School Alliance,92,461
Northwest Side GOP Club,92,461
Re-Elect Councilman Nick Long,92,460
Cathy Nichols for Senate,92,458
Gretchen Driskell for Congress,92,184
Kevin Burke for 1st District County Commissioner,91,457
Ryan Trundle for Congress,91,453
Yes on HH for Carlsbad Schools,90,452
Rob Bishop for Congress,90,452
Leadership Institute,90,448
Bartholomew County Clerk Jay Phelps,90,448
Joel Lee Williams-Law and Politics,89,446
Cumiskey DeSarno for NP Council,89,446
Elect Sarah Willis for Circuit Court Judge,88,442
America First Policies,88,442
Mayor Jill Dabbs,88,440
James Skoufis,88,440
ELM Action Fund,88,440
DefendArizona,88,439
"Michael Berlanga, CPA, for Texas State Representative, District 117",88,438
Hampton4CountyBoard,88,438
Julie Reiley for Board of Education,87,437
Tina Folch for MN House 54B,87,436
Proud Right Winger,87,436
Lauren Morris For House 2018,87,436
Lauren Baer for Congress,87,436
Paul Day for VB School Board,87,433
Choose Me Not 3,87,433
Paganelli Law Group,86,431
Jason Lewis,86,431
Steve Russell,86,429
Lehigh Acres Community Council,86,428
The Fourth Corner,85,427
Senate Leadership Fund,85,426
Re-Elect Sheriff Don Jones,85,425
The Voter Participation Center,85,424
Save Your Home Now,85,424
Paul Johnson for Wyoming House,85,423
Complete Sherrie,85,423
Kelly Morrison for Minnesota House - District 33B,84,422
Kari Nacy for Leesburg Town Council,84,422
Joe McBride for State Supreme Court,84,421
Paul Walker for Congress,84,420
"Chris Phillips, Candidate for WV House of Delegates, 47th District",84,419
Know Colorado,84,168
Verelyn For Maryland,83,417
Ray Ranker,83,417
William Cogswell Jr.,83,416
Senator Kelli Stargel,83,413
California Is Under Attack,83,165
Laurie Pryor for State Representative,82,412
Dave Brat,82,412
Butler County Alabama GOP,82,410
Drugs as Weapons Against Us: The CIA War on Musicians and Activists,82,408
David Oro for City Council,82,407
Residents for Effective Green Government,81,407
Jimmy Alexander for Mayor,81,407
Jeff Harting for Pike County Recorder,81,407
Nick Lampson,81,406
Helena Webb for MO State Rep - District 100,81,406
You Should Know Pennsylvania,81,405
Annie Rabbitt for Senate,81,405
John Fredrick for The Dalles City Council,81,404
Minnesota's 7th Congressional District DFL,81,161
Stonewall Democratic Club,80,402
Jeffrey M. Jacobson For DuPage Judge,80,402
Susan Brooks,80,401
March On South Carolina,80,401
"Woodruff, D'Aquila & Greco for Berkeley Heights",80,400
Stuart Moss for State Representative,80,400
Ryan Martz for South Carolina House District 120,80,399
Carolyn Bourdeaux for Congress,80,399
BlueCross BlueShield of South Carolina,80,399
Dick Barr for Lake County Board Dist. 3,80,398
Vote Out Mike,79,397
Linda Gorton For Mayor,79,397
Kendall Scudder for Texas Senate,79,396
Bobby Hall for Franklin Co. PVA,79,396
Tiffany Grove for Hinds County Chancery Court Judge #4,79,395
Joe Early Jr for District Attorney,79,395
Joe Cunningham,79,395
Jeff Triplett for Sanford Mayor,79,395
Jerry Costello II for State Representative,79,394
LORI SCHEIN FOR JUDGE,78,392
Zach Courser for Claremont City Council,78,391
State Representative Martin Daniel,78,391
Liz for Indiana,78,391
Jessica Gomez for Oregon Senate,78,390
Autumn Salazar,78,390
Kayla for Iowa,78,389
"Nancy Carlton Bendinger, Candidate for Alabama Senate District 27",77,386
"Vicki Strong for House, Orleans/Caledonia",77,385
Make HIM Great,77,385
The Leadership Conference on Civil and Human Rights,77,384
Re-Elect Joe Gamble for Talbot County Sheriff,77,383
Mark Walker,77,383
Vote YES for LO Schools,76,382
Kevin Brady for Congress,76,382
SDSU WEST,76,381
Our Flag Our Country,76,381
Mike Rasor,76,380
FogHorn,76,380
Chris Birch for Alaska,76,380
Sarah Elfreth for Senate - District 30,75,377
Adelita4TUSD,75,377
FutureinAmerica,75,376
Center for Arizona Policy Action,75,376
John Barnes for HD 89,75,375
Brooks For Long Island,75,373
Kevin Cramer,74,372
Attorney General Bob Ferguson,74,372
Susana A. Mendoza,74,371
Leasecoolstuff,74,371
Civil Justice Association of California,74,371
Brian Strickland for Georgia,74,370
Aaron Gladd for State Senate,74,370
You Should Know Texas,74,369
Justice Barbara Jackson,74,369
Dr. Eliz Markowitz for Texas State Board of Education - D7,74,369
Catholic Diocese of Saginaw,74,369
Mario Lotmore for Washington State Senate,74,368
Louisiana Association of Educators,73,367
Apex Clean Energy,73,366
Vote Out Jim Synder,73,364
Representative Tim Josephson,72,360
US Solar Initiative,72,359
Bera for Congress,72,358
Maine Voter Info,71,357
Dr. Dakota Carter for Friendswood ISD School Board,71,356
Civic Shout,71,356
Andy Richardson for House District 69,71,356
PenediMaio4StateHouse,71,353
Michael Sussman for Attorney General,71,353
Ryan Carter For State Representative,70,352
DeWitt County IL Democratic Party,70,352
A. Blair Dunn for New Mexico,70,352
Cumberland County Democratic Party(NCDP),70,351
Mary Pat Donnelly for DA,70,349
David Polivy for Truckee Town Council,70,349
35th PAC,70,348
Tabitha Isner for Congress,69,347
Leo Biasiucci Republican Candidate for Arizona House of Representatives LD5,69,346
Bob Woerner for Livermore City Council 2018,69,346
National Union of Healthcare Workers,69,345
32BJ SEIU Florida IE,69,345
Merritt Wiseman for City Council,69,343
Alex Kaufman,69,343
Gary Trauner for U.S. Senate,69,138
Ed Scott for Rialto City Council 2018,68,342
Karl Bickel for Sheriff,68,341
Jeff Denham,68,340
Delegate Riley Moore,68,340
Bob Casey,68,340
Elect Knecht for AZ Senate,68,339
Stop the Liberals,68,338
Kari Birdseye for Benicia City Council,68,338
Don McCann - Libertarian for Penobscot County Commissioner - District 2,68,338
South Bay Labor Council,67,337
"Evlyn Andrade-Heymsfield for Santee City Council, District 1",67,337
"Cynthia Flores for Texas State Rep, District 52",67,337
Utahns For Balanced Government,67,336
My Faith Votes,67,335
Rootstown Citizens Levy Committee (RCLC),67,334
Mari Manoogian for State Representative,66,332
Anne Osmundson For Iowa House,66,332
Sunny 98.1,66,331
Jacob Grant for Richmond City Commission,66,329
Dallas For Mayor,66,329
Lawrence Goldfarb Criminal Justice Partners,65,327
PVC Pipe Association,65,326
Kansas Chamber PAC,65,324
Ian Todd for Congress,64,322
Wayne Williams for Colorado Secretary of State,64,320
Strange Up Salem,64,319
Wisconsin Budget Project,63,316
Zsenia,63,315
LiveWell Colorado,63,315
Jessica de la Cruz for Senate 23,63,315
Joe Buck for Metro,63,314
Calvin Ball,63,314
Paloma Saucedo for City Council,63,313
Peter PETRIGNO for NH State Representative,63,312
Harry Ennis,62,312
Be A Hero,62,312
Delegate Eric Nelson,62,311
Allan Creasy,62,311
Kate Brophy McGee - State Senate,62,310
CREDO Mobile,62,310
SQ 801 for Local Classrooms,62,309
Chris Freeland for State Representative,62,309
Marc Kilmer for County Council,62,308
James Dolan for Alabama House District 1,62,308
Southern Coalition for Social Justice,62,124
Institute for a Progressive Nevada,62,123
Coalition for Affordable Energy New Mexico,62,123
Kirk Lepine,61,307
Team Richmond,61,305
Balance NY,61,305
Nino Mangione,61,304
Mike Bloomberg,60,302
Carolyn Rice,60,302
Tennesseans For Common Sense PAC,60,301
Jessica Ellison Thomas for Madison County Board - District 5,60,300
Elect Chris Hale,60,300
Lori Egan for Iowa House,60,299
Kyle Kacal,60,299
Randy Haun for State Representative District 31,60,298
Publicsquare.net,60,298
Rob Rhoderick for State Rep,59,297
Jennifer Konfrst for Iowa House,59,297
Wiley Nickel For North Carolina,59,296
Vote for Shannon,59,293
Senator Tom Lee,58,291
Patty Pat Kozlowski for State Representative 177th,58,291
Karin Derry for Iowa,58,291
Guillermina Gonzalez for Delaware,58,291
John Katko for Congress,58,289
GoodJudges,58,289
"Yvonne Martinez Beltran for Morgan Hill City Council, 2018",58,288
Kelli Butler for Arizona,58,288
John Taylor for City Council,58,288
Vote Frank Barragan for San Benito Health Care District Zone 2,58,117
Talley Sergent,57,287
"Ralph Velador, Palmdale School Board Member",57,286
Patagonia,57,286
Our Colorado Values,57,286
Doug Arnold,57,286
Elect Paul Ross,57,285
Eagle Point School District 9,57,285
SLO County Votes,57,284
Maine Conservation Voters Action Fund,57,284
Human Coalition,57,282
"Sarah Schulz - Candidate for State Rep, Michigan 98",56,282
SLO County Progressives,56,282
Rep. Steven Smith,56,282
Military Network,56,282
Friends of Roger Goodman,56,282
Dr. Danielle Mitchell for US Congress TN-3,56,282
Councilman Isaac Yitzy Schleifer,56,282
Zachary York for Assistant Judge,56,278
Live Springdale,56,278
James Smith,56,113
Theissenforparkhills,55,277
Monongalia County Democrats,55,276
Best Medicare Supplement Rate,55,274
Amelia Taldo-Williams,55,274
National Security Action,54,272
Global Citizen,54,271
Jimmy Panetta for Congress,54,270
Kanew for Congress,54,269
Friends of Jillian Guthman,54,269
Care2,54,269
Ben Lawson for State Representative,54,269
Our Revolution Mid-Missouri,54,268
No to Question 3 - Culpeper,54,268
Gabby Salinas for TN Senate- District 31,54,268
Chuck Clemons,54,268
Tim Walberg,53,266
Marcus Wiedower for State House,53,266
Pat Snyder for the 85th Assembly,53,265
Right To Know Colorado,53,264
Dan Patrick,53,264
Konni Burton,53,263
Sandra Kennedy,53,106
Colorado Resistance,53,105
Vets For Jess,52,262
Arkansas Federation for Children Action Fund,52,262
Jim Sorvillo for State Representative,52,261
Rincon Valley Fire Board 2018,52,260
Rozan4Clerk,52,259
Beth Llewellyn McLaughlin,52,258
FloridaStrong,52,104
Treva Hodges,51,256
Alexandria Ocasio-Cortez,51,256
Ryan Toussaint,51,255
Formica for Senate,51,255
Riverside County Sheriff Stan Sniff,51,254
Scott County Democrats,50,252
I Heart Pisgah,50,252
Cathy McMorris Rodgers,50,252
Yes on Prop 10,50,250
Anesh Bengivenga Wolak,50,250
Reform Fargo,50,249
Equality Florida Action PAC,50,249
Elect Mike Gaskill,50,249
Not My Lawyer,50,248
UP Progressives,49,247
South King County Deserves Better,49,247
Multiply Your Vote,49,246
Renee Hoagenson for Congress,49,245
Workday Minnesota,49,244
Liberal Lauren Underwood,49,244
Aaron Thomas for Gallatin City Council,49,244
Chip Evans for Washoe County Assessor,49,243
John Parker,49,242
Stand for Children - Louisiana,49,98
What's Up Media Network,49,97
Councilman Rob Bengivenga,48,240
Tyrel Clark for House,48,239
Jen Metzger for NY Senate,48,239
Jim Bradley,48,238
Jason Paul for Central Unified Trustee Area 1,48,238
American Federation for Children Action Fund-GA Legislative IE Committee,48,238
WHO is James Skoufis?,47,237
No Prop 8 - Stop the Dangerous Dialysis Prop,47,237
"Walker Wood Thomas, KY State Representative, District 8",47,236
Terry Johnson For City Council 2018,47,235
Terry Brewer For Grant County PUD,47,234
O'Brien for Iowa House District 21,47,93
Democrats for Education Reform DC,47,93
Kansas Democratic Party,46,232
Jeff Desmarais for State Representative,46,229
One Santa Ana,45,227
Rob Davidson for Congress,45,226
America First Action,45,225
Nogales Community Development,45,224
Anthony D'Urso for Assembly,45,224
Maura Healey,45,223
"Luis ""Lucho"" de la Cruz for Mayor of Key Biscayne",45,223
Cannon River Civic Center,44,222
"Yes on Prop E: Arts for Everyone, Doesn't Raise Taxes",44,221
Warrenton-Hammond SD,44,221
Marty Wilde for Oregon House District 11,44,221
Enough Is Enough Voter Project,44,218
The Dirt on Diep,43,217
Princeton Students of Salaam,43,217
Owen County Councilman Anton Karl Neff,43,217
Magic City Casino,43,217
PP Pennsylvania Advocates,43,216
Laborers Building a Better New York,43,216
"Jeanne Swanton for School Board, Dist #2",43,215
Linda Fields for Pennsylvania Senate,43,214
Ron Estes,43,212
You Should Know Arizona,42,211
Kentuckians for Strong Leadership,42,211
Faith In Minnesota,42,210
Family Friendly Action Fund,42,209
Wesley Harris for NC,42,208
Donahue for State House District 68,42,208
Texas AFL-CIO,41,207
Gregg Gustafson for Iowa House,41,207
Brian Lyew for Bentonville City Council Ward 4,41,206
Wolf Croskey for Pittsburg City Council,41,205
Stand with Parkland,41,204
Fauzia4Corona-District4,41,204
Delegate Jennifer B. Boysko,41,204
County Above Party PAC,41,83
Marsy's Law for Nevada,40,201
Florida Sheriffs Association,40,199
Phil Young for State Representative,40,198
AFL-CIO,40,198
Liz for PA,39,197
Chris Harrell 4 Tulare City Council,39,196
Hammonton First,39,194
Aaron Lieberman for Arizona,39,194
Warsaw community,39,193
Jena Griswold for Colorado,39,193
Pippin Mader for NTPUD,38,192
Dan McCready for Congress,38,192
ACLU of Oregon,38,191
Williamson County Republican Leaders Organization,38,190
Representative Norlin Mommsen,38,190
Cutter for Colorado,38,190
Chicago Humanities Festival,38,190
Eric Bromwell,37,187
Dallas Lawrence for School Board,37,186
Planned Parenthood Minnesota Advocate,37,185
NRDC Action Fund,37,184
Liman Mimi Hu for Great Neck Library Trustee,37,184
Ken Muñoz for Director,37,183
Women For Civility,37,73
Kelley for Senate 13,36,182
Greg Reed,36,182
Citizens for Frank Teunissen,36,182
Goodwin For Terre Haute,36,181
The People Votes,36,180
Kelly Moller For Us,36,179
Powercaaction,35,177
"Representative Daneya Esgar, HD 46",35,175
Mathylde Frontus For NYS Assembly,35,175
Mary Robnett,35,175
Jimmy Stephens for Sheriff 2018,35,175
Heifer International,35,175
Robert Mark Ihrig,35,174
NYC Votes,35,174
Lights On New Mexico,35,174
Cindy Goldberg for CVUSD School Board 2018,35,174
Woolwich Township Democrat Club,35,173
Melissa Derrick - Re-Elect to San Marcos City Council Place 6,35,173
Matt Miller For Lamar County School Board District D,35,173
Joanna Cattanach for Texas State Representative HD108,35,173
Kiaaina for OHA,35,71
NARAL Pro-Choice America,35,69
Nevada Values PAC,34,172
Neighbors for a Safer Kirkland,34,172
Ben Queen,34,172
Aaron Ammons For County Clerk,34,172
Joseph “Joe” Webb for NC Senate District 6,34,171
Justin Brock,34,169
Everytown for Lucy McBath,34,169
Ned Lamont,34,168
Change for El Centro,34,168
Bridget Ertelt for State Representative,34,168
PowerThru Consulting,34,68
Scamazon,33,167
Reelect Derek Reeve for San Juan Capistrano City Council District 3,33,167
Joseph Widner,33,167
Geoffrey Cauble For GA,33,166
Loren Taylor for Oakland City Council,33,165
De-Escalate Washington,33,165
Representative Bobbie Richardson,33,164
Our Kids 1st - Our Schools Now,32,162
Kansans for a Better Future,32,162
High Ground,32,162
Polaris,32,161
Hillman B2,32,160
Great Schools Now,32,160
Jude Cazares for NLM School Board,32,64
JD Wooten for NC Senate,31,157
International Fund for Animal Welfare - IFAW,31,156
Deb Conroy for State Representative,31,156
Family Friendly PAC,31,155
Committee To Elect Roxanne Fixsen for Judge,31,155
Carter Turner for Delegate,31,155
Action Against Hunger USA,31,155
DC Dunham for MC Navigation District #1,31,153
American Values PAC,31,153
Paul Evans,30,151
No Prop 6,30,151
Conor For Colorado,30,151
"Re-Elect Mayor Pete Saenz - Laredo, TX",30,150
Save Our Schools Arizona,30,149
Kaumo for Mayor,30,149
Steve Schuh,29,146
Maria Cantwell,29,146
Stephen McNally for Mayor,29,144
Christian Burridge for State Senate,28,142
Asele Mack for Justice of the Peace,28,142
Kathy E. Gill,28,141
Care Voters of Minnesota,28,141
Kersgaard for Jeffco,28,140
Blue Minnesota,28,140
"Sherri Allgood for Mayor of Troy, NC in 2018",28,139
Christine Porter Marsh for Arizona,28,139
Fett for Iowa,28,138
Colton Firefighters Local 935,28,138
FISD Forward,27,136
UAW International Union,27,135
Megan Beaman-Jacinto for Coachella City Council,27,135
Government in Your Doctor's Office,27,135
We the People - Pennsylvania,27,133
Kalie Work for Recorder,26,131
Emma Pinter for Adams County Commissioner,26,131
Josh Myers for Soil & Water Supervisor,26,130
Sally Russell for Bend Mayor,26,129
Voters - Not Politicians,26,128
Oregon Education Association,25,127
New Hampshire Democratic Party,25,127
Kerr County Democrats,25,127
Heather Matson for Iowa House,25,127
Dunleavy for Alaska,25,127
Citizens for a Strong Franklin County,25,127
Housing Opportunities Made Equal of Virginia (HOME),25,126
Justin Fortner for Campbell County Commonwealth Attorney,25,125
Mike Weissman,25,124
Andrew Werthmann,25,124
ACLU of Colorado,25,124
Conservation International,25,123
Michael C. Paige,24,121
Harry Sidhu for Anaheim Mayor,24,121
Will Conley,24,120
ACLU of Minnesota,24,120
Soderholm Insurance Services,24,118
Megan Epperson,23,117
Steve Dickson for Medford,23,116
Rochester Families Forward,23,116
Turning the Tide,23,115
John Russo for Mayor of Orange 2018,23,115
John Dailey For Mayor,23,115
Paul Lilly for Brown County Judge,22,112
No Kid Hungry,22,112
John Huot for Minnesota House,22,112
A Stronger Vermont,22,112
City of Tacoma Government,22,111
Senator Spineless Dean Heller,22,110
Transparency in Education for Westwood Regional School District,22,109
Laura for Superior,22,109
Expect More Arizona,22,109
Jon Tester,22,108
ARmindsMatter,22,108
Heidi Kirk for District 5,21,107
Orphan Relief and Rescue,21,105
Erin Oban,21,104
Trout Unlimited Alaska,21,103
Planned Parenthood Advocates of Indiana and Kentucky,21,103
Hategraphs,21,41
Perry for Kansas,20,100
Vote Yes! for Saint Paul Kids,20,99
"Yemi ""Larry"" Kings for Hinds County Court Judge, Dist. 3",20,98
Ben & Jerry's,20,98
Jason Osterhaus,19,97
Whiteside for Richmond County Board of Ed,19,96
Florida Education Empowerment PAC,19,96
The Beat by Manhattan Institute,19,95
FreedomWorks,19,94
Brittany Burback,19,94
Bob Hugin,19,38
Neal Pann for Livermore,18,91
Gus for the 47th Ward,18,91
Weaver for Iowa,18,89
PlayCleanGo,18,89
Paradigm Moving Solutions,18,88
Andrew Dixon for PA 29,18,88
Educators for Thurmond for State Superintendent of Public Instruction,17,87
Campaign to Elect BLAKE ADAMS for Collier County Judge,17,87
Sunday Gover for Assembly,17,86
IOOGO,17,86
Teaching Tolerance,17,84
Dr. Norman Quintero for Perris School Board,16,81
Hugh Hewitt,16,78
Friends for Patrick Vincenti,15,77
North Dakotans for Public Integrity,15,76
Vote New York State Senate,15,75
Brenda Gilmore for Senate District 19,15,75
Alyia Marie Hakim for Judge,15,73
CVNM Verde Voters Fund,14,72
Jessica Ho 何鐘靈 for Supervisor,14,71
Dee Oliver for Virginia Beach City Council,14,69
Save Idaho Horse Racing,14,68
Richmond Urban Dance,13,67
Republican Governors Association (RGA),13,66
Alliance for a Better Minnesota,13,66
Tim Kearney For PA,13,64
Emily Sirota for House District 9,13,64
David Lossing for State Rep,13,63
Santana for Fair Lawn Board of Education,12,61
Rural Progress,12,60
Sean For Larimer County Commissioner,12,58
Mark McDonald for NM State Representative,11,57
EllynJeager4ga,11,53
Domingo DeGrazia for Arizona House,10,52
Gene DiGirolamo for State Representative,10,19
Independence USA,9,47
Bill Person for Hillsborough County School Board,9,47
Indivisible Guide,9,46
Stephanie Gharakhanian For ACC,9,44
Reform Austin,8,40
Premier Health,8,40
Office of South Carolina Treasurer Curtis Loftis,8,38
Josh Lowenthal,8,38
LJ Bryant,7,36
Arizona Ballot Guide,7,35
Advanced Energy Economy,7,35
Jennifer Jermaine for AZ LD18 House,7,34
Planned Parenthood Votes Colorado,7,33
Sharon Quirk-Silva for State Assembly 2018,6,32
Captains for Clean Water,5,27
Sonja Trauss,4,22
We Are ALPA,4,21
Lindy Miller for Georgia,4,20
Wisconsin LGBT Chamber of Commerce,4,19
Free to Be Kids,4,18
WNV - North Dakota,3,16
The McKinney Law Group,3,15
Maricopa County Young Republicans,3,15
Brian Watson for CO Treasurer,3,6
Liuba Grechen Shirley-Congress,2,12
Coloradans for Fairness,2,10
Angie Craig,2,10
"1,000 Days",2,10
Little Feminist Book Club,1,4
Virginians for Better Transportation,0,999
United States Holocaust Memorial Museum,0,999
TribLive,0,999
Tom Wolf,0,999
Susan Young for Forest Lake Mayor,0,999
Stanly County Democratic Party,0,999
Shireen for Congress,0,999
Senator Carl Marcellino,0,999
Rodney Davis,0,999
Rice Divorce Team - Dedicated to Solving Family Law Matters,0,999
Reproaction,0,999
Protect My Vote,0,999
New Jersey Democratic State Committee,0,999
Mike Berry for Stevens County Sheriff,0,999
MedicareSupplement.com,0,999
Mayor Rich Tran,0,999
Massachusetts Republican Party,0,999
Mark Uncapher,0,999
Marc Molinaro,0,999
Lakewood Watchdog,0,999
Kathy McGuiness for Auditor,0,999
Judge Emil Kiehne for New Mexico Court of Appeals,0,999
Josh Revak for House,0,999
Jobs for Montana PAC,0,999
Huntington Republican Committee,0,999
East Granby Democrats,0,999
EDF Action,0,999
Democratic Party,0,999
Conversations with Bill Kristol,0,999
Charlie Reynolds for House of Delegates,0,999
Arizonans 4 Affordable Electricity,0,999
Arizona Truth Squad,0,999
ACLU,0,999
End Polio Now,0,749
45 Hats,0,666
Tennessee Citizens,0,651
Kyrsten Sinema,0,628
The Power of Zero Movie,0,599
NRA - National Rifle Association of America,0,599
Elizabeth Warren,0,522
Vote4Rob,0,500
Pete Visclosky for Congress,0,500
Michigan Republican Party,0,500
Mary Fay for CT State Rep,0,500
Laxalt Taking Nevada Backward,0,500
Judge Dawn Gentry,0,500
Jeff Merkley,0,500
Eric Bolling,0,500
Elect Marlys Davidson to School Board,0,500
Defeat Wacky Wexton,0,500
Chung Bothwell for Livermore School Board,0,500
Background Check: Lee Zeldin,0,500
Alliance for Retired Americans,0,500
CBS Local,0,469
Aaron Starr for Oxnard Mayor,0,466
LDS Dems,0,461
The National Memo,0,458
Science for Humans and Freedom Institute,0,454
Progress Michigan,0,400
Krista Bernasconi for Roseville City Council,0,400
Catherine Falk Organization,0,400
Amazing New Tech,0,400
Medicare Made Simple,0,386
The Patriotic Mint,0,375
Our Values,0,375
Clearing out the Clutter,0,361
Block Bronx Bolshevik,0,353
"Ryan Doyle, CPA",0,334
Valarie Stevens Insurance Advisor,0,333
Retirement You Workshops,0,333
NTK Network,0,333
"Marion ""Coach"" Bonura Jefferson Parish School Board District VIII.",0,333
Lenny Dykstra,0,333
Jennifer Benson for NC House,0,333
J.D. Mesnard,0,333
Holly Budd for Commissioner,0,333
Henry McMaster,0,333
Dallas Jewish Monthly,0,333
Crystal Canney for Senate District 27 - Portland,0,333
Cindy for WV,0,333
Chicago Council on Global Affairs,0,333
Bob Morrison,0,333
Alliance for Michigan Power,0,333
Republican Party of Texas,0,320
Angry Democrat,0,320
Wisconsin State AFL-CIO,0,318
"Bless This House, Heal Your Energy, Heal Your Life",0,313
45th President Donald J. Trump,0,302
Republican Assembly Campaign Committee (RACC),0,300
Relationship Recovery,0,300
Turning Point USA,0,293
Flaherty For Judge,0,290
Dont California Our Nevada,0,285
Democrats Need to Vote,0,285
Perspective Wealth Planning,0,280
Grow Louisiana Coalition,0,276
Laura Devlin for State Representative,0,272
Matt Swenson for District 57A - Minnesota House Of Representatives,0,268
Peterson Institute for International Economics,0,267
Andrew Wilkow,0,265
The Joe You Don't Know,0,263
West Whiteland Democrats,0,261
Texas Public Policy Foundation,0,261
Island County Republican Party - GOP,0,259
Buress For Assembly,0,259
Bob Menendez for NJ,0,259
eq.eco,0,256
Citizens Against Foreign Interference,0,256
ThoughtFull,0,255
peacebuttons,0,253
Karen Kwasny for City Council,0,253
Vote Cara McClure for PSC Place 1,0,250
Verity Speeks,0,250
Sue Hatfield for CT Attorney General,0,250
Sharice for Congress,0,250
Sandra Oachs for North Mankato City Council,0,250
Re-elect Representative Karen Kwan: District 34,0,250
Perry Miller for ND Senate,0,250
Patriot Majority NM,0,250
Jeremiah Schenerman for Cape May County Freeholder,0,250
Jen Caissie,0,250
Experience Matters with Drew Berquist,0,250
Elect Joseph Durr For Chancery Judge,0,250
Darcy Richardson for Governor,0,250
Collins for County Commission,0,250
Captain Ford,0,250
Business Forward,0,250
All Politics Is L̶o̶c̶o̶  Local,0,250
Alaska Local News,0,250
State Rep. Doug Dubitsky,0,243
Patriot Depot,0,242
WallStreetWindow.com,0,241
Kennedy4Colorado,0,241
Capstone Financial,0,240
Judge Ben Souede,0,238
Jeff Weninger,0,236
Central Valley Citizens for Responsible Government,0,234
The Mackinac Center for Public Policy,0,233
Lebowski Lovers,0,233
Together We Thrive,0,232
Tonia Khouri,0,231
The West Virginia Record,0,231
Gaylin for Judge,0,231
your NEWS,0,230
Sustainable Politician Project,0,227
Best Medicare Plans,0,227
Michigan Capitol Confidential,0,223
Fix Our Damn Roads,0,223
Pam Rocker,0,222
Freedom Action Network of South Carolina,0,221
Race and Grace,0,220
Power Past Impossible,0,220
Phil Bredesen,0,220
Resist Trump's agenda,0,217
Progressive Reality Check,0,217
Eddie Zipperer,0,217
Ron Wright for Congress,0,216
Ribotsky Institute,0,216
Joeknowsjaxbeach - Vote Joseph Loretta,0,214
Jared Henderson for Governor,0,214
Political Storm,0,213
WINCLAIR,0,212
Tricia Krenek for County Court at Law No. 3,0,212
Keith Ellison for Attorney General,0,210
Cliff Notes by Mike Clifford,0,210
William Tanoos for Congress,0,209
Geneva Township Republican Central Committee,0,208
Your Energy,0,207
We're Just Here to Help,0,205
Josh Gottheimer for Congress,0,205
Thieves in the Temple,0,204
Elect Kevin FitzGerald,0,202
FloridaPolitics,0,201
Center For Progressive Urban Politics,0,201
iSideWith.com,0,200
Warnock4Oregon,0,200
The Western Journal,0,200
Personal PAC,0,200
Niki O'Neal for Ada County Coroner,0,200
Mike Quigley,0,200
Melanie Whitfield For House,0,200
Majority Forward,0,200
Leah Vukmir,0,200
Indianapolis Prize,0,200
Howland for School Board,0,200
Daniel Tucker for Chancery Judge District 1,0,200
Al-pam Republican Club,0,200
The Conservative Read,0,198
Dale Weddle for Pulaski County Judge Executive,0,198
Not Friends of Sue Henry,0,197
Michael Knowles,0,197
Americans for Food and Beverage Choice,0,197
The Facts,0,196
GOPAC,0,196
14th District GOP of Georgia,0,195
Jason Plummer,0,194
Kelly Northcutt for State Senate,0,193
Rand for Judge,0,192
Matt Deneen - E-town City Council,0,192
Learn Our History,0,190
America Fighting Back PAC,0,190
Skippack Township Supervisor Nick Fountain,0,189
Wellness.com,0,187
Vote John Harber,0,187
Tannery For District Attorney,0,187
Scott Wagner,0,187
Connecticut Republican Party,0,185
Clay Moïse for School Board,0,185
Families First New Hampshire,0,184
Committee to Elect House Republicans,0,184
Rutland County Democrats,0,182
Phil Phelps,0,182
McCauley For Congress,0,181
Kamala Harris,0,181
Collum for LT Governor,0,181
Trumpatwar,0,180
Councilman John Moss,0,180
Kevin Avard for NH State Senate,0,179
Finance Watchdogs,0,179
Democratic Coalition Against Trump,0,179
Idaho Republican Party,0,178
Tennessee Republican Assembly,0,177
Saved By Nature,0,177
Les Farnum for State Representative,0,177
Mark Lounsbury for State Senate,0,176
Jim Klenc for State Representative,0,176
Ambassador Delano Lewis,0,176
Trump 2020 Wear,0,175
EVANS for ME,0,175
Nevada State Democratic Party,0,174
Michael Medved,0,174
Friends of the IDF (FIDF),0,174
The Laughing Jackass,0,173
Retirement Elevated,0,173
Oraynab Jwayyed for House District 82,0,172
Delegate Nic Kipke,0,172
Retire-Wiser,0,171
McKean County Democrats,0,171
Associated Fire Fighters of Illinois,0,171
Patch of Heaven,0,170
Labor Guild,0,170
Jason Saine for NC House,0,169
Doug Maesk for Tamarac City Commissioner District 4,0,168
Brady PAC,0,168
Yes to Affordable Groceries,0,167
Solar Energy Today,0,167
SmartOnboarding,0,167
Representative Bryan Zollinger,0,167
Politically Pro Ag,0,167
"L. David Patterson, City Treasurer",0,167
Honoring Our Veterans,0,167
Home Energy Guide,0,167
Aimee4Ridgefield,0,167
"President Joe Shirley, Jr.",0,166
In Search of Liberty,0,166
St. Joseph County Democratic Party,0,164
Delbert Hosemann,0,164
Dave Schatz,0,164
Abich Financial Services,0,164
Senior Choice Financial,0,163
Elect Dr. John Cox for State Superintendent,0,163
Sergio Rodriguez,0,162
Rodolfo Cortes Barragan for Congress,0,162
Ebony & Ivory 411 Talk,0,162
Amy Martin For Judge,0,162
Refugee Women's Alliance (ReWA),0,161
Get the Facts on Pete Harckham,0,161
WV Citizens for Clean Elections,0,160
Miguel Carrillo,0,160
Laura Shaffer For Circuit Court Judge,0,160
Representative Barbara Ehardt,0,159
Paul Hepperla for Victoria City Council,0,159
Grafton Democratic Town Committee,0,159
State Auditor Mary Mosiman,0,158
Paula Ryan for Mayor of West Palm Beach FL,0,158
Molle & Alice,0,158
Josh Guillory for Congress,0,158
Drew McKissick,0,158
David N. Cicilline,0,158
"Association of California Cities, Orange County",0,158
Royalty Owners and Producers Education Coalition,0,157
Melissa Gravitt for Judge,0,157
Representative Lee Perry,0,156
Let Us Vote For A Balanced Budget Amendment Citizen's Campaign,0,155
Honolulu County Republican Party,0,155
Cindy Hyde-Smith,0,155
Mr. Free,0,154
Michael Quinn Sullivan,0,154
Libby Fischer Hellmann,0,154
Friends of Warren Miller (Delegate 9A),0,154
BreakPoint,0,154
Sarah Fox for City Council,0,153
Re-Elect Mayor Joe McComb,0,153
PowerSol USA,0,153
Chuck Kitchen for Court of Appeals,0,153
GOEBEL Insurance & Financial,0,152
Alaska district 31 alert,0,152
Adam Greenberg for Senate,0,152
David Smith for State Representative,0,151
Wes Williams for Judge,0,150
Tom Steyer,0,150
The People's Trumpet,0,150
Molder for Mayor,0,150
Committee to Elect Perry Ryan,0,150
Abdelnasser Rashid for Cook County Commissioner,0,150
Brill for Congress,0,149
Paul Hamlin,0,148
Anthony Beckford For State Assembly,0,148
Tori Talks TV,0,147
The Market Urbanism Report,0,147
Santos For Congress,0,147
Bill Baber: La Mesa City Councilmember,0,147
Rob Bridger for Ormond Beach Mayor,0,146
Residents for a safe Ocean Drive,0,146
Lyle Larson,0,146
Jessica Morse,0,146
Chris Gorsek,0,146
Orange County GOP,0,145
Mark Lynch For Register of Wills,0,145
Ax The Bev Tax,0,145
Solutions Not Politics: Lennick & Parkanyi,0,144
Marshall County Democratic Party,0,144
Friends of Mary,0,144
Mike Oliverio for Senate,0,143
LCV Victory Fund,0,143
Hilary Unger Democrat for 248th District Court,0,143
For Our Future,0,143
DiversityInc,0,143
Congressional Black Caucus PAC (CBC PAC),0,143
Citizens for Positive Change in Verona,0,143
Allison_4Schertz,0,143
A Greater Madison Vision,0,143
Mike Pusley For County Judge,0,142
MasterClass,0,141
"Linn County Republican Party, Oregon",0,141
Bill Rickert Fort Bend County Treasurer Elect,0,141
WRFI Community Radio,0,140
Vote Sarah Vance,0,140
Mike O'Neill Pacifica City Council 2018,0,140
Kasoff for County Executive,0,140
Bill Peach for County Commissioner,0,140
"William ""Bill"" White",0,139
Vote Frenzy,0,139
USA Energy Program,0,139
Tewksbury Republican Town Committee,0,139
Mid-Cities Democrats,0,139
EMS Contracting,0,139
Conservation Colorado,0,139
Natural Resources Council of Maine,0,138
JFK Referendum PAC 2018,0,138
Colby for Town Justice,0,137
Tom Gorenc for Missouri,0,136
Taiba Sultana,0,136
PrintedKicks,0,136
Johnny Johnston for Mayor 2018,0,136
Jim Beck for Insurance Commissioner,0,136
Green Matters,0,136
Your Energy Virginia,0,135
Maria Weekes For Judge,0,135
Heidi Carroll for Medina County Domestic Relations Judge,0,135
Elect Matt Shelby,0,135
Elect Margaret Staggers 2018,0,135
Dinesh D'Souza,0,135
Conservative News,0,135
Pina Prinzivalli for State Representative,0,134
Elect Rich Cramsey,0,134
Coos Bay Daily Times,0,134
Bobby Ephlin for Mississippi County Sheriff,0,134
Two Tribes,0,133
Steve Saperstein,0,133
Sheila Johnston for West Sacramento,0,133
Highlands County Republican Party,0,133
End Citizens United,0,133
American Senior Alliance,0,133
Senator David Farnsworth,0,132
Re-Elect Bill Coons Wahkiakum County Assessor,0,132
North Padre Politics,0,132
Colorado Working Families,0,132
Mikie Sherrill,0,131
Colleen Garry,0,131
VoteYes4Success,0,130
Vera Institute of Justice,0,130
Roger Roth for Wisconsin,0,130
Morris County New Voices,0,130
Jo Ann Hardesty for Portland City Council,0,130
Jeremiah Brosowske for City Council,0,130
JeffCo Proud,0,130
Oregonians for Safe Gun Storage,0,129
ISolar LLC,0,129
Dean Phillips for Congress,0,129
Dal Bunn for Supervisor,0,129
Vote Felicia French for State Representative,0,128
Verkada,0,128
Trade For America,0,128
Tom Sprawls for City Council,0,128
Tibbetts for Assembly,0,128
"Re-Elect Nancy Sikes-Kline, Seat 5, City Commission",0,128
Political Writes,0,128
Nancy4Harbor,0,128
Debbie Wasserman Schultz,0,128
State Rep. Dwayne Thompson,0,127
Nirlaine Smartt,0,127
Ken Summers for State Representative,0,127
State Representative Richard M. Cebra,0,126
Make Comedy Great Again,0,126
Fleming for Putnam,0,126
Vote Aaron Lieberman for State Representative,0,125
The Bastrop County Young Republicans,0,125
St. Cloud Area Republicans,0,125
"Pamela ""Pam"" Harris for Oakland City Council, District 4",0,125
Lumina Foundation,0,125
Keep Oregon's Promise,0,125
Kathy Krakowian for Hewitt City Council,0,125
Frank Deese for North Carolina,0,125
Fair Districts PA,0,125
Don Young,0,125
Councilman Patrick Roff,0,124
Pajaro Valley Cesar Chavez Democratic Club,0,123
Justin Jones,0,123
Henderson County District Attorney,0,123
AFP Action,0,123
Vickie Paladino for State Senate,0,122
Jay4justice,0,122
Danny O'Connor for Congress,0,122
Renate Pore,0,121
New Mexico Democrats for Democracy,0,121
Mikke Pierson 4 Malibu,0,121
Menz for Judge,0,121
Kristi Racines,0,121
Fix Politics Now,0,121
Terry Manwell,0,120
Sherry Roberts RI House Representative District 29,0,120
Robert Barrat for County Commission,0,120
Jay Walker,0,120
Jack Stanton for State Representative,0,120
Eduardo Garcia for State Assembly,0,120
Badger Institute,0,120
Zeigler for City Court,0,119
Vote Mike Cole Sheriff Of Walker County 2018,0,119
Michelle Malkin Investigates,0,119
Exclusive Apparel,0,119
Colchester CT Democratic Town Committee,0,119
BLM Wild,0,119
Will McVay for Delaware State Representative,0,118
Scott Perry for Congress,0,118
Phil Beracha Campaign,0,118
Mike Gallagher,0,118
James Cook for Deschutes,0,118
Friends of Paddy McGuire,0,118
Elect Leonard Amundson - Douglas County BOC District 3,0,118
Charlestown Citizens Alliance,0,118
Phil Weiser,0,117
Kathy for Zone 1,0,117
Jim Houston - Faulkner County JP,0,117
Jake Castanza,0,117
Chester County Democratic Committee,0,117
Yes on 6E,0,116
Tom Basile for State Senate,0,116
Stephanie Thomas for Connecticut 143rd,0,116
"Stansberry Law, LLC",0,116
Michael L. Ashcraft Johnson County Commissioner - 5th District,0,116
MJ for Texas,0,116
Lindsay Walsh,0,116
Becket,0,116
Robert S Nielsen for Idaho State Senate,0,115
Keep Judge Hladik,0,115
HealthInsurance.net,0,115
Bill Goesling for Idaho,0,115
Battleground Texas,0,115
"Art Shrader,  Candidate 50th Assembly District",0,115
Responsible Leadership New Mexico,0,114
Jesse Parks for State Representative,0,114
Burtness4Recorder,0,114
Alliance for Gun Responsibility,0,114
Up for Growth,0,113
Rick Nava for Maui County Council,0,113
OC Votes,0,113
Luanne Van Werven,0,113
John Michael Montgomery for Oklahoma,0,113
Human Rights Watch,0,113
Fight For Reform,0,113
Citizen Action of Wisconsin,0,113
"Mary Wynne Kling, Candidate for Alabama House District 79",0,112
Johnson 4 Carroll,0,112
Harris for Arizona Senate,0,112
Colleen Davis for Treasurer,0,112
Wisconsin 7th Congressional District Republican Party - GOP,0,111
Pat Showalter for Mountain View City Council 2018,0,111
NARAL Pro-Choice Massachusetts,0,111
Family Life Solutions,0,111
Elect Mayor Gillmor 2018,0,111
Colin Van Ostern,0,111
Tanner Demmery for Broward County Court Judge,0,110
Swing Left TX-32,0,110
La Quinta Councilman Robert Radi,0,110
Karen McCormick for Congress,0,110
Don Rocha For County Supervisor 2018,0,110
Brad Martin for City Council,0,110
Tom McGillvray for State Senate,0,109
Quentin Miller for Buncombe County Sheriff,0,109
Joe Helle for State Representative,0,109
"DeLucry, Hakanson, Szucs",0,109
Colin Schmitt,0,109
Zaruba4DuPage,0,108
Mark Lindquist,0,108
Let Them Live,0,108
HomeGrown Tees,0,108
Christopher Smith,0,108
Vote Marty Bates - Ventura County Board of Education,0,107
State of Great MN,0,107
"Re-Elect Chris Lee for JP, Pct 3 Kleberg County",0,107
No 5th term,0,107
Ed Turanchik for Mayor,0,107
Price for Commission,0,106
Matt Bentley for State House,0,106
"Justin Conrad, Guilford County Commissioner",0,106
Jennifer Harris for Fullerton School Board 2018,0,106
"Dylan Logas for Rio Hondo College Board of Trustees 2018, Area 5",0,106
Asian Americans Advancing Justice Atlanta,0,106
Wright and Holmes for Township Committee,0,105
Warren County VA Democratic Committee,0,105
Higher Learning Advocates,0,105
Plan Relax Retire,0,104
MoveOn,0,104
Fishbein for State Representative,0,104
Bud McInnis for School Board District 4,0,104
Better Jobs New Mexico,0,104
Affordable Energy for Kansas,0,104
Vision America,0,103
Truth About Paul Evans,0,103
Re-Elect Christie Carpino,0,103
Paul Storts for Yell County Judge,0,103
Mondi Taylor for Etiwanda School District Governing Board,0,103
Mike Revis,0,103
I Am CA22,0,103
Elect Mike Krusen,0,103
David Torres For Congress,0,103
Tyler R. Edmonds,0,102
Tee Time Guys,0,102
Paul Russ for City Council,0,102
Marty Quinn,0,102
MN350 Action: Climate Justice in Minnesota,0,102
David Gregory State Representative,0,102
Chino Proud,0,102
Big Apple Convention,0,102
Anne Arundel County Republican Party,0,102
Vote for Sara McFadden for FL State House 106,0,101
Terri Legrand for NC House 2018,0,101
Stacey Abrams,0,101
Sheriff Jeffrey Trafton,0,101
Senator Elaine Phillips,0,101
Roaming Bison Wind,0,101
Pearl Kim,0,101
Kimberly Bizon for Congress,0,101
Firefly Engagement,0,101
Arizona Democrats of Legislative District 18,0,101
Save EPA,0,100
Pep Solar,0,100
Milwaukee Pride,0,100
Maggie Turnbull for Wisconsin Governor,0,100
Lane County Chronicle,0,100
Jamie Ballinger for Tennessee Senate,0,100
GOP,0,100
Florida Coastal Property Rights,0,100
Environmental Defense Fund,0,100
Campaign to Re-Elect Wade Kach,0,100
Buffy Wicks,0,100
Buddy Wheatley for State Representative,0,100
Andrew Gounardes for State Senate,0,100
"Access Reproductive Care-Southeast, Inc.",0,100
Rudy Peters for Congress,0,99
Rick Scott,0,99
Erie County Democratic Committee,0,99
Committee to Elect Lynn M Harmon Ross Township Trustee,0,99
Citizens Against Lawsuit Abuse,0,99
Caitlin Evans for Judge,0,99
Basil Saleh for CUHSD School Board,0,99
Alex McCabe,0,99
Albemarle County Democratic Party,0,99
Working Families Party,0,98
Prop 4: Better Boundaries,0,98
Linda Coleman,0,98
Judge John Schmude,0,98
GBR,0,98
Diane Dixon City Council,0,98
Victor Florell for Wright County Commissioner,0,97
Susan M. Rios for Lassen County District Attorney,0,97
Steve Morris - Woodbury City Council Candidate,0,97
Scott Pullins for Mount Vernon City Council - Ward 4,0,97
"Russell Hull Justice of the Peace District #10, Yell County",0,97
New Fairfield CT Democratic Town Committee,0,97
Joe Donnelly,0,97
Austin Redmon for Circuit Court Clerk,0,97
Working For Us,0,96
Richard Briggs,0,96
National Democratic Redistricting Committee,0,96
"Kim Likins for Mayor, Hilton Head Island",0,96
Janet Burman State Senate,0,96
Gretchen Flohr,0,96
Flip Wyoming,0,96
Dan KALB for State Assembly,0,96
Cynthia Ward for Judge,0,96
Carrie Blumert for County Commissioner,0,96
Yes on Measure U,0,95
Vote Yes on 2 Massachusetts,0,95
Tony Evers,0,95
Teresa Gerringer for Lafayette City Council,0,95
Staten Island Republican Party,0,95
Representative Derek Grier,0,95
Michael Connelly,0,95
Merita Callaway for District 3 Supervisor,0,95
Kevin McCarthy,0,95
Jonathan Boos for State Representative,0,95
Jason Mccraw for Mayor,0,95
Janet Mills,0,95
Committee to Elect Lisa Dash-Grimes,0,95
Citizens for a Secure and Safe America,0,95
Blue Wave,0,95
seiu-uhw,0,94
Victoria County Democratic Party,0,94
"Re-Elect Judge James T. ""Jim"" Hill -Durham County District Court",0,94
Moore Capito,0,94
Kristen Carlson for Congress,0,94
Justice Brett Busby,0,94
JR Stanley for Magistrate District 1 Henderson County,0,94
Floyd County Democratic Party - Indiana,0,94
East Bay Young Democrats,0,94
Campbell County Republican Party,0,94
Bruce Brown for City Council Ward 1,0,94
Thompson For House District 92,0,93
Thomas Trehus for Minnesota House 2018,0,93
Nanette for Assembly 2018,0,93
Friends of French Prairie,0,93
French Hill for Arkansas,0,93
Barzizza for Mayor,0,93
Sarah Smith for US Congress,0,92
ACLU of Connecticut,0,92
Stand Up America,0,91
Stan May for State House,0,91
Rosanna Herber 4 SMUD,0,91
Peter Roskam,0,91
Opt Out Today,0,91
Minnesota Values Project,0,91
Math4cure,0,91
Joe Miller for State Representative,0,91
Jeremy Ross,0,91
Brian Dennert for Park Board,0,91
Be Prepared     Not Scared,0,91
Al Redmer Jr,0,91
Sabrina Cervantes,0,90
Rutherford County Democratic Party,0,90
Christine Cohen for State Senate,0,90
Ysela Bravo for House of Delegates,0,89
TCHfor48,0,89
NOAH - Nashville Organized for Action and Hope,0,89
Joel Abelove for District Attorney,0,89
Henrico GOP,0,89
"Dolli4Judge, 189th Civil District Court, Harris County, Texas - Democrat",0,89
Senate Majority PAC,0,88
"Say ""YES"" to Monroe Schools",0,88
Maryland Republican Party,0,88
Jared Polis,0,88
Yes for MPLS Kids,0,87
Martin Tully for DuPage County Board - District 3,0,87
Family Protection Association,0,87
Planned Parenthood Advocates of Michigan,0,86
Latin Times Media & Magazine,0,86
Healthy Montana Campaign,0,86
Defenders of Wildlife,0,86
Chad Christensen for Idaho,0,86
Zahra Karinshak,0,85
Novin2018,0,85
Michael Leptic for Allegany County Commissioner,0,85
James W Byrd 4 Wyo Secretary of State,0,85
Gail Young for North Carolina,0,85
Dr. Jeff For Assembly,0,85
Matt Lynch for Ohio,0,84
"Hugh McKean, Colorado House of Representatives - House District 51",0,84
Georgia Water Coalition,0,84
Dennis Jordan for Merced College Board Area 4,0,84
"Carl Gaines, Jr.  School Board Member District 10",0,84
Vote Bobby O,0,83
United Food and Commercial Workers International Union,0,83
Steven Crowder,0,83
Shadowland Foundation,0,83
Roger D Kelso for County Council,0,83
RightFit Medicare Store,0,83
Re-Elect Representative Andy Schwartz - HD 23,0,83
National LGBTQ Task Force,0,83
Measure U,0,83
Julie Kushner for State Senate,0,83
Hold The Line,0,83
Hesham Mahmoud for BOE,0,83
Gurnee for SLO Mayor,0,83
Eric Gjerde for Iowa,0,83
Dan Belforti for Congress,0,83
Carnegie Corporation of New York,0,83
Ohio For The People,0,82
Douglas Pewitt for Associate District Judge - Ottawa County,0,82
U.S. Chamber of Commerce,0,81
Missy Morris for House,0,81
Wyoming Democratic Party,0,80
The Center on Policy Initiatives,0,80
Suzanne Smith for Texas,0,80
Phil McGrane for Idaho,0,80
Pennsylvania Record,0,80
Jewish Voice Ministries International,0,80
Friends of Victoria Gearity,0,80
Friends of Belpre Kroger,0,80
Claudia Tenney Wrong for NY,0,80
Phone2Action,0,79
Mitch for Newtown,0,79
Marshall Steam Museum & Friends of Auburn Heights Preserve Inc.,0,79
Elect Devron Ohrn Cass County Sheriff,0,79
Clarence Lam,0,79
Bruce Rauner,0,79
Baltimore Yes for E,0,79
Mary Chaffee for Assembly of Delegates,0,78
Harrison County Democrats,0,78
Don Jones,0,78
Scott Walker,0,77
Re-Elect Juan Carrillo for Palmdale City Council District 4,0,77
Judge Ciaccio for Supreme Court Judge,0,77
Joshua for Arvada,0,77
JB Pritzker,0,77
Greg Robbins for Sheriff of Dorchester County 2018,0,77
Californians for Cost Containment,0,77
Art Robinson,0,77
"Yes On Issue 20 - Macedonia, Ohio",0,76
Rick Meyer For Jackson County Sheriff,0,76
Re-elect Jim Reed for City Council,0,76
Rant Nation with Graham Allen,0,76
MAGA Poker,0,76
Laurel Prussing for Champaign County Treasurer,0,76
John Hirokawa for Sheriff,0,76
Gary George 4 Chino,0,76
Dan Denno for Oak Grove Mayor,0,76
"Cori Schumacher Carlsbad Councilmember, Candidate for Mayor",0,76
Silver Empire,0,75
Michele Weeks for State Representative,0,75
John DeJesus,0,75
Denney for MN Secretary of State,0,75
Brad Schneider,0,75
Bob Sterrett for Fortville Town Council,0,75
Alan Wilson,0,75
Traci Jacobs for League City Council,0,74
Susan Evans for Wake,0,74
Stop Saudi Evil,0,74
National Republican Congressional Committee,0,74
NYSUT - A Union of Professionals,0,74
Mike Wiese for Brown County,0,74
Mike Cierpiot,0,74
HeadCount,0,74
Greg Mackay for TN House District 18,0,74
Gayle Kemp for State House,0,74
Democrats for Bob Hugin,0,74
Dan Carey for State Representative,0,74
Conservation Northwest,0,74
Always Westwood,0,74
Senator Chris Jacobs,0,73
National Press Club,0,73
Michael J Pearce for Albany County Treasurer,0,73
Kate Harrison for Berkeley City Council,0,73
Jamie Howard,0,73
Common Sense Police Reform Phoenix,0,73
Stephen Browning for State Representative,0,72
Scott County for Chris McDaniel,0,72
San Francisco Tenants Union,0,72
Pfizer,0,72
North Kingstown Democrats,0,72
Consumer Energy Alliance,0,72
Sojourners,0,71
Rhoads for Lodi City Council,0,71
Marc Woodard For Tigard Mayor,0,71
GunSenseVT,0,71
Green Pioneers,0,71
David Parker for McLean County Board - District 9,0,71
Dan Kohl,0,71
Blue in the Heart of Texas,0,71
Bastrop County Democratic Party,0,71
Adam Rideau,0,71
TheJobNetwork,0,70
The Nib,0,70
Parody in Blue,0,70
Maine Equal Justice,0,70
Jenny for Auditor,0,70
Greenwich RTC,0,70
Collier County Democratic Party,0,70
Two Broads Talking Politics Podcast,0,69
Raúl Grijalva,0,69
Professional Firefighters Association of New Jersey - PFANJ,0,69
Just Energy United States,0,69
Janelle Bynum,0,69
Henrie for 61st,0,69
Francisco Heredia for Mesa City Council,0,69
Deanna Maria Metzger,0,69
Brent Heeren for Tama County Attorney,0,69
America's Voice,0,69
America with Eric Bolling,0,69
Advancing Clean Energy PA,0,69
Senator Mary McNally,0,68
Open The Books,0,68
Mark S. Bailey,0,68
Kristen Arute for State Representative,0,68
Keep Judge Devine,0,68
Jeanine Ferrara for Little Ferry Board of Education,0,68
David Baria for Mississippi,0,68
Dave Morgan for State Representative  62nd District,0,68
Zuckerman for Vermont,0,67
Vote Jack Bower Atchison County Commissioner,0,67
Syms for Arizona,0,67
Springfield News-Sun,0,67
South Dakota Native Democrats,0,67
SUJO Home,0,67
Oates For High School Board,0,67
Nevada Moms Care,0,67
Mary J. Orange For Circuit Court Clerk,0,67
Giffords,0,67
Edward B. Goehring,0,67
Asian Americans Advancing Justice - Asian Law Caucus,0,67
Working Kansas Alliance,0,66
VOTE BLUE OC,0,66
The Wilderness Society,0,66
Judge Bill Gravell,0,66
Don Davis,0,66
DavisforJustice,0,66
Amy McGrath,0,66
Ritter for County Commissioner,0,65
Pennsylvania Chamber of Business and Industry,0,65
Mariah Phillips for Congress,0,65
"Charles Pelkey: Representative, Wyoming, HD 45 -D",0,65
Bill Nelson,0,65
VoteRustin DC Council At-Large,0,64
Tina Cannon-Morgan County Council,0,64
Suzy Falgout for Justice of the Peace,0,64
Re-Elect Robert J. Vargas for County Court at Law 1,0,64
Re-Elect Judge Scott T. Horman,0,64
Friends of Julie Hummer,0,64
Food Bank of Central & Eastern North Carolina,0,64
Elect Jason Finger for Mingus Union School Board,0,64
White Dove Projects,0,63
Vote Sarah Kovoor Family Court Judge,0,63
Peter Amundson for City Council 2018,0,63
Ober for Chico City Council,0,63
No on CO Amendment 73,0,63
Melissa Ellis for Anne Arundel County Board of Education - District 4,0,63
Megan Srinivas for Iowa,0,63
Matt Haney,0,63
Vote YES on Measure 103 to Keep Our Groceries Tax Free,0,62
State Representative Greg Stokes,0,62
No more free passes—vote NO on Judge Corey,0,62
Michigan Families Matter,0,62
Michael Stading For District Court Judge,0,62
Liberty Political Action Committee of West Virginia,0,62
John J. McCann For Mayor of Hilton Head Island,0,62
John Aguilera for Indiana,0,62
Izzy Patoka for Baltimore County Council,0,62
In the Woods with Phil,0,62
Anthropocene Alliance,0,62
Amnesty International USA,0,62
Ro Khanna,0,61
Pharmacists United for Truth and Transparency,0,61
Mitch Weber for Missouri,0,61
Mayor Matt Hall,0,61
Grier for State House,0,61
Greg Gianforte,0,61
Baltimore's Airbnb Housing for Guests,0,61
Adam Hertz,0,61
A. Ross Douglass For Judge,0,61
Vote for Zach Larsen,0,60
Susie Lee,0,60
Re-Elect Garry Barbadillo for Milpitas City Council,0,60
Mike Morowit for Manteca City Council,0,60
Mayor Grayson Vandegrift,0,60
Julie Alexander,0,60
Invest in Peace,0,60
Family Policy Alliance,0,60
Elect Marcia Morgan,0,60
Dianne Little for NC House,0,60
Bruce Huynh for Alum Rock School Board Trustee 2018,0,60
Andy Kim for Congress,0,60
Aaron Griesheimer for State Rep,0,60
Summit Republicans,0,59
Ross/Slazyk/Candelaria Jr For City Of Hammond School Board,0,59
Richard Fallon for Wood Ridge Board of Education,0,59
Rene Spring - MH Councilman,0,59
Jackie for 279,0,59
Donna Cathy for Seneca County Judge,0,59
Beto O'Rourke,0,59
Roth for Mayor 2018,0,58
National Domestic Workers Alliance,0,58
Michael Shawn Kelly for District 150,0,58
"Jessica Fette, Councilwoman and Candidate for Erlanger Mayor",0,58
"District 35 Republicans Bismarck, ND",0,58
David McCarty-Court of Appeals,0,58
Daniel Groff for Moorpark City Council 2018,0,58
CityGrader,0,58
Chintan Desai,0,58
Arizona Votes,0,58
San Francisco Parent Political Action Committee,0,57
Quakenbush for Sheriff,0,57
Lori Underberger for Probate Judge,0,57
Connecticut Education Association (CEA),0,57
Vermont Agency of Agriculture,0,56
Representative Patrice Arent - Utah District 36,0,56
Orange Juice Blog,0,56
Ohioans for a Healthy Economy,0,56
Matt Longjohn,0,56
John Worth Wiles for NC House of Representatives District 90,0,56
Joe Wilson,0,56
Hingham & Hull Water,0,56
Greenpeace USA,0,56
"David Snyder, Councilman",0,56
Black Church Issues Page,0,56
Atoosa Reaser for School Board,0,56
Alaska Afterschool Network,0,56
Yes for Affordable Housing,0,55
Viante New Mexico,0,55
International Rescue Committee,0,55
Ginger Garner for NC Senate,0,55
Evva Anderson School Board District 7,0,55
Delane Wetterlin for District 112 School Board,0,55
Ric Vandett for NC Senate,0,54
"Justin York for Lake Mary City Commission, Seat 1",0,54
Judge Dan Hinde,0,54
John Miller for Delaware County Council District 2,0,54
Home Professionals,0,54
Erika Snow for Clay County Tax Assessor,0,54
Edwards for New Hampshire,0,54
Cup Of Joe Podcast,0,54
Common Sense Policy Roundtable,0,54
Vote With Me,0,53
The Campaign Documentary,0,53
Rick Green,0,53
"Re-elect Irene Josey, Larimer County Treasurer",0,53
North Carolina Democratic Party,0,53
KY Chamber Advocacy Committee,0,53
Jason Snider for Tigard Mayor,0,53
Jason Gromski for Hawthorne City Council,0,53
Housing & Economic Rights Advocates,0,53
Greene 4 Mayor,0,53
Doug Zenner Nez Perce County Commissioner,0,53
"Daniel Hofstein, NPP",0,53
Chrissy for Oregon,0,53
Unseen,0,52
Safe Horizon,0,52
Angus King,0,52
State Representative Jim Harrison,0,51
Kevin Cramer's Out for Himself,0,51
Joe Perske for MN Senate,0,51
Joan Elizabeth Seamans For NY,0,51
Jessee Carlton Fleenor for Congress 2018,0,51
ExxonMobil,0,51
Democrats for Osolo Township Advisory Board,0,51
Alexis Hermosillo for Mayor of El Mirage,0,51
Alameda City Councilmember Jim Oddie,0,51
Voice of Westmoreland,0,50
Peter Cownie,0,50
Pete Harckham for Senate,0,50
Pennsylvania Cable Network (PCN),0,50
Paul Deasy for Flagstaff City Council,0,50
Naomi Levin,0,50
Cynthia Luczak,0,50
CARE,0,50
Brian Dembinski - Amherst Councilman,0,50
AZ Resist,0,50
Vernon Moore For NC Senate District 10,0,49
Nashua Democrats,0,49
Lupe Valdez,0,49
Kathy Hoffman,0,49
Judy Justice for School Board,0,49
Education Matters,0,49
Cookies For Political Transparency,0,49
ADL - Anti-Defamation League,0,49
YES for Responsible Mining,0,48
Scott Kelly for Monroe County Supervisor,0,48
"Rebecca Purington, TN House, District 61",0,48
NJ7 Citizens for Change,0,48
Midnight Sun Republican Women's Club,0,48
Mary Barzee Flores for Congress,0,48
Louder with Crowder,0,48
Giselle Hale for RWC Council,0,48
Economic Opportunity Institute,0,48
Douglas County Democratic Party (Kansas),0,48
Debra Lewis for Dana Point City Council,0,48
Citizens 4 FRC,0,48
Charlie McConkey,0,48
American Heart Association - Florida,0,48
The Village Reporter,0,47
Tejasinha Sivalingam,0,47
Tania Garcia-Cadena for City Council Member,0,47
State Employees Association of North Carolina,0,47
Perotte for Goleta Mayor,0,47
Metro Atlanta American Heart Association,0,47
Edric Bradford For Justice of the Peace,0,47
Chad Stachowicz for NC Senate,0,47
Brodehl For County Commissioner,0,47
Betsy Holland for Georgia,0,47
Barbara Lee for NC House,0,47
Roy Overshiner- Moving Forward for a Safer County,0,46
Narragansett Democratic Town Committee,0,46
Merlino & Pettit,0,46
Jerry Petrowski for State Senate,0,46
James P Carinhas,0,46
Da'Quan Love for NC House,0,46
DSPolitical,0,46
Conservation Colorado Victory Fund,0,46
Clackamas County Professional Firefighters Local 1159,0,46
Ann-Marie Bjorkman for COC Board of Trustees,0,46
Top Secret Gadget,0,45
Texas Charter Schools Association,0,45
Scott County Democratic Party,0,45
San Francisco Democratic Party,0,45
Mary T. Hernandez for LJISD School Board Trustee Place 3,0,45
Jonathan Porter for Delegate,0,45
Jerry E. Langley,0,45
Famela Ramos for Chula Vista School Board,0,45
Christine Lewis for Metro,0,45
Ana-Maria Ramos for TX HD102,0,45
Tess Cooper for Town Clerk,0,44
Susan Wild for Congress,0,44
National Coalition for Public School Options,0,44
League of Conservation Voters,0,44
Lauren Underwood for Congress,0,44
Kimberly Klein for Grandville School Board,0,44
Grace Coffee Company,0,44
FFRnews,0,44
Demand More For Maine,0,44
Vic4Marshal,0,43
The Youth Mental Health Project,0,43
South Seattle Emerald,0,43
Paula Finch,0,43
Lebanon Hills - Wilderness in the City,0,43
Larry Maggio,0,43
First 5 L.A. Parents,0,43
Dalton Valette for Superior Trustee,0,43
Daily Kos,0,43
Cort VanOstran for Congress,0,43
Betty Ann Abbott for State Representative,0,43
Barbara Yates-Lockamy For NC House 2018,0,43
AFSCME Local 4041,0,43
Truth About Selma,0,42
Speak Up For Education and Kids,0,42
Smythe DuVal,0,42
Planned Parenthood Action,0,42
Josh Harder,0,42
IL-14 Get the Facts,0,42
Everytown for Gun Safety,0,42
Ellis for District 15,0,42
Elevate Ohio,0,42
Bonevich Dias & Dorato for Howell Council,0,42
St. Croix County Democrats,0,41
Robert S. Torres,0,41
"Larry A. Rogers for Lone Star Groundwater Conservation District, Place 7",0,41
FAMU College Democrats,0,41
Eric Rutherford,0,41
Elect Steve Grasha Director Mission Springs Water District,0,41
Arizona House Victory PAC,0,41
Animal Legal Defense Fund,0,41
Addie for Assembly,0,41
Teresa Bingham,0,40
Stretch the Truth,0,40
Sam Edney,0,40
SEIU MN State Council,0,40
Mike Buncic for Midpen Open Space Board of Directors,0,40
Joshua Medley for Marshall County 1st District Commissioner,0,40
Aimy Steele for NC House 82,0,40
Weston For House,0,39
"Thomas Jefferson Unitarian Church/Louisville, KY",0,39
Teresa Cunningham for Family Court Judge,0,39
Race to the Polls,0,39
No On Prop 5,0,39
"Julie Ann Nitsch, Trustee",0,39
Jen Mangrum for NC Senate,0,39
Harvest House,0,39
Gregg Johnson for State Senate,0,39
Greg Hart,0,39
Democratic Party of New Mexico,0,39
D. Cole Phelps for NC Senate,0,39
Austin McCollum,0,39
Ryan Sullivan For State Delegate MD 7th,0,38
Planned Parenthood Voters of Iowa,0,38
Lesley for CU Regent,0,38
Howard Tankersley for Family Court Judge,0,38
Global Warming Solutions,0,38
Assemblyman Jake Ashby,0,38
Asian Americans for Equality,0,38
The Palestine Institute for Public Diplomacy,0,37
Reaching New Heights in Franklin Lakes,0,37
Katie Porter,0,37
John Chrin for U.S. Congress,0,37
James Talarico,0,37
Jake Highfill,0,37
Community Action Fund of PPOSBC,0,37
"Clifford ""Cliff"" Lewis",0,37
Alderman Maureen Fraser,0,37
Yes on Measure M,0,36
Vote No On Brian Maienschein,0,36
Transform Waldorf,0,36
Sorabji4Campbell,0,36
Junior for Laredo City Council District 6,0,36
Independents for ONE Roseland,0,36
Grass Roots North Carolina (GRNC),0,36
Elect Greta Hoffman Walker for Family Court Judge,0,36
Daniel W. Thatcher for Senate 12,0,36
Christy Smith for 38th,0,36
Callie for DC Board of Education,0,36
Barbara Hamilton for Carlsbad,0,36
Always On NY,0,36
Strong Together Fitness,0,35
Right to Life of Kern County,0,35
Kate Stucky for Webster County Treasurer,0,35
Jenn Goulet,0,35
Indiana Republican Party,0,35
The Humane Farming Association (HFA),0,34
Texas Organizing Project PAC,0,34
South Florida For Change,0,34
Rhonda Cole Schandevel,0,34
Mike Kelly for Congress,0,34
Lyn Franks For State House,0,34
EMPAC,0,34
Steven Horsford,0,33
SEIU 721,0,33
Re-Elect David Livingston Scott County Magistrate- 7th District,0,33
Paul Workman,0,33
Julie Jordan for Georgia,0,33
Jewish Democratic Council of America,0,33
Jay Gonzalez,0,33
Indivisible Little Rock & Central Arkansas,0,33
EveryLibrary,0,33
Democrats of Jefferson County WV,0,33
Bobby Kuppers for NC Senate,0,33
Anna Ward Sukmann For County Court Judge,0,33
Americans for Tax Reform,0,33
The Vision Project: The Future of the Brooklyn Democratic Party,0,32
Support Our Schools,0,32
Shawn Joyce 4 Sheriff,0,32
Pete Sessions,0,32
Matt Rinaldi,0,32
Linda Bennett,0,32
Jim Martin 4 Schools,0,32
CRTV Tonight with Gavin McInnes,0,32
American Heart Association - Oregon & SW Washington,0,32
ACLU of Northern California,0,32
The Fighting for Families Fund,0,31
Team5 TCAPS,0,31
Mexico Joe,0,31
Get Off My Lawn with Gavin McInnes,0,31
Derrick Nowlin for the 134th,0,31
Caroline Walker for NC Senate,0,31
Survived and Punished,0,30
Share San Diego,0,30
Pennsylvania Leadership Committee,0,30
Michelle Blum Atkinson for Oregon State Representative,0,30
Lou Shurtliff for State House,0,30
LifeDaily,0,30
Kim Bost for NC House,0,30
Jon Morgan for NH,0,30
Jen Duff,0,30
Henry Ingwersen,0,30
Helen Probst Mills,0,30
EEEA Teacher PAC,0,30
David Zoerner for Kenosha County Sheriff,0,30
Carl DeMaio,0,30
Aspire Fashion,0,30
Anton Andrew for State Representative,0,30
"Vote Shannon Rice for Milton City Council, Ward 2, Seat 1",0,29
Progressive Turnout Project,0,29
Mayor Hillary Schieve,0,29
CM Voter Center,0,29
Bob Lucey,0,29
Arizonans for Affordable Health Care,0,29
Anna Caballero for Senate,0,29
Strong Women Society,0,28
Representative Carol Spackman Moss,0,28
Rate My Job,0,28
Polson for Jacksonville,0,28
Kate Brown,0,28
Salt River Project,0,27
No on Measure U Sacramento,0,27
Lance Gooden,0,27
Hatch,0,27
Elect Jim Marchant Assembly District 37,0,27
Congressional Leadership Fund,0,27
Clark County Education Association,0,27
School Finance Research Collaborative,0,26
Planned Parenthood Texas Votes,0,26
Papa John's Pizza Kansas City,0,26
Norm Bossert,0,26
Kirsten Engel,0,26
Kevin Walsh for Kyrene School Board,0,26
Fairness Maryland,0,26
Alexander Lamminen for Shakopee School Board,0,26
Tucker County Democratic Executive Committee,0,25
Sigler: Lexington City Council,0,25
Portside,0,25
Fountain Valley Firefighters Association,0,25
Common Roots Cafe,0,25
Clila- Coalición De Líderes Latinos,0,25
WomenStrong International,0,24
Vote Miamon for ISD 279 School Board,0,24
Scott Hayman for Ridgecrest,0,24
Nathan Kelsaw for Dent County Associate Circuit Judge,0,24
Mica Wood Pence For Family Court Judge,0,24
Lynne McClintock & Cullen McAuliffe for Hunterdon County Freeholder,0,24
Lisa Brown,0,24
Kristine Menicucci,0,24
Darryl Moss for NC,0,24
Cecilia Taylor for Menlo Park City Council,0,24
Campbell For NC Senate,0,24
Better With Age,0,24
Tim Barnsback for NC House,0,23
Scott Conger,0,23
Elaissia Sears for West Mesa Justice of the Peace,0,23
Dr. Jane Gillette,0,23
American Academy of Ophthalmology PAC,0,23
Adam Shimoni for Flagstaff City Council,0,23
Vote For Kansas Values,0,22
Sudan Relief Fund,0,22
Shield Republic,0,22
Sean Deringer for Wright County Sheriff,0,22
Megan Gülick Real Estate,0,22
Justin Rolph for City Council-District 3,0,22
Jenny Deitloff for Gretna School Board,0,22
SignNow,0,21
Protect Colorado,0,21
Poythress for Senate 2018,0,21
Looking Out For Lori,0,21
Lindsay James for Iowa House,0,21
John DeFrances for Ascension Parish School Board Seat 5A,0,21
Joe Jett State Representative,0,21
"Jason Patterson, Missouri Land Specialist, Whitetail Properties Real Estate",0,21
Inland Empire Taxpayers Association,0,21
Improv Playhouse,0,21
Wynfred For Brooklyn Park City Council,0,20
Vote NO on 5,0,20
The Tribal Resistance,0,20
THINC Park City,0,20
"Susan Soto Palmer, Candidate, Yakima County Commissioner #3",0,20
Sivoli For Senate,0,20
Rob Wagner for State Senate,0,20
Reason To Believe,0,20
Noah D. Stone,0,20
Mark Harris Not For Us,0,20
Delegate Jeff Campbell,0,20
Cindy Carter Grant County Commissioner,0,20
Chakisse Newton for Council,0,20
Brazos County Democratic Party,0,20
American Tort Reform Association,0,20
Run with Runestad  for Michigan Senate,0,19
Planned Parenthood Votes Northwest and Hawaii,0,19
Planned Parenthood,0,19
Opel Jones for County Council,0,19
Jody Voss for Mayor,0,19
George Marin for Mayor,0,19
Duluth Public Schools,0,19
Conservation Voters of Pennsylvania,0,19
Steve Weichert for AZ Senate,0,18
Old Row,0,18
League of Women Voters of Maryland,0,18
Karen Settlemoir-Berg,0,18
iAmerica Action,0,17
NC Child: the Voice for North Carolina's Children,0,17
Melissa Sauser for School Board,0,17
James Craig for Jefferson County School Board,0,17
Hollis Hackman - Candidate for Wyoming Senate District 21,0,17
Gina Walkington,0,17
Diane Seaman for Ky House,0,17
Rise Up Retail,0,16
Middletown CT GOP,0,16
Anna Kaplan for State Senate,0,16
World Wildlife Fund,0,15
North Dakota Democratic-NPL,0,15
Judy Egan Umeck 4 Saugus School Board 2018,0,15
Elect Jen Slipakoff,0,15
D'Alessio Law Group,0,15
Yes On 793,0,14
Tony Baker for GRPS - Again,0,14
Tom Simmons for NC House,0,14
Paolo Weston,0,14
Mary Lightbody for OH House District 19,0,14
Mark Shelley for NC Senate,0,14
"Kris Kendrick for Faulkner County Justice of the Peace, District 9",0,14
Jason Cox for Probate Court 3,0,14
Dave Smith For Lafayette,0,14
Common Cause NC,0,14
Anna Pletcher for District Attorney,0,14
Tera Salango For Circuit Judge,0,13
Simon for House,0,13
Remove Judge Roger Brodman,0,13
New Jersey Organizing Project,0,13
Meredith Buck for PA State Rep,0,13
Marvel Universe,0,13
Keep Natick Beautiful,0,13
Columbia County NY Democrats,0,13
Cody Thompson For WV House of Delegates,0,13
Chris Pappas for Congress,0,13
Cathy Roes for PCSD6 Trustee,0,13
Wendy Sue for Wisconsin,0,12
Texans for Natural Gas,0,12
Fellowship Square-Mesa,0,12
Eric Zeni for District Court Judge,0,12
All Above All Action,0,12
Adam Yang for Judge,0,12
USA for UNHCR,0,11
Red Tide Rick,0,11
MomsRising.org,0,11
Maine Voter Resource Guide,0,11
Kris Rixon for NC House 9,0,11
Kenan Judge for Iowans,0,11
Betty Griffin Center,0,11
Amy Cozze for State Rep,0,11
Valerie Harris for AZ State House LD22,0,10
Oceana,0,10
Neighbors in Faith,0,10
Jennifer Pawlik,0,10
Dan Rodricks,0,10
Clarke Tucker for Congress,0,10
Utah Education Association,0,9
Teresa Alonso Leon for House District 22,0,9
Garnet Lewis for State Senate,0,9
Armed American Supply,0,9
Thomas Beadle - ND District 27,0,8
Tampa Immigration Attorney Elizabeth Pophal,0,8
Lesley Dahlkemper,0,8
Havis for Senate,0,8
Donzel Leggett,0,8
Beaucoup AVON Shop,0,8
Laura Gregory for Probate Judge,0,7
Korean Americans in Action - KAA,0,7
John Burns For Centennial School Board,0,7
Jacky Rosen for Nevada,0,7
Democrats,0,7
Corazon Coqui,0,7
Barby Frankenberry,0,7
TIDAL,0,6
Rafa Dueñas for City Council District 6,0,6
Kindred Media and Community,0,6
Charter Strong,0,6
Albany Area Chamber of Commerce,0,6
We are Houston Democrats,0,5
Julie Kaelin for District Court Judge,0,5
Voto Latino,0,4
NextGen America,0,4
Michael Gaudet School Board D7,0,4
Jon Hawkins for State Representative -  District 57,0,4
Chris Moore for Mayor,0,4
Tyler Murphy for Fayette County School Board,0,3
Mussab Ali for JCBOE,0,3
Louisiana Chemical Association,0,3
PRI's The World: Livable Planet,0,2
Live Action,0,2
Judge Bob Vance for Chief Justice,0,2
Ben Ku for County Commissioner,0,1
Winning For Women,0,0
