YES on C - Our City Our Home SF,445,1113
Ammar Campa for Congress,349,697
Penzeys Spices,314,627
Progress News Network,305,763
Corazon Coqui,241,603
YES on 127: Clean Energy for a Healthy Arizona,232,580
Amy McGrath,195,486
Uber,175,349
Kansas Values Institute,161,322
Orman for Kansas,159,398
LIBRE Action,147,293
Tim Krug for Colorado Schools,141,282
Michigan Democratic Party,140,280
Frank Riggs,138,275
New York State Democratic Party,124,248
"Yes on 3, the Energy Choice Initiative",124,247
Brian Maienschein for Assembly,121,243
International Rescue Committee,119,239
Jeff Johnson,118,294
Show Up 2018,108,216
Job Creators Network,104,207
Jim Newberger for US Senate,97,194
Tiffany Jones,97,193
NumbersUSA,96,240
Virginia 12th,96,192
Tim Walz for Governor,96,192
Kim Reynolds,94,189
Vote Danner Kline,92,185
Representative Ron Simmons,91,182
Scottholeswi,89,178
Michigan Families Matter,88,219
The Joe You Don't Know,84,169
Reform,77,154
Republican Party of Texas,74,148
Indiana Votes,72,145
Rod Blum,72,143
Georgia Conservation Voters,66,132
Michelle Ostrelich for State Senate,64,127
Healthy and Productive North Dakota,62,124
Demand More For Maine,57,113
Save Our Sonoma Neighborhoods,56,279
Los Angeles Property Management Group,55,276
Al Muratsuchi for Assembly,55,110
Kwame Raoul,54,108
Let's Go Colorado,53,105
No Prop 6,52,104
Sean Patrick Maloney,52,103
Iowa Conservative Energy Forum,50,99
West Cook News,49,245
American AF,48,242
Kraut for CT.,48,240
Iowa Secretary of State Paul Pate,47,93
Dallas Votes 4 Kids,45,225
The Shadow League,44,222
Citizens for a Strong District 5,43,86
Zillow,41,103
Wayne Williams for Colorado Secretary of State,41,82
RAGA Ohio,40,81
Mark Samuelian Miami Beach Commissioner,39,196
United States Constitution,38,191
Fenton for House,38,191
Dan Caulkins for Illinois State Representative,38,77
Keep Them Accountable,37,186
Comedy Central Stand-Up,37,92
Michael Medved,35,176
EZ Insure,35,173
Florida Strong,35,69
No on 103,34,169
The Wrap,34,68
Matt Reeves for State Senate,33,163
Brett Miller for PA House,31,154
Rainforest Alliance,31,77
Families For Trump,31,62
Mike Bishop for Congress,30,152
Congressman Clay Higgins,29,143
Nuestra Florida,28,142
Health Care Voter,28,141
Orange County (FL) Democrats,28,139
Elect Carolyn Long,28,139
Farm Credit,28,138
Dwayne Bohac,28,138
Keep Portland Affordable,27,137
John Faso is not for us,26,132
Doug Nickles for Conejo Recreation and Park District 2018,26,130
Judge Dan Hinde,26,128
Courtney Watson -  Howard County,25,124
Sharice for Congress,25,123
Kamala Harris,25,49
YouGov,23,116
"Katie Fry Hester, Maryland Senate D9",23,116
Karl Brabenec,23,115
Florida House Victory,23,114
"Preston Worley, 7th District Councilmember",23,113
James Allen Insurance,23,45
SDSU WEST,22,111
Louisiana Secretary of State Kyle Ardoin,22,111
Elect Zach Throneberry Prosecuting Attorney,22,111
Dave Brat,22,111
SoccerCity SD,22,109
Ohio Law and Liberty,22,109
Who is Jim Gaughran?,22,108
"Scott Field for Justice, 3rd Court of Appeals",22,108
Jim Webb for Bentonville Mayor,22,108
Folsom Facts,22,108
Julie Bray Patterson for Judge - Bexar County Court at Law #5,21,107
California Moderate Voices,21,105
Monteia Mundy Owenby for Council,21,104
Gary Snyder for State Senate,21,41
Organization For International Investment (OFII),20,101
Collin County Republican Party,20,101
Scott Walker,20,99
Likewise Media,20,99
ACLU,20,99
Public Safety for a Safer Santa Clara supporting John Hirokawa for Sheriff,20,98
Keep Judge Hartman Committee,20,98
Chip Roy,19,97
First State Strong,19,95
Marc 4 Mayor 2018,19,37
Denise W. Merrill,18,91
Delegate Robin Grammer,18,91
The Real Carl Marcellino,18,90
House Republican Organization,18,90
State Government Leadership Foundation,18,89
Ronnie Bastin For Mayor of Lexington,18,88
Re-Elect Supervisor Angela Connolly,18,88
Lance Gooden,18,88
Joe Radinovich,18,88
Chief Seattle Club,18,88
Eric Rutherford,18,37
Know Colorado,18,36
Alex Kaufman,18,35
Yes On NH 1,17,87
Sarwark for Phoenix,17,87
Hennepin County Sheriff's Deputies Association - Political Action Committee,17,87
Doug Wardlow for Minnesota Attorney General,17,87
Geoff Duncan,17,86
Faith and Freedom Coalition,17,84
Solar Energy Today,17,35
Liz for Indiana,17,35
Tom Malinowski for Congress,17,34
Minnesota Values Project,17,34
MPR News,17,34
Eric Eliason for Congress,17,34
Senator Ron Grooms,16,82
Kiaaina for OHA,16,82
Mike Braun,16,81
Didi Barrett,16,81
Bill Huizenga,16,81
Prop 3: Utah Decides,16,80
Marsy's Law for Nevada,16,80
Fed of American Hospitals,16,80
Advance Carolina,16,78
Tarah Probst for Senate,16,77
Equality PAC,16,32
Wright and Holmes for Township Committee,15,77
American Conservative Union,15,77
Ned Lamont,15,76
Campbell4Maryland,15,76
Vote No on Kelly Chambers,15,75
Project Red TX,15,75
Christopher Smith,15,75
David Hale Kentucky State Representative 74th District,15,73
Ron DeSantis,15,31
Chrisdelin Kelly Lyles,15,31
UNITE HERE Local 25,15,30
Re-elect Jim Reed for City Council,15,30
Liberal Shop,15,30
Gunston Hall,15,30
Terra Nostra,15,29
StopX,15,29
Sounds Like Tennessee,14,72
Molder for Mayor,14,71
AFL-CIO,14,71
Women For Civility,14,70
Mike Collier,14,70
Michigan Leadership Committee,14,70
Fett for Iowa,14,69
Dewey Arthur,14,69
"Walker Stapleton: Wasteful, Incompetent",14,68
Paul Bettencourt,14,68
John Maxwell for County Supervisor,14,68
Claim Check Maine,14,68
ChooseChildren,14,68
Tim Schneider,14,29
Hiway Federal Credit Union,14,29
Drinks In The Seats,14,29
Mack for NC,14,28
Lights On New Mexico,13,67
Hillary Shields,13,67
David Holden 2018,13,67
Ashleigh Aitken: Wrong for Anaheim Mayor,13,67
Danny O'Connor for Congress,13,66
1010 WINS,13,66
Amber Gustafson,13,65
Radical Kyrsten,13,64
Lauren Baer Will Fight for Florida's Healthcare,13,64
Color Of Change,13,63
Erika Harold,13,62
Michigan Republican Party,13,27
act.tv,13,26
AARP Advocates,13,26
Neighbors Supporting Rebecca Bauer-Kahan,12,62
Freedom for All Massachusetts,12,62
Jim Harper for Secretary of State,12,61
Cubbler for Congress,12,61
Columbia County NY Democrats,12,61
Shamelessly Corrupt Menendez,12,60
Scott Walker Cost Us Healthcare,12,60
Spokane County Democrats,12,59
J.D. Russell for State Delegate,12,59
Danielle Friel Otten for PA District 155,12,59
Charlie Baker,12,59
Corey Parent,12,25
The Nature Conservancy in Florida,12,24
Missouri HRCC,12,24
MRCTV,12,24
Loren Taylor for Oakland City Council,12,24
In the Woods with Phil,12,24
First Freedoms,12,24
Keri Ingle for Missouri,11,57
Erik Yassenoff,11,57
News 95-5 and AM 750 WSB,11,56
Bob Menendez for NJ,11,56
AARP Texas,11,56
A Stronger Vermont,11,56
MoveOn,11,55
Mi Familia Vota,11,55
Laborers' Local 110,11,55
Judge Sandra Ray for NC Court of Appeals,11,53
Commissioner Jack Morman,11,53
Re-Elect Councilman Nick Long,11,23
National Coalition for Public School Options,11,23
Elect Justin Boneau,11,23
Sandy Shaw for HOUSE of Delegates,11,22
Roscoe for Wyoming,11,22
Open Doors USA,11,22
Ocean And Co.,11,22
Fishbein for State Representative,11,22
Penny for Transportation,11,21
Georgia Forestry Association,11,21
Elissa Slotkin for Congress,11,21
MN AFL-CIO,10,52
Kathleen Williams for Montana,10,52
"Heenan for Pennington County Commission, District 5",10,52
Josh Revak for House,10,51
Environmental Voter Project,10,51
Wind Energy Foundation,10,50
Thomas P. DiNapoli,10,50
NARAL Pro-Choice America,10,50
Louisiana First Republicans,10,50
Laborers Building a Better New York,10,50
GreaterGood.org,10,50
Gary Siegwarth for IA Governor,10,50
AFP Action,10,50
Wrong for Us,10,49
Voz Boricua,10,49
Vote Helen Wallace For Judge,10,49
The March for Life,10,49
Terry Cleland for CARD Director,10,49
Representative Jeffrey Pierce Statehouse District 53,10,49
Michigan Coalition to Regulate Marijuana Like Alcohol,10,49
Marsha Blackburn,10,49
Elect Justin King,10,49
AARP Florida,10,49
Vote For Minnesota Values,10,48
Protect Colorado,10,48
Living Free,10,48
Ken Paxton,10,48
Ohio House Democrats,10,47
Progressive Turnout Project,10,21
Maine Small Business Coalition,10,21
Change vs. More of the Same,10,21
Working For Us,10,20
Spectrum News NY1,10,20
Sen. Carl Marcellino 4 Senate,10,20
Robert Bierman for State Representative,10,20
Phil Weiser,10,20
Justice Brett Busby,10,20
Henry McMaster,10,20
Earth.com,10,20
David Trone,10,20
Dan Crenshaw,10,20
WHO is John Brooks?,10,19
Trichter for New York,10,19
Shontel Lewis - RTD Director for District B,10,19
Charter Strong,9,47
Arizona Ballot Guide,9,47
Vote The Outdoors Action Fund,9,46
Uhlenkamp for Iowa,9,46
Roman McAllen for Railroad Commission of Texas,9,46
PP Pennsylvania Advocates,9,46
NO on 3,9,46
Dan Patrick,9,46
Senate Majority Fund Oklahoma,9,45
Tom MacArthur for Congress,9,44
We The People - Pennsylvania Action,9,43
TurlockTalk,9,43
No Cuts to Care: No on Measure 106,9,43
Modern Medicaid Alliance,9,43
Clarke Tucker for Congress,9,43
North Carolina Chamber,9,19
Kansas Chamber PAC,9,19
Kamala Vanderkolk for CO Representative - 39,9,19
Josh Lowenthal,9,19
Elect Kristin Dybvig-Pawelko,9,19
12 News,9,19
Rick Green,9,18
Ken Summers for State Representative,9,18
Jason Tolliver for Lawrence Co. Auditor,9,18
James Skoufis,9,18
French Hill for Arkansas,9,18
Citizens for Better Transportation,9,18
Voters - Not Politicians,9,17
State Representative Michael Smith,9,17
Maine Voter Info,9,17
Karin Derry for Iowa,9,17
United We Dream,8,42
Texas School Alliance,8,42
Southern Coalition for Social Justice,8,42
Patrick McHenry,8,42
Dominion Energy South,8,42
Stop the DOKA Disaster,8,41
Mary Lightbody for OH House District 19,8,40
Lauren Underwood for Congress,8,40
Comer for Congress,8,40
Toren For Colorado,8,39
Ohio Newswire,8,39
The Right To Bear Memes,8,38
Jean Simpson for Iowa,8,38
Digna Cabral for City of Doral Council Seat 4,8,38
Benham for Mayor,8,38
You Should Know Florida,8,17
Wesley Harris for NC,8,16
Senator Justin Chenette,8,16
Re-Elect Judge Shawn McCarver,8,16
Phil McGrane for Idaho,8,16
Justice David Puryear,8,16
David Perry for NC House,8,16
Craig Ford,8,16
Brodehl For County Commissioner,8,16
Anna For Florida,8,16
AAPIs for Civic Empowerment Education Fund,8,16
Texas AFL-CIO,8,15
Nevada Moms Care,8,15
Kirk French for Council,8,15
Karen Cares for New Mexico,8,15
Women for American Values and Ethics - WAVE,7,37
Montgomery County for Nancy Floreen,7,37
Lee Zeldin,7,37
Hotel Workers for Stronger Communities,7,37
Cottie for State Assembly,7,37
Support Dorene Rodriguez Hoops for IPS,7,36
Richard Cordray for Ohio,7,36
FloridaStrong,7,36
Felicia French for Arizona,7,36
NRCC IE,7,35
Laura Gregory for Probate Judge,7,35
Justice Cindy Olson Bourland,7,35
Devon Mathis For Assembly,7,35
Dan Reiman,7,35
You Should Know Arizona,7,34
Pennsylvania Values,7,34
NYC Votes,7,34
"Main Street Law Firm, PLLC",7,34
Joe Gruters,7,34
Brian Frosh,7,34
Anne Oliva for Millbrae City Council,7,34
The Brand Establishment,7,33
Friends of Justine Caldwell,7,33
Brush Fires PAC,7,33
Vote No On Edward Moss,7,15
The Christian Left,7,15
Rebecca For Idaho,7,15
New Spire Arts,7,15
Do You Have A Plan To Vote On November 6th?,7,15
Vote NO on 5,7,14
Vermont Conservation Voters,7,14
USCCA,7,14
Scott Ourth for State Representative,7,14
Randy Price,7,14
Peter Franchot,7,14
Jerry Nolte for Clay County Presiding Commissioner,7,14
Glenn Perry For Pitt County District Attorney,7,14
Civil Justice Association of California,7,14
NC House Republicans,7,13
NAVC,7,13
Jon McCabe For PA House 54,7,13
North Carolina Democratic Party,6,32
Democratic Party of Georgia,6,32
Yale Environment 360,6,31
Support Sandoval Health,6,31
Steel City Stonewall Democrats,6,31
Santa Ynez Band of Chumash Indians,6,31
Dennis Dugger for State House,6,31
North Dakota Republican Party,6,30
NextGen America,6,30
ATPE - Association of Texas Professional Educators,6,30
UltimateStraw,6,29
Hoosier Horizon,6,29
Stand For Salmon,6,28
"Re-elect Ruben Coronado, CPA, Central Unified Trustee Area 2",6,28
MJ for Texas,6,28
Fix Our Schools Now,6,28
Chad Brown- Gaston Co. Commissioner,6,28
Beesponsible,6,28
Artists for Progress,6,28
AARP Alaska,6,28
Everybody Is For Amendment 2,6,27
Vicente Gonzalez for U.S. Congress,6,13
The Refugee Center Online,6,13
Rob Woodall,6,13
Mike Bost,6,13
Victoria Neave for Texas State Representative,6,12
Steven Fulop,6,12
State Representative Trent Ashby,6,12
Rick Edmonds,6,12
Jeremy Matlow,6,12
Gus Bilirakis for Congress,6,12
Greater Than Fear,6,12
For Our Future Ohio,6,12
Committee to Rebuild Maine's Middle Class,6,12
Tennessee Republican Party,6,11
Richard Woods for State School Superintendent,6,11
Hoboken Councilman Mike DeFusco,6,11
No on Measure M - Too Expensive / Doesn't Work,5,27
Monique Clement for Judge,5,27
Freedom for All Americans,5,27
Defenders of Wildlife,5,27
Anthony Scaramucci,5,27
Who is Jen Lunsford?,5,26
Sierra Club,5,26
O’Donnell for Congress,5,26
Lisa Calderón for Denver Mayor,5,26
Kevin Stitt for Governor,5,26
Eric Bolling,5,26
Andrea Dalessandro for LD 2 Senate,5,26
Rocky Mountain Gun Owners - Official Page,5,25
Lillian For CT,5,25
Greenpeace USA,5,25
Freedom From Religion Foundation,5,25
Dana Maxfield for Vermont State Senate,5,25
Collin County Democratic Party,5,25
"Zito Media - High Speed Internet, Digital Cable TV, & Digital Voice",5,24
Sean Shaw,5,24
Nathan Wadsworth: Representative Maine State House: District 70,5,24
Judge Michael E. Vigil,5,24
Delegate Jason S. Harshbarger,5,24
David West for Jessamine County Judge Executive,5,24
North Dakota Democratic-NPL,5,23
Movement Voter Project,5,23
Katie Miranda Studios,5,23
Paul Pate for Iowa,5,11
Nankervis for House,5,11
Jeremy Ring,5,11
Dennis Foust for Commonwealth’s Attorney,5,11
Christine Rosati Randall for State Representative,5,11
Chrissy Sommer MO State Rep,5,11
AFT - American Federation of Teachers,5,11
Thomas Oh,5,10
Sandy Piña California Delegate,5,10
Rick Beck for Arkansas State Representative District 65,5,10
Kevin Brady for Congress,5,10
Judge David Rodriguez,5,10
Joe Cunningham,5,10
Colorado Resistance,5,10
Michigan Strategic Leadership Fund,5,9
Karen Kukurin for Harford County Council C,5,9
Jacky Rosen for Nevada,5,9
Elect Jake Abadie - Youngsville City Council Division C,5,9
Choose Me Not 3,5,9
"Avrum J. Rosen for New York State Assembly, 12th Assembly District",5,9
Steinberg for State Representative,4,22
Charleston Metro Chamber of Commerce,4,22
Bakersfield Chamber of Commerce Political Action Committee,4,22
Paul Buhr Wisconsin Assembly,4,21
New Mexico Working Families Party,4,21
Marilyn Stewart for Alaska State House,4,21
Keith Rothfus,4,21
Jeff Pravato for Senate,4,21
James Field,4,21
Heidi Heitkamp,4,21
Heidi Clayman For Osseo School Board,4,21
Washington Community Action Network,4,20
Vicki Donovan Lyle for State Board of Education,4,20
Truth About Selma,4,20
Solar Rebate,4,20
RYAN BUNDY for Nevada,4,20
Michael Garrett for NC Senate 27,4,20
Mark Ellebracht,4,20
Lisaandmikeforclintontowncouncil,4,20
Kim Oldham for State's Attorney,4,20
Jim Beck for Insurance Commissioner,4,20
Idaho Democratic Party,4,20
Campbell Mayor Paul Resnikoff,4,20
Anthony Stewart,4,20
SanBrunoNow,4,19
SECoast,4,19
Rick Scott,4,19
Re-elect Mayor Cheryl Viegas-Walker,4,19
PACE (People's Action for Clean Energy),4,19
Ottawa GOP,4,19
Matt Fleming for County Commission - District 4,4,19
LevinTV on CRTV,4,19
Law Offices of L. Clayton Burgess - Lafayette Attorney,4,19
Kibbe on Liberty,4,19
Jay Gonzalez,4,19
Everytown for Florida,4,19
Danny Tarkanian Can’t Hide The Truth,4,19
Chris Murphy,4,19
Cedar Valley Activate,4,19
Caroline Walker for NC Senate,4,19
Can We Trust Scott Taylor,4,19
TakeAction Minnesota,4,18
Pennsylvania Leadership Committee,4,18
My Child. My Choice.,4,18
Mike Spence,4,18
MaryEllen Odell,4,18
Marie Gleason,4,18
Lina Hidalgo for Harris County Judge,4,18
Leslie Irving,4,18
Collins for County Commission,4,18
Circa,4,18
Catholic Relief Services,4,18
Anthony Brindisi For Congress,4,18
Anime NYC,4,18
Ron Kind,4,9
"Rep. Ted Davis, Jr.",4,9
Keep Judge Reynolds,4,9
Casey Weinstein for State Rep,4,9
Working Families for a Strong Benicia,4,8
South King County Deserves Better,4,8
Salgado for School Board,4,8
Patti Minter for Kentucky,4,8
Lorie Burch for Congress - TX-3,4,8
Lincoln Land Wind,4,8
Jerry Petrowski for State Senate,4,8
Fred Upton,4,8
Drew Pate for MD State Delegate - District 41,4,8
Deborah Hooker for County Judge,4,8
ClearPath Action Fund,4,8
Brandi Jude,4,8
American Federation for Children Action Fund-GA Legislative IE Committee,4,8
Adam Gardiner,4,8
"Representative George Dodge, Jr.",4,7
Jim Francis for U.S. Congress,4,7
VoteLeone.Org,3,17
V.A. Shiva Ayyadurai,3,17
Sharon Girard for AZ Senate LD8,3,17
Renee Hoagenson for Congress,3,17
Progress California supporting Ricardo Lara for Insurance Commissioner 2018,3,17
Paul Walker for Congress,3,17
Nocito and Ravitz for Voorhees,3,17
Kim Olson for Commissioner of Agriculture,3,17
Kate Bowling for Judge,3,17
Elect Karl Dean,3,17
Contra Costa Republican Party,3,17
Concealed Online,3,17
California Water Alliance,3,17
Senator Beth Martinez Humenik,3,16
Republicans for Ted Belleavoine,3,16
Omar Navarro,3,16
National Religious Campaign Against Torture,3,16
Liberty Watch Magazine,3,16
Learn Our History,3,16
Kathy Manning,3,16
Jana Lynne Sanchez for US Congress,3,16
George Hindman TX State Senate,3,16
Dean Hrbacek for Judge,3,16
American Academy of Ophthalmology PAC,3,16
The Boeing Company,3,15
Support Our Schools,3,15
Senator Tom Rooney,3,15
Senator Michael Sirotkin,3,15
Ryan McAdams For Congress,3,15
Riggs For Missouri,3,15
Representative Tom Cox,3,15
Rant Nation with Graham Allen,3,15
Ohio Republican Party,3,15
No Labels Action,3,15
Michael Trost Midland City Council At-Large,3,15
Matt Adamczyk for State Assembly,3,15
LifeDaily,3,15
Karen Handel,3,15
Joshua Hoover for School Board 2018,3,15
Giffords,3,15
E. O. Wilson Biodiversity Foundation,3,15
Drew Landry for State Representative - District 83,3,15
Debbie Wasserman Schultz,3,15
Bill Dodd,3,15
14th District GOP of Georgia,3,15
Washington County Democratic Central Committee,3,14
Vote Together NC,3,14
Tom Brandt for Legislature,3,14
Swing Left,3,14
Senator Sharon Brown,3,14
"Robert Kennedy, Jr.",3,14
Reality Alert & Election Forum,3,14
Re Elect Bob Hebert - Fort Bend County Judge,3,14
Randy Blankenship for Mayor 2018,3,14
Planned Parenthood Minnesota Advocate,3,14
Nevada Conservation Political Action,3,14
Matt Baker for Round Rock City Council Place 3,3,14
Mark LaRusso City Council Dist. 2,3,14
Lorrin Freeman,3,14
Kimberlin Brown,3,14
Karen For Kentucky,3,14
Joe Donnelly,3,14
"Joe A. Cloud, MD for State Rep",3,14
Jillian Gilchrest,3,14
Jesse for Judge Exec,3,14
Freedom Partners,3,14
David Klug for Sarpy County Board,3,14
Dave Williams for Iowa House,3,14
County Above Party PAC,3,14
Colorado Rising - YES on 112,3,14
Citizens for Ethical Representation,3,14
Citizens Clean Elections Commission,3,14
Christina Espar for LaPorte County Prosecutor,3,14
Christian Civic League of Maine,3,14
Better Jobs New Mexico,3,14
Andy Richardson for House District 69,3,14
Alan R. Ostergren for Muscatine County Attorney,3,14
AFT-Harrison,3,14
You Should Know Texas,3,13
Yes on 11 - Californians for Emergency Preparedness and Safety,3,13
Yes for Affordable Housing,3,13
Vote for travis,3,13
Tom O'Halleran,3,13
TUSD Kids First,3,13
Rural and Red Political Action Committee,3,13
Proud Right Winger,3,13
"Paul Van Blarcum, Ulster County Sheriff",3,13
Our Flag Our Country,3,13
One Chance Illinois Action,3,13
Mississippi Humanist Association,3,13
"Mike Nadeau, Candidate for Maine Senate District 1",3,13
Maria Weekes For Judge,3,13
Joe Wilson,3,13
Jeff Dove for Congress,3,13
Jared Henderson for Governor,3,13
Invest in San Mateo-Foster City School District Kids,3,13
FutureinAmerica,3,13
Fred Dorrell For OK Labor,3,13
Elect Linda Cannon,3,13
DeAnna DeBow Osborne for TN House of Representatives District 37,3,13
Daveellisforjudge,3,13
Dan Kildee,3,13
Dan Cronin,3,13
Build CT,3,13
Brazos County Democratic Party,3,13
Brave Response,3,13
Anita Burroughs for NH,3,13
Alexandria Ocasio-Cortez,3,13
350 Seattle,3,13
Brad Bates,3,12
Texas Democratic Party,3,7
Morgan Meyer,3,7
High Desert Energy Experts,3,7
Brian Holley for Deer Springs Fire Board,3,7
Arizona Democratic Legislative Campaign Committee,3,7
Randy Schiller PUHSD Governing Board Member,3,6
Kathy Wolfe Moore,3,6
Gavin Newsom,3,6
Eloise Vitelli for State Senate,3,6
Delores Johnson for FL State House Dist. 84,3,6
Committee to Elect Mark C. Morgan,3,6
Catholics for Choice,3,6
Boricua Vota,3,6
Zero Fatalities Nevada,3,5
Swing State Voices,3,5
Susan B. Anthony List,3,5
Sportsmen and Sportswomen for Tester,3,5
Sara Hannan for Alaska House,3,5
Mike Lee Baltimore County Council,3,5
Melinda Miller for Ohio Senate District 31,3,5
Judge Dawn Gentry,3,5
Howard Marklein,3,5
Civiqs,3,5
Ann Fields for Iowa House,3,5
Vote New York State Senate,2,12
Trusted Conservative,2,12
Tom Weber for State Representative,2,12
TheBradentonTimes.com,2,12
Take On America With OZY,2,12
Stephen McNair for House 97,2,12
Selma Pierce,2,12
San Francisco Deputy Sheriffs' Association,2,12
SLO Climate Coalition - Create a Carbon Free SLO,2,12
SEBA,2,12
Roger Roth for Wisconsin,2,12
Rex Hardin for Mayor Pompano Beach,2,12
Re-Elect Tom Murt for State Representative,2,12
Planned Parenthood Votes South Atlantic,2,12
Phil Robinson for Ohio,2,12
Personal PAC,2,12
Otha Thornton For Georgia State School Superintendent,2,12
Ohio Student Association,2,12
Natalia Ioffe for JCBOE,2,12
Mike Gallagher,2,12
Mayor Matt Hall,2,12
"Marion ""Coach"" Bonura Jefferson Parish School Board District VIII.",2,12
Marcus Almon for Ramsey County Judge,2,12
Maine Coast Heritage Trust,2,12
Lee Saunders,2,12
La Quinta Councilman Robert Radi,2,12
"Joel Corban Ortega for The Colony City Council, Place 1",2,12
"Jeff Delahoussaye, for Councilman At Large - City of Broussard",2,12
Ivan Pandiyan for Shakopee School Board,2,12
House Majority PAC,2,12
Holmdel Republican Party,2,12
Geoff Diehl,2,12
Everytown for Lucy McBath,2,12
Elect Judge Valerie Bradford Davis,2,12
Commissioner John O'Connor,2,12
Americans for Prosperity-Michigan,2,12
UAW International Union,2,11
The California Endowment,2,11
Ted Cruz,2,11
Susan Stallings for Oklahoma County District Judge,2,11
State Representative Michael Day,2,11
South Dakota Republican Party,2,11
River City TV,2,11
Pat Burke,2,11
NJ7 Citizens for Change,2,11
MyRoar,2,11
Misty Miller For Judge,2,11
Michele Vass for Rocklin City Council,2,11
"Matt Taylor - Trustee, Yolo County Board of Education",2,11
Mary Robnett,2,11
Kevin Hoerner for Judge,2,11
Kate Brown,2,11
Jewish Democratic Council of America,2,11
Jay Ruderman,2,11
Janice McGeachin,2,11
James Duerr for Congress District 27,2,11
Insurance4Dallas,2,11
Insurance Latino,2,11
Hunt for RI District 68,2,11
Hold The Majority,2,11
Grier for State House,2,11
George Brauchler for Colorado,2,11
Friendship Place,2,11
Diane Seaman for Ky House,2,11
Deputy Sheriffs' Association of Santa Clara County,2,11
Colorado Children's Campaign,2,11
Blue Ridge Wealth,2,11
Ben Chapman for County Board,2,11
Americans for Prosperity-Kansas,2,11
America First Policies,2,11
We Are AD 15,2,10
Vote Yes! for Saint Paul Kids,2,10
Vote NO on 1631,2,10
Tom Basile for State Senate,2,10
The Heritage Foundation,2,10
Senate Majority PAC,2,10
Re-Elect Tedd C. Nesbit,2,10
Re-Elect Senator Phil Boyle,2,10
Planned Parenthood Advocates of Ohio,2,10
Pittsburgh Lesbian Correspondents,2,10
People's World,2,10
NJ 11th For Change,2,10
My Faith Votes,2,10
Mike Revis,2,10
Mike Malone,2,10
Matt Lederer for Assembly,2,10
Kenny Marchant,2,10
Keep Oregon's Promise,2,10
Jon Tester,2,10
Johnny Olszewski for Baltimore County Executive,2,10
Joel Keller for BART,2,10
Jason Nichols for Congress,2,10
HealthCareWithoutHarm,2,10
Floridians For Clean Water,2,10
Elect Judge John Sanders,2,10
Elect Derek Timm for Scotts Valley City Council,2,10
Dennis Prager,2,10
David N. Cicilline,2,10
Cox For Rockdale,2,10
Councilman Marc Aveni,2,10
Claudia Tenney Wrong for NY,2,10
Chesapeake Bay Foundation,2,10
Center for Arizona Policy Action,2,10
Bill Groff For Bellmawr Mayor 2018,2,10
Arnold For Texas House 12,2,10
Wyoming Wildlife Federation,2,9
When We All Vote,2,9
VoteTogether,2,9
Trumpatwar,2,9
Today's Nation,2,9
Texas Alliance for Life,2,9
SubjectPolitics,2,9
Student Success Matters,2,9
Serino4NY,2,9
Representative David DeCoste,2,9
Rep. Dario Anselmo,2,9
Paul Lilly for Brown County Judge,2,9
Patrick O'Connell For Wayne County Commissioner District 15,2,9
More MonmouthMusings,2,9
Military Network,2,9
Michael Hall for Mayor - Corpus Christi,2,9
Mary Beth Alexander for School Board,2,9
Linda Koop,2,9
Kevin Lopez for Texas Senate District 30,2,9
Karen Feldman for State Representative,2,9
Jess King for Congress,2,9
Janet Garrett for Congress,2,9
Family Friendly PAC,2,9
Elevate Ohio,2,9
Dr. Ken Wright for US Congress,2,9
District 8,2,9
Democracy for the People Initiative,2,9
Cindy Holscher for Kansas,2,9
Central Valley Citizens for Responsible Government,2,9
Cedric Williams,2,9
Carlton Wing State Representative District 38,2,9
Brian Prim for WV Senate,2,9
Brenda Elmer for Moorhead Mayor,2,9
Block Asian Carp,2,9
Arkansas Federation for Children Action Fund,2,9
Anybody but Kim,2,9
Aaron Gladd for State Senate,2,9
Women for Tester,2,8
Winning For Women,2,8
Wendy Sue for Wisconsin,2,8
The Tilted Glass,2,8
Tennessee Democratic Party,2,8
Taylor Sappington for State Representative,2,8
Suraj For Milpitas City Council,2,8
Sue Chan for Ohlone Board Trustee,2,8
State Rep. Jim Lyons,2,8
State Rep. Dwayne Thompson,2,8
Republican Party of New Mexico,2,8
Parisima Taeb for Florida,2,8
North Dakotans for Public Integrity,2,8
NRDC Action Fund,2,8
Morning In Nevada,2,8
Michigan One Fair Wage,2,8
Matthew Chalmer Wireman for Judge/Executive,2,8
Maryland State Education Association,2,8
Laura Christman for Mayor of Cherry Hills Village,2,8
Kelly Hancock,2,8
Kelly Hake for District Judge,2,8
Judge Bob Vance for Chief Justice,2,8
Javier Enriquez for State House,2,8
Janelle Bynum,2,8
Jacob Turk for Congress,2,8
Frank Vaslo for Lincoln Park City Clerk,2,8
Ethos Research,2,8
Democrats Need to Vote,2,8
Cory Wolbach,2,8
Citizens for Theresa Schmitt,2,8
"Celina Vasquez for Justice of the Peace, Pct. 4",2,8
Building Stronger Communities,2,8
Bill Moseley Bend City Councilor,2,8
Austin Redmon for Circuit Court Clerk,2,8
Ashleigh Aitken,2,8
Art Bredemeyer,2,8
Alaska Republican Party,2,8
AARP Hawaii,2,8
26th Legislative District Democrats,2,8
Tom Stewart for 6th District Judge,2,5
Sarah Smith for Circuit Judge,2,5
Perry Gershon for Congress,2,5
Illinois Family Institute,2,5
Zane Chenault for Washington County Treasurer,2,4
Vote No On Brian Maienschein,2,4
Senator Dan Innis,2,4
NowThis Her,2,4
Les Smith for El Centro City Council,2,4
Human Coalition,2,4
Faulkner County Democratic Party,2,4
Elect Rick Watson,2,4
Elect Jason Smith for Court of Appeals,2,4
Democrats for Education Reform DC,2,4
Clean Arizona Corporation Commission,2,4
Clay Moïse for School Board,2,4
Bera for Congress,2,4
Amy Bublak,2,4
Shareblue Media,2,3
"Eric J. Tabor, Thibodaux City Councilman",2,3
Emily Sirota for House District 9,2,3
Animal Matters,2,3
Vets For Jess,1,7
The Years Project,1,7
Texas Disposal Systems,1,7
Teamsters,1,7
Sherry Roberts RI House Representative District 29,1,7
Sharon Hirsch for Texas HD 66,1,7
Re-Elect Robert J. Vargas for County Court at Law 1,1,7
Rafa Dueñas for City Council District 6,1,7
Partners in Healthcare,1,7
One Iowa Action,1,7
No on Measure WW,1,7
Nevada State Democratic Party,1,7
Nebraska Republican Party,1,7
National Security Action,1,7
Monroe County Democrats - IL,1,7
Missouri Farm Bureau,1,7
Mike Roberts Candidate for Thompsons Station Mayor,1,7
Mi AZ Campaign,1,7
Laurie Rushing for State Representative District 26,1,7
Kimberly Yee for Arizona,1,7
Kentucky State AFL CIO,1,7
Julie Kushner for State Senate,1,7
Judge Gregg Iddings,1,7
Judge Dennis Deters,1,7
John Kiehne for State Senate,1,7
John Barrow,1,7
JoeyRios,1,7
Joe Kaufman for Congress,1,7
Joanne Powell for Worcester County Clerk of Courts,1,7
Jen Jordan - GA State Senator District 6,1,7
JD Wooten for NC Senate,1,7
Honolulu County Republican Party,1,7
Harper Peterson for NC Senate,1,7
Harley Rouda,1,7
Future Majority,1,7
Firefly Engagement,1,7
Everyone in LA,1,7
Eric Valley for District Court Judge,1,7
Elect Marcia Morgan,1,7
"Elect Christen Finley for Judge, Lawrence County Court of Common Pleas",1,7
DefendArizona,1,7
David Nelson for Idaho,1,7
County Commissioner Lincoln county D#3 election,1,7
Claire McCaskill,1,7
Chirla ActionFund,1,7
Change to Win,1,7
CASA in Action,1,7
Building Homes For Heroes,1,7
Brian Strickland for Georgia,1,7
Bozeman Health,1,7
Atascosa Stop Forced Annexation,1,7
"Andy Bozak, County Council",1,7
American Wild Horse Campaign,1,7
Adams for West Virginia,1,7
Adam Smith for Congress,1,7
960 The Patriot,1,7
iVote,1,6
William Weatherby,1,6
Will Conley,1,6
Votedrkevin,1,6
Vote Lauren Lareau,1,6
The Tax You Don't Pay,1,6
Synthisophy,1,6
Stamas Leadership PAC,1,6
Stacy White,1,6
Southern Environmental Law Center,1,6
Scott Alonso for Petaluma City Council,1,6
Save Idaho Horse Racing,1,6
Riverside County Sheriff Stan Sniff,1,6
Richard Marks for Harbor District,1,6
RenoElections.org,1,6
Red River Rotary,1,6
Pulso Boricua,1,6
Prop 4: Better Boundaries,1,6
Peoria IL County Democrats,1,6
My Pay My Say,1,6
Michael Knowles,1,6
Louisiana Chemical Association,1,6
LAFed Action,1,6
Kiara Ashanti's Author Page,1,6
Karl Racine,1,6
Judge Wayne L. Mack,1,6
Josh Haeder for State Treasurer,1,6
Jorge Pacheco Jr. for Oak Grove School Board,1,6
Jodey Arrington,1,6
Jim Howell - Sedgwick County Commissioner,1,6
Idahoans for Healthcare,1,6
High Ground,1,6
Gus for the 47th Ward,1,6
Eric Early,1,6
Elect Zahra Roach,1,6
East Bay Young Democrats,1,6
Dina Pielaet for Trustee,1,6
Desley Brooks,1,6
Dave Yost,1,6
Dallas For Mayor,1,6
Christians for Beto O'Rourke,1,6
Chris Stewart,1,6
Charles de Coune for Oklahoma State Treasurer,1,6
Catskills Freedom Network,1,6
Carter Turner for Delegate,1,6
Carlee White Gonzales for Hammond City Council District 2,1,6
Bruce Griffey for State Representative,1,6
Boulder City Neighborhood Association,1,6
Benjamin Dunn for State Senate,1,6
Amy Cozze for State Rep,1,6
Alliance for a Better Minnesota,1,6
AARP Oklahoma,1,6
Young America's Foundation,1,5
Yes On 1631,1,5
"Tucker Poling, Prairie Village City Councilman - Ward 3",1,5
Tony Skinner for Delaware County Sheriff,1,5
Theresa Thibodeau for Legislature,1,5
The Nib,1,5
The News and Why It Matters,1,5
Texas SD 17 Democrats,1,5
Tara Energy,1,5
Susan Wild for Congress,1,5
Shireen for Congress,1,5
Shannon Bird for Colorado,1,5
Sean Carrigan for Congress,1,5
Save Our Schools Oklahoma,1,5
Robert Butler for Senate,1,5
Restoring Justice - Patrick S. Flynn 2018,1,5
Representative Bobbie Richardson,1,5
Re-Elect County Commissioner Lee Gabel,1,5
Perry for Kansas,1,5
Penny Shaw,1,5
Olmsted County GOP,1,5
New Hampshire Democratic Party,1,5
Montanans for the Six Mill,1,5
Midwest Hospital Workers Rising,1,5
Michael Noland for Kane County Judge.,1,5
Megan Seay,1,5
Maine Matters,1,5
Lori Wahila for Town Of Union Council,1,5
Lizzie Pannill Fletcher for Congress,1,5
Lindsay Hughes Thurston For Judge,1,5
Lesley for CU Regent,1,5
Karla Silvestre for the Board of Education At-Large,1,5
KWTV - NEWS 9,1,5
Jose Lara for ERUSD 2018,1,5
John Catsimatidis,1,5
Joe Manchin,1,5
Joe Espinola For State Senate,1,5
Joe Elsberry for ND House,1,5
Jobs for Montana PAC,1,5
Jim Costa for Congress,1,5
Jen Mangrum for NC Senate,1,5
Jay Inslee,1,5
Jared Polis,1,5
James G. Leslie For State Rep.,1,5
It’s Our America,1,5
Illinois State AFL - CIO,1,5
Hunter for Papillion,1,5
Human Rights Campaign,1,5
Greene 4 Mayor,1,5
Greater Baton Rouge Industry Alliance (GBRIA),1,5
Gasparilla Vacations,1,5
Families For Tennessee,1,5
Elaine Luria for Congress,1,5
Dennis Brewer for Circuit Court Judge,1,5
David Fernandez,1,5
Danny Davis,1,5
Cynthia Ward for Judge,1,5
Cooper for Fairview,1,5
Cody Bass for South Lake Tahoe City Council,1,5
Cochrane For Sheriff,1,5
Christy Smith for 38th,1,5
CVNM Verde Voters Fund,1,5
CRTV,1,5
Brian M. Middleton for District Attorney,1,5
Brendan Banks for Crystal City Council,1,5
Bob Krist for Governor,1,5
Ann Meyer for State House,1,5
Andrew Wilkow,1,5
ACLU of Northern California,1,5
Wisconsin Leadership Committee,1,4
Whatcom County Deserves Better,1,4
Vote for Tim Thompson,1,4
Vincent Gwin For Berea City Council,1,4
U.S. Chamber of Commerce,1,4
Truth in Annapolis,1,4
Todd Stephens,1,4
Tim Lizer for Bourbon County PVA,1,4
The Atlas Society,1,4
The Alaska Support Industry Alliance,1,4
Teri Plagmann for Linn County Judge,1,4
Ted Budd,1,4
Stan Booker for Mayor,1,4
Stacey Guerin for Senate,1,4
Speak Up For Education and Kids,1,4
Sivoli For Senate,1,4
Savio for Senate,1,4
Sarasota citizen Martin Hyde,1,4
Ryan Graham for Georgia Public Service Commission,1,4
Richard Cordray,1,4
Restoration PAC,1,4
Republican Party of the United States Virgin Islands,1,4
Republican Party of Wisconsin,1,4
Rene Spring - MH Councilman,1,4
Ramona Thompson for TX House,1,4
Posey County Democrats,1,4
Planned Parenthood Action,1,4
Planned Parenthood,1,4
No Prop 8 - Stop the Dangerous Dialysis Prop,1,4
No On Prop 112,1,4
Monica Wallace for Assembly - NY 143rd,1,4
Mike Toth for Justice,1,4
Michigan Freedom Fund,1,4
Mayor Brian Arrigo,1,4
Martin Harry,1,4
Mark Lindquist,1,4
Maricopa County Democratic Party,1,4
Leadership for Maine’s Future,1,4
Laxalt Taking Nevada Backward,1,4
Kirsten Engel,1,4
Ken Montera for CU Regent At-Large,1,4
Kathy McGuiness for Auditor,1,4
Kanawha County Democratic Executive Committee,1,4
"Justin Conrad, Guilford County Commissioner",1,4
Judy Justice for School Board,1,4
Judge Leverett for District Judge,1,4
Judge Ciaccio for Supreme Court Judge,1,4
Joe Hooe for Senate,1,4
Jim Himes for Congress,1,4
Jessica Vealitzek for Lake County,1,4
Jena Griswold for Colorado,1,4
Jason Elliott - SC State House Representative,1,4
James Talarico,1,4
Hugh Hewitt,1,4
Greg Walden,1,4
Get Your Voting Record Grade,1,4
Friends of Judge Roger Webber,1,4
FreedomWorks,1,4
Elect Matt Shelby,1,4
Elect E. Ryan Hall for Judge,1,4
Educators for Thurmond for State Superintendent of Public Instruction,1,4
Eddie Lorton for Mayor,1,4
Dr. Jim McClendon for Senate,1,4
Democrats,1,4
Delegate Larry Rowe,1,4
Defend Oregon,1,4
Craig Christiansen for State Representative,1,4
Civic Shout,1,4
Chuck Ellinger - Council At-Large,1,4
Chad Magendanz,1,4
Carnelia Fondren For Chancery Court Judge,1,4
Brad Harris For Marshal,1,4
Beto O'Rourke,1,4
Barzizza for Mayor,1,4
Barbara Yates-Lockamy For NC House 2018,1,4
Andy Kim for Congress,1,4
Andrew Rasmussen for Iowa House,1,4
Americans for Peace and Tolerance,1,4
American Exchange,1,4
Alexander For Alaska,1,4
AARP Colorado,1,4
A Novice Journalist,1,4
Wisconsin Budget Project,1,3
We the People - Pennsylvania,1,3
WNV - North Dakota,1,3
Vote For Richardson ISD,1,3
Veterans First,1,3
Verelyn For Maryland,1,3
Tim Bjorkman,1,3
The National Women's Health Network,1,3
Susan McLain,1,3
Susan Funk for City Council,1,3
Sunday Gover for Assembly,1,3
Southwest Transplant Alliance,1,3
Southwest Coalition for Life,1,3
Simon for House,1,3
Sheriff Todd Gibson,1,3
Sheldon Whitehouse,1,3
Share San Diego,1,3
"Sanford Heisler Sharp, LLP",1,3
Ryan Mosley for State Representative,1,3
Ryan Ferns - WV State Senate,1,3
Rodolfo Cortes Barragan for Congress,1,3
Republican Governors Association (RGA),1,3
Representative Lee Perry,1,3
Representative Barbara McLachlan,1,3
Reform Austin,1,3
Priorities USA Action,1,3
Our Revolution Mid-Missouri,1,3
Neil Couch for District 5 School Board,1,3
Modern Print Artwork,1,3
Missouri House Victory Committee,1,3
Miaz,1,3
Matt Rinaldi,1,3
Matt Irwin for Aroostook County Sheriff,1,3
Mark Walker,1,3
Mark Harris Not For Us,1,3
Marci Shaver,1,3
Larry Elder,1,3
Kelly Northcutt for State Senate,1,3
Kali Fox Miller,1,3
John B. Larson,1,3
Jeremy Cooney,1,3
Jennifer Jermaine for AZ LD18 House,1,3
Jennie Earl State School Board,1,3
Janemarie Vander Dussen -  For Magistrate Judge District 1,1,3
Jane Bauder for Logan County,1,3
Jamie Smith,1,3
Fipple,1,3
Everytown for Gun Safety,1,3
Enfield Republican Town Committee,1,3
Donahue for State House District 68,1,3
Delegate Eric Nelson,1,3
David Smith for State Representative,1,3
Corey Orgeron for Ascension Parish School Board,1,3
Co-ops Vote,1,3
Cherokee Strip Company,1,3
Brad Bonham,1,3
Bob Miller for Red Bluff Joint Union High School District Board,1,3
Be A Hero,1,3
Arthur Castillo for State Treasurer,1,3
American Values PAC,1,3
Alex4Wyoming,1,3
Adams 12 CAN for Kids,1,3
ACLU of Oregon,1,3
AARP MN,1,3
AARP Georgia,1,3
Republican Assembly Campaign Committee (RACC),1,2
I'm for Grover,1,2
Fletch4Nevadans,1,2
Dustin Daniels for Mayor,1,2
D'Alessio Law Group,1,2
Cort VanOstran for Congress,1,2
CM Voter Center,1,2
Better With Age,1,2
Voces de la Frontera Action,1,1
Heifer International,0,999
Planned Parenthood Votes Northwest and Hawaii,0,500
Derby Lane,0,500
Solomon 4 Melissa City Council Place 6,0,250
Jaimie Wilson,0,200
Americans for Food and Beverage Choice,0,200
Kenan Baldridge NYS Senate 54th District,0,125
USA Energy Program,0,83
The Fortune Society,0,77
David Baria for Mississippi,0,43
Maura Healey,0,36
Representative Steve Mentzer,0,32
Angus King,0,32
Tom Malson for Galt City Council 2018,0,29
Collin Warren for State Representative,0,28
GOP,0,27
Progress Michigan,0,26
Senate Leadership Fund,0,23
The Western Journal,0,22
Laura Devlin for State Representative,0,22
Huntington Republican Committee,0,21
Mary Barzee Flores for Congress,0,20
Anthony D'Urso for Assembly,0,20
WomenStrong International,0,19
Clearing out the Clutter,0,19
Stand Up America,0,17
Gail Young for North Carolina,0,17
Alexander Street,0,17
White for Constituent School Board District 9,0,15
Prizeo,0,15
Kathleen Rice,0,15
Exclusive Apparel,0,15
Council of Community Housing Organizations,0,15
Always On NY,0,15
Stacey Abrams,0,14
Laura Sturgeon,0,14
Forsyth County Democratic Party,0,14
America with Eric Bolling,0,14
The Decline and Fall of America Starring Jim Greenfield,0,13
Ro Khanna,0,13
Nance Arquiett For St. Lawrence County Legislator - District 11,0,13
Marc Snyder for House District 18,0,13
Logan Harvey For Sonoma City Council,0,13
La Verne Proud,0,13
Katie Porter,0,13
John Bliss for Los Alamos County Council,0,13
Jerry E. Langley,0,13
John MacDonald for State Senate,0,12
Dal Bunn for Supervisor,0,12
Clinton County Illinois Democrats,0,12
Vote Raymond Beaty,0,11
Team5 TCAPS,0,11
Kyrsten Sinema,0,11
Amnesty International USA,0,11
"Yvonne Martinez Beltran for Morgan Hill City Council, 2018",0,10
Steven Horsford,0,10
Stephanie Murphy for Congress,0,10
Lebowski Lovers,0,10
Laurie Pryor for State Representative,0,10
John Chrin for U.S. Congress,0,10
HomeGrown Tees,0,10
Home Professionals,0,10
Da'Quan Love for NC House,0,10
Christine Drazan for State Representative,0,10
Carl DeMaio,0,10
Buffy Wicks,0,10
Aspire Fashion,0,10
TaxAct,0,9
Sarah Smith for US Congress,0,9
National Domestic Workers Alliance,0,9
Jonathan Schechter for Town Council,0,9
Human Rights Watch,0,9
Elect Knecht for AZ Senate,0,9
Danarius Hemphill for Oakland Community College Board of Trustees Member,0,9
Colin Schmitt,0,9
"Access Reproductive Care-Southeast, Inc.",0,9
"Yes on Prop E: Arts for Everyone, Doesn't Raise Taxes",0,8
Yes on Measure F,0,8
Women's March on Washington - Pittsburgh,0,8
Portside,0,8
Naomi Levin,0,8
Mackey for Juneau Assembly,0,8
Jason Donati for County Commissioner,0,8
David Haubert for Dublin Mayor,0,8
Dan Kohl,0,8
Committee to Elect Janet St Clair,0,8
Chesapeake Bay Group Sierra Club,0,8
Build With Strength,0,8
Abdelnasser Rashid for Cook County Commissioner,0,8
Working Families Party,0,7
Wellness.com,0,7
Voice of the Sea,0,7
Summit Republicans,0,7
Senator Brian Zehnder,0,7
Science for Humans and Freedom Institute,0,7
San Francisco Democratic Party,0,7
Ryan Rauschenberger-Tax Commissioner,0,7
Rudy Peters for Congress,0,7
Neil Hansen for Commissioner,0,7
Mikie Sherrill,0,7
Melissa Hiatt for District 13 Senate,0,7
Mark Lynch For Register of Wills,0,7
Lupe Valdez,0,7
Kulkarni for Congress,0,7
Jody Voss for Mayor,0,7
Iniosante,0,7
Go Party USA,0,7
Flaherty For Judge,0,7
EllynJeager4ga,0,7
Elect Jennifer Rancourt,0,7
"Debbie Kroshus, Burleigh County Recorder",0,7
David Herrera for 26th Ward Alderman,0,7
Colin Rafferty for Delran Board of Education,0,7
"Cindy Silva, Walnut Creek City Council",0,7
AFSCME Local 4041,0,7
your NEWS,0,6
Working America,0,6
Westminster Teachers Association,0,6
Vicente Reid for West McDowell Justice of the Peace,0,6
Thomson Reuters for U.S. Tax & Accounting Firms,0,6
The Management Trust,0,6
Tejasinha Sivalingam,0,6
Stretch the Truth,0,6
State Representative Scott Storms,0,6
Sojourners,0,6
Resist Trump's agenda,0,6
Pete Sessions,0,6
Perello 4 Performance 2018,0,6
Pat Boyd,0,6
NEA Today,0,6
Matt Vaca Sams for OUHSD School Board 2018,0,6
Make Life Good,0,6
Lone Star Solar Energy,0,6
Kenneth Mejia for Congress,0,6
Katherine Kerr Kubatzky for Justice of the Peace #3,0,6
Global Warming Solutions,0,6
Gary George 4 Chino,0,6
Essex Democrats,0,6
Dr. Katie McBrine for State Senate,0,6
Dr. Gina Nick for NMUSD School Board 2018,0,6
Dianne Little for NC House,0,6
Colorado Times Recorder,0,6
Chuck Martin - Georgia State House Representative,0,6
"Career Firefighters Association of Frederick County, MD Local 3666",0,6
CRTV Tonight with Gavin McInnes,0,6
Bill Saxton,0,6
April Sither for Scarborough Board of Education,0,6
Alliance for Gun Responsibility,0,6
Al Redmer Jr,0,6
45th President Donald J. Trump,0,6
Tony Luetkemeyer,0,5
Tim Counihan for Hood River City Council,0,5
The Dean Obeidallah Show,0,5
State Representative Sheri Jesiel,0,5
Stacey Ashlund for Palo Alto School Board,0,5
Senator Paul Feeney,0,5
Save The Old Atlanta Prison Farm,0,5
Radio Latino INC,0,5
QuipWits,0,5
Public Defender Association,0,5
PrintedKicks,0,5
Paul Evans for Judge,0,5
Patriot Depot,0,5
National Popular Vote dot com,0,5
Nashua Democrats,0,5
Mike Smith,0,5
Mike Conaway,0,5
MasterClass,0,5
Marsy's Law for Florida,0,5
Mariah Phillips for Congress,0,5
Linda Bennett,0,5
League of Conservation Voters,0,5
Lawrence County Democratic Party - Indiana,0,5
"Julie Ann Nitsch, Trustee",0,5
Johnathan S. Perkins,0,5
"Jay Trapani for Mayor  Waveland, MS",0,5
Janet Pritchett for HSE School Board,0,5
Independent Voter,0,5
Idaho Conservation League,0,5
Hebrew Israelite Seed of Abraham Tribe of Judah Disciple of Christ,0,5
Gene W. James for San Clemente City Council,0,5
GO Public Schools Oakland Advocates,0,5
Fleming for Putnam,0,5
Dubliners for Change,0,5
Democratic Party of New Mexico,0,5
Darya Klammer for Court of Appeals,0,5
Commuting with Julie,0,5
Chelsea Gill for Delegate,0,5
Bradkevans4RTD,0,5
Bobby Kuppers for NC Senate,0,5
Barry Porsch for Seneca County Judge,0,5
Baltimore County Campaign for Liberty,0,5
Arizona Truth Squad,0,5
Will Coursey,0,4
West Milford Democratic Club,0,4
Vanishingsf,0,4
Up for Growth,0,4
Tim Aalders for US Senate,0,4
The Insurance Squad,0,4
The Facts on Anna Kaplan,0,4
The Baltimore Post,0,4
Terry Jones for District 21,0,4
State Representative Greg Stokes,0,4
Santos For Congress,0,4
Sam Edney,0,4
Rowan County Democratic Executive Committee,0,4
Robert Conklin for Petaluma City Council,0,4
Retirement Elevated,0,4
Reproaction,0,4
Randy Hultgren,0,4
Pfizer,0,4
Patriot Fire,0,4
Paolo Weston,0,4
Oregon State Building and Construction Trades Council,0,4
Oceana,0,4
North Dakotans for Citizen Voting,0,4
National Farmers Union,0,4
Nate McMurray for Congress,0,4
Monica Meredith for Family Court Judge,0,4
Missouri's Voice,0,4
Mayor Gary W. Starr,0,4
"Liz Walsh for Howard County Council, District 1",0,4
Lilie Schoenack for Barnes County State's Attorney,0,4
Legislator Lindy Ellis,0,4
Larry Hogan,0,4
Kim Bost for NC House,0,4
Kevin McCarthy,0,4
Kathleen Cleary for NYS Senate,0,4
Judge David Farr,0,4
Judge Ben Souede,0,4
Jonesing for Justice,0,4
Jonathan Boos for State Representative,0,4
Jo Ann Hardesty for Portland City Council,0,4
Jennifer Benson for NC House,0,4
Island Sign Company,0,4
Harrison County Republican Party,0,4
"Friends of Aurora Highlands Parks - Arlington, VA",0,4
Elect Chris Hale,0,4
Education Matters,0,4
EEEA Teacher PAC,0,4
DiversityInc,0,4
Dinesh D'Souza,0,4
Dean Phillips for Congress,0,4
DeWitte for Illinois Senate,0,4
Dayna Polehanki Democrat for Michigan State Senate,0,4
David Ettman,0,4
Dan Flynn for Texas House District 2,0,4
Councilman Rick Miller,0,4
Commissioner John Lindsey,0,4
Christina Minicucci for State Representative,0,4
"Cheshire, CT Democratic Town Committee",0,4
Care2,0,4
Brady PAC,0,4
Ansonia GOP,0,4
Alan Wilson,0,4
Aimy Steele for NC House 82,0,4
Yes on 1 - Mainers for Home Care,0,3
Women With Purpose,0,3
Vote With Me,0,3
Utah Judicial Performance Evaluation Commission,0,3
Truthout,0,3
Trump 2020 Wear,0,3
The Conservative Read,0,3
"Tasha Lowery, Draper City Council",0,3
Tanya Cabala for State Representative,0,3
Swisher for Idaho,0,3
Super Shuk,0,3
Sue Parrigin for Bowling Green City Commissioner,0,3
Stephanie Zucker,0,3
Scott Simpson & Dancin' Moon Music,0,3
Scott Garren for State Senate,0,3
Save Harley Clarke,0,3
Ric Vandett for NC Senate,0,3
Representative Chris Kennedy,0,3
"Reid Falconer, Louisiana State Representative",0,3
ReElect Vish Chatterji Beach Cities Health District,0,3
Phil Phelps,0,3
Peter Ohtaki  - Menlo Park Mayor,0,3
People to Elect DC Cronin,0,3
Patriot Majority NM,0,3
Oraynab Jwayyed for House District 82,0,3
No on Prop C,0,3
No On Prop 5,0,3
No 5th term,0,3
Nicole Miller for OK,0,3
National Republican Congressional Committee,0,3
NO on 105,0,3
NC Senator Floyd B. McKissick Jr.,0,3
Morning In Nevada PAC,0,3
Mitch Weber for Missouri,0,3
Mayor Byron W. Brown,0,3
Maria Collett for PA Senate,0,3
Mallory Hagan for Congress,0,3
Majority Forward,0,3
Luke Pruitt For Arkansas 77,0,3
"Lora Greene for State Representative - 106th District, Michigan",0,3
Long Island Wins,0,3
Livermore Parents,0,3
Liuba Grechen Shirley-Congress,0,3
League of Women Voters of St. Paul,0,3
LCV Victory Fund,0,3
Kristine Menicucci,0,3
Kevin Cramer's Out for Himself,0,3
Ken Davis 4 Village Council,0,3
Karl Bickel for Sheriff,0,3
Kallen Peret for Arkansas House District 24,0,3
Just Energy United States,0,3
Judge Mike Schneider,0,3
Judge Joseph K.Wood,0,3
Jack Stanton for State Representative,0,3
"JB King for Al State House of Representatives, District 10",0,3
J.D. Mesnard,0,3
International Fund for Animal Welfare - IFAW,0,3
Indivisible Guide,0,3
Independents for ONE Roseland,0,3
Ian Oundo,0,3
I Support Measure I,0,3
Henry Martin for Congress,0,3
Henry County Republican Party,0,3
Hawaii Republican Party,0,3
Hanna for House,0,3
Greg Gianforte,0,3
Gail Lavielle for State Representative,0,3
Finance Watchdogs,0,3
Fenati for MD Delegate Dist 14,0,3
Erie County Democratic Committee,0,3
Eric Holien for Kandiyohi County Sheriff 2018,0,3
Eric Gjerde for Iowa,0,3
"Elect John M. Dunn District Judge for Creek, Okmulgee, and Okfuskee County",0,3
Denise Garner for Arkansas,0,3
Delaware County NY Democrats,0,3
Dallas Jewish Conservatives - DJC,0,3
"Dakota ""Kota"" Young for Mayor",0,3
Cristin McCarthy Vahey for State Representative,0,3
Councilman Anand Shah,0,3
Cory Ann Ellis,0,3
Cook Memorial Public Library District,0,3
Conservation Colorado Victory Fund,0,3
Conservation Colorado,0,3
Committee for Green Foothills,0,3
Calvert County Democratic Party,0,3
Beth Bye 2018,0,3
Beth Barts for School Board,0,3
Asele Mack for Justice of the Peace,0,3
Armed American Supply,0,3
Anne Giuliano For HD 46,0,3
Andrew Gillum,0,3
America's Voice,0,3
Albemarle County Democratic Party,0,3
Aaron Valdez For Maverick County Hospital District Board of Directors,0,3
Zane for School Board,0,2
Weaver for Iowa,0,2
Voters In Charge,0,2
Vote No - Groton Charter Revisions,0,2
Vote NO on the Job-Killing Community Bill of Rights,0,2
Vivian Moreno For City Council,0,2
Trinity Democratic Club,0,2
Trevor McNeil 麥德偉 for Supervisor D4,0,2
Toni Hasenbeck Republican for State House,0,2
Tim Barnsback for NC House,0,2
The NewDEAL,0,2
Texas Values Action,0,2
Terrence Murphy,0,2
Teri McCabe for Utah County Commissioner,0,2
TIDAL,0,2
Sydney Batch,0,2
Susan Lamb for 4th District Council,0,2
Strong Women Society,0,2
Stopping Socialism,0,2
Steve Weichert for AZ Senate,0,2
Steve Sheldon,0,2
Small Town Podcast,0,2
Senator Spineless Dean Heller,0,2
Seafood Harvesters of America,0,2
Scott E's Blog,0,2
Robert Smullen for Assembly,0,2
Rob Rhoderick for State Rep,0,2
Rick Neal for U.S. Congress,0,2
Renate Pore,0,2
Reenie Montgomery,0,2
Reason To Believe,0,2
"Re-Elect Justice Patricia O. Alvarez, Fourth Court of Appeals",0,2
Re-Elect Brett Lindstrom,0,2
Protect Our Winters,0,2
Paul Canepa,0,2
PathWater,0,2
Our Progressive Values,0,2
Open The Books,0,2
National Horizon Action,0,2
"Nancy Carlton Bendinger, Candidate for Alabama Senate District 27",0,2
Minnesota's 7th Congressional District DFL,0,2
Michelle Blum Atkinson for Oregon State Representative,0,2
Melanie Whitfield For House,0,2
Matt Lynch for Ohio,0,2
Mary T. Hernandez for LJISD School Board Trustee Place 3,0,2
Mark Reed for Congress,0,2
Mark Meuser,0,2
Making Every Vote Count,0,2
Maine Conservation Voters Action Fund,0,2
Louder with Crowder,0,2
Live Action,0,2
Linda Devore for House 44,0,2
Liles Taylor for Magistrate,0,2
Lee O. Savage For Mayor of Shreveport,0,2
Laura Bush,0,2
"Kris Kendrick for Faulkner County Justice of the Peace, District 9",0,2
"Kasey Redus for Williamson County Commissioner, Precinct 2",0,2
Kansas State Representative Melissa Rooker,0,2
Kansas Hospital Association,0,2
Justin Fortner for Campbell County Commonwealth Attorney,0,2
Josh Gottheimer for Congress,0,2
Jim Taliaferro for Mayor,0,2
Jim McGovern,0,2
Jersey Renews,0,2
JeffCo Proud,0,2
Jason Noble for State Senate,0,2
Jack Gutman for Judge,0,2
JB Akers for Mayor,0,2
Institute for a Progressive Nevada,0,2
Independence USA,0,2
Helen Probst Mills,0,2
Healthy Montana Campaign,0,2
Harris for Baltimore,0,2
Hank Linderman,0,2
Haney for Circuit Judge Etowah County,0,2
Grass Roots North Carolina (GRNC),0,2
Frank For Indiana,0,2
Frank Deese for North Carolina,0,2
Fort Bend County Republican Party,0,2
Florida Sheriffs Association,0,2
Fed Up New Yorkers,0,2
Families First New Hampshire,0,2
ExxonMobil,0,2
Erik Mortensen For House,0,2
End Citizens United,0,2
Elizabeth Warren,0,2
Eddie Zipperer,0,2
EVANS for ME,0,2
ELM Action Fund,0,2
EDF Action,0,2
Doug Arnold,0,2
Donzel Leggett,0,2
Don Schmitz for Thousand Oaks City Council,0,2
"Don ""DK"" Kennedy For HB City Council 2018",0,2
Democratic Climate Action,0,2
Decriminalize it Indiana,0,2
Dawn Clemence,0,2
Daily Digital Report,0,2
Cynthia Luczak,0,2
Cowlitz County Democrats,0,2
Coverage of the Trump Presidency by The Epoch Times,0,2
Conservative Writers,0,2
Congressional Black Caucus PAC (CBC PAC),0,2
Community Action Fund of PPOSBC,0,2
Coloradans for Fairness,0,2
City of Kingston Republicans,0,2
Chris Oswalt for Mayor of Forrest City,0,2
Chad Lovejoy for WV,0,2
Cedric Hayden,0,2
Carlstadt Republican Club,0,2
Capital Research Center,0,2
Calvin Ball,0,2
Californians for Population Stabilization,0,2
CREDO Mobile,0,2
Brian Watson for CO Treasurer,0,2
Austin Jones for State Representative District 54,0,2
"Association of California Cities, Orange County",0,2
Ashtabula County Republican Party,0,2
Art Robinson,0,2
Arizonans 4 Affordable Electricity,0,2
Arizona House Victory PAC,0,2
America's Health Insurance Plans (AHIP),0,2
Ada County Republicans,0,2
You Should Know Pennsylvania,0,1
Whatcom Wave,0,1
We The People Holsters,0,1
United Food and Commercial Workers International Union,0,1
Tom Whatley,0,1
Tom McGarrigle for Senate,0,1
Time To Vote On Climate,0,1
The Fighting for Families Fund,0,1
Stephen R. Deutsch for Charlotte County Commissioner,0,1
New Mexicans for Economic Prosperity,0,1
National Veteran Programs,0,1
Middle Class Missouri,0,1
Michael Shawn Kelly for District 150,0,1
Melissa Fults for Arkansas Senate,0,1
Madison/St. Clair Record,0,1
Linda Gorton For Mayor,0,1
Joe Norman for Delegate,0,1
Jim Butler,0,1
JB Pritzker,0,1
Greg Abbott,0,1
Fierce by mitú,0,1
Family Protection Association,0,1
FREOPP,0,1
Environmental Defense Fund,0,1
Donald J. Trump,0,1
Don Davis,0,1
Daniel Tucker for Chancery Judge District 1,0,1
Congressional Leadership Fund,0,1
California Hispanic Chambers of Commerce,0,1
AARP New York,0,1
