Bernard Carvalho Jr.,"[1852999, 4245963]"
Dr. Josh Green for Lieutenant Governor,"[848803, 2540210]"
Kaniela Ing,"[657160, 2223381]"
Team David Ige,"[543000, 1695943]"
Cam Cavasso For Congress,"[504000, 1663859]"
Colleen Hanabusa,"[461023, 1344062]"
Tulsi Gabbard,"[378000, 1074986]"
Vote Kim Coco,"[370489, 994775]"
Ed Case,"[355877, 865706]"
Doug Chin,"[348118, 1662646]"
Friends of Donna Mercado Kim,"[331000, 754993]"
Don S. Guzman for Maui County Mayor,"[278994, 1023900]"
Friends of Derek Kawakami,"[258900, 1112406]"
Airbnb Citizen,"[251975, 674295]"
Terez Amato For Maui - T.Amato,"[227000, 938950]"
Ron Curtis for Hawaii,"[226000, 556991]"
Solar Rebate,"[189000, 796953]"
"State of Hawaii, Office of Elections","[177000, 706977]"
Friends of Lorraine Inouye,"[161000, 666885]"
Will Espero for Lt. Governor,"[148672, 586928]"
Hawaii Republican Action - HIRA,"[145000, 409993]"
Love Maui,"[139000, 502982]"
Solar Energy Today,"[127730, 535495]"
Andria Tupola for Governor 2018,"[112987, 531899]"
"Robert ""Bobby"" Bunda","[109529, 251964]"
Kelly Kitashima for Council,"[103000, 216994]"
Greenpeace USA,"[102403, 209710]"
Don Couch for State House,"[98994, 349934]"
Friends of Tommy Waters,"[74961, 317737]"
Dru Kanuha for State Senate,"[70969, 234775]"
Tyler for City Council,"[66997, 348941]"
Yes for Our Keiki,"[66000, 164996]"
Organization for Minorities of India,"[65000, 160996]"
Jeanné Kapela,"[64000, 261986]"
Vote Koohan Paik-Mander,"[64000, 189976]"
Civiqs,"[62820, 249992]"
Elle Cochran for Mayor,"[57000, 194985]"
Randy Gonce for Hawaii,"[51979, 247882]"
DoSomething.org,"[51084, 225378]"
Brenda Ford For Hawaii Senate District 3,"[51000, 279924]"
Tina for South Maui,"[50481, 223526]"
Brandon Elefante,"[50000, 99999]"
Retirement Workshop 20/20,"[48000, 197988]"
Vote Maya Parish,"[41000, 171968]"
Trevor Ozawa,"[37990, 115971]"
AARP Hawaii,"[35548, 151135]"
SAFE,"[35000, 104980]"
Vote Brendon Kaleiʻāina Lee for OHA Trustee,"[32999, 123977]"
Alicia Maluafiti For 'Ewa,"[31000, 116983]"
Maui 'Ohana Candidates,"[30984, 126904]"
Friends of Scot Matayoshi,"[30000, 149997]"
Friends of James Logue,"[29988, 154920]"
Amy Perruso,"[28000, 96991]"
Jarrett Keohokalole,"[27964, 114849]"
Maui Triplets for Dr. Josh Green,"[27000, 119995]"
Vote Bronsten Kossow,"[26979, 154848]"
Ho'ola Na Pua,"[26000, 116994]"
Mossman4OHA,"[25000, 109997]"
Vote Kauanoe Batangan,"[24000, 120984]"
Hawai'i Center for Food Safety Action Fund,"[24000, 90992]"
Vote David Tarnas,"[23998, 133942]"
Kyle Yamashita,"[22000, 108968]"
HGEA,"[20000, 107990]"
Jeremy Low for Lt. Governor,"[20000, 100997]"
Zack Stoddard,"[20000, 99998]"
Ernie Martin for Congress,"[20000, 99998]"
Rep. Beth Fukumoto,"[18177, 84869]"
VOTE Raina Whiting,"[18000, 63984]"
Trish La Chica for State House District 36,"[16999, 69991]"
Ikaika Hussey for the Honolulu City Council,"[15904, 87482]"
Oahu Short-Term Rental Owners Alliance,"[15000, 59998]"
Chris for Ewa,"[15000, 59998]"
Juno Ann Apalla,"[15000, 52985]"
Vote Makana for OHA,"[15000, 45992]"
Planned Parenthood,"[14452, 35727]"
Tim Richards for Hawaii County Council,"[13000, 67984]"
ConAm For Keiki,"[13000, 49991]"
Pono Hawai'i Initiative,"[13000, 34995]"
VoteTogether,"[11007, 56501]"
Mela Kealoha-Lindsey,"[11000, 56996]"
Maui Rise Up,"[11000, 56996]"
Tiger & Crane,"[10000, 49999]"
Dokoga Tv Japanmania,"[10000, 49999]"
Brian Schatz,"[10000, 49999]"
Hawaii Island Humane Society,"[10000, 19998]"
Office of Hawaiian Affairs,"[9840, 49200]"
Friends for Francine Murray,"[9000, 51984]"
IMUAlliance,"[9000, 30994]"
Co-ops Vote,"[7755, 27528]"
Silkies,"[6258, 13009]"
Community Forums,"[5795, 15588]"
Mic,"[4998, 9996]"
Concealed Online,"[4557, 13385]"
Donald J. Trump,"[4410, 30899]"
PragerU,"[4375, 11014]"
Kamala Harris,"[4278, 17628]"
Truthout,"[4124, 8283]"
Demand Justice,"[4013, 24074]"
Mary D. Wagner for HI State House Dist. 8,"[4000, 21994]"
4ocean,"[3789, 9796]"
Everytown for Gun Safety,"[3708, 8851]"
Sierra Club,"[3667, 9550]"
Elizabeth Warren,"[3359, 8929]"
NEA Today,"[3253, 7753]"
ACLU,"[3158, 9284]"
Carol Fukunaga,"[3000, 24950]"
808Truth2Youth,"[3000, 14997]"
Friends of Eileen Ohara,"[2996, 17971]"
Tom Steyer,"[2687, 7619]"
Ocean Conservancy,"[2614, 13438]"
Giving Brush,"[2493, 6409]"
Amnesty International USA,"[2417, 6214]"
National Republican Congressional Committee,"[2288, 8972]"
Beto O'Rourke,"[2271, 5748]"
Military Officers Association of America (MOAA),"[2258, 4633]"
Humble Household,"[2212, 5530]"
Swing Left,"[2166, 6023]"
United States Constitution,"[2102, 4875]"
Mazie Hirono,"[2000, 16991]"
Justin Hughey,"[2000, 9998]"
Maui Causes,"[1999, 9993]"
Diamond 4 Senate District 21,"[1985, 9927]"
Vote McDermott,"[1959, 9795]"
ClearPath Action Fund,"[1898, 3951]"
NRA - National Rifle Association of America,"[1802, 4609]"
NRDC Action Fund,"[1670, 4229]"
Shell,"[1652, 4130]"
NRDC,"[1636, 5890]"
Heidi Heitkamp,"[1598, 3786]"
The Wilderness Society,"[1487, 3151]"
Council for Native Hawaiian Advancement,"[1450, 5899]"
Winning For Women,"[1347, 3629]"
American AF,"[1285, 3097]"
Alliance Defending Freedom,"[1276, 3252]"
We The People Holsters,"[1237, 3020]"
Andrew Janz,"[1199, 3243]"
The Jim Jefferies Show,"[1173, 2933]"
The People For Bernie Sanders,"[1141, 6726]"
Oceana,"[1123, 8226]"
Boredom Therapy,"[1120, 2512]"
ExxonMobil,"[1087, 2802]"
Sandy Hook Promise,"[1064, 2375]"
Tax March,"[1033, 2365]"
Finance Watchdogs,"[1002, 2426]"
Jacky Rosen for Nevada,"[1001, 2469]"
Our Revolution Oʻahu,"[1000, 20983]"
Parents for Public Schools Hawaii,"[1000, 9994]"
Stop HIRA Hate,"[1000, 7996]"
The Blue Hawaii Podcast,"[1000, 5998]"
Friends of Lisa Kitagawa,"[1000, 5998]"
Democratic Socialists of Honolulu,"[1000, 5998]"
KayesforHouse,"[1000, 5986]"
World Can't Wait Hawaii,"[1000, 4999]"
Solar Solutions,"[1000, 4999]"
Sherry Alu Campagna for Hawaii,"[1000, 4999]"
Ray L'Heureux for Governor of Hawaii,"[1000, 4999]"
Maui Tomorrow,"[1000, 4999]"
Kona Pride Inc,"[1000, 4999]"
Kanu Hawaii,"[1000, 4999]"
KHON2 News,"[1000, 4999]"
James Doherty Yoga,"[1000, 4999]"
Jacobin Magazine,"[1000, 4999]"
Hawaii Island Recovery,"[1000, 4999]"
Hawaii Bernie Supporters Running for Office,"[1000, 4999]"
Hannibal Starbuck,"[1000, 4999]"
Go Green Recycle Every 3rd Saturday,"[1000, 4999]"
Concerned Veterans for America,"[1000, 4999]"
"Buffalo Soldiers Motorcycle Club of Hawaii, Inc.","[1000, 4999]"
Affordable Hawai'i Coalition,"[1000, 4999]"
Ben Shapiro,"[1000, 2803]"
Instagram,"[1000, 2501]"
Boys & Girls Club of Hawaii,"[999, 4994]"
Cory Booker,"[980, 2554]"
Print For Progress,"[966, 4831]"
German Embassy Washington,"[962, 1924]"
Be A Hero,"[931, 3872]"
Breaking Big,"[902, 2479]"
ASMDSS,"[881, 1789]"
Young America's Foundation,"[872, 2455]"
Jeff Merkley,"[865, 3454]"
South Park,"[854, 1708]"
Sashka Co.,"[844, 1792]"
Make the Connection,"[833, 2081]"
Kirsten Gillibrand,"[819, 1977]"
Fahrenheit 11/9,"[817, 2400]"
End Citizens United,"[795, 3684]"
Aj Cartas,"[751, 1502]"
Ted Cruz,"[750, 1749]"
The Young Turks,"[744, 3778]"
NARAL Pro-Choice America,"[742, 2172]"
Penzeys Spices,"[735, 1696]"
Colion Noir,"[714, 1589]"
National Domestic Workers Alliance,"[701, 1455]"
MoveOn,"[691, 14109]"
Period Calendar Cherry,"[668, 1670]"
Stand Up America,"[653, 6047]"
Democrats,"[628, 2281]"
Good Jobs Nation,"[627, 1253]"
Stand for the 2nd Amendment,"[617, 1715]"
The Western Journal,"[605, 1253]"
Environmental Defense Fund,"[569, 3656]"
Human Rights Campaign,"[551, 1382]"
The Daily Show,"[550, 1322]"
UltimateStraw,"[528, 1356]"
Link TV,"[526, 1051]"
Smart Customer,"[511, 1394]"
Turning Point USA,"[495, 1681]"
NRATV,"[488, 1289]"
FCTRY,"[486, 1043]"
FEE,"[485, 1443]"
Girard Gibbs LLP,"[480, 960]"
Independent Women's Voice,"[472, 1128]"
Action Against Hunger USA,"[469, 938]"
Shaun King,"[465, 1179]"
Circa,"[459, 1151]"
Charlie Kirk,"[447, 1028]"
Giffords,"[446, 1164]"
John Cox for Governor 2018,"[444, 1101]"
UnitedHealthcare,"[443, 1331]"
MJ for Texas,"[441, 1198]"
Proud Right Winger,"[434, 1283]"
Independent Voter,"[423, 1355]"
Ammar Campa for Congress,"[414, 849]"
Power In Cooperation,"[412, 2035]"
Mic Dispatch,"[409, 817]"
The Years Project,"[402, 1717]"
Cathy Myers,"[394, 1774]"
Sand Cloud,"[380, 2222]"
ShopProp,"[377, 1886]"
PolicyEd,"[376, 1267]"
Florida Democratic Party,"[343, 714]"
Jewish Voice Ministries International,"[338, 1447]"
Conservative Gear,"[337, 1305]"
Gen FKD,"[327, 653]"
National Democratic Redistricting Committee,"[318, 921]"
Donald J. Trump - Keep America Great,"[314, 629]"
PCCC - BoldProgressives.org,"[302, 1054]"
John Legere,"[298, 596]"
Humane Society International,"[297, 593]"
theSkimm,"[291, 581]"
CRTV Tonight with Gavin McInnes,"[289, 748]"
C-SPAN,"[284, 569]"
Shawn Becker for Wood County Sheriff,"[283, 566]"
Environmental Working Group,"[279, 1278]"
Alexandria Ocasio-Cortez,"[275, 1263]"
Mercy For Animals,"[270, 613]"
Climate Facts,"[266, 532]"
Pocket Politics,"[264, 658]"
"I'll go ahead and keep my guns, Thanks","[260, 538]"
Klean Kanteen,"[258, 4313]"
A Place At The Table,"[257, 514]"
Nine Line Apparel,"[254, 723]"
St. Martin's Press,"[253, 510]"
In the Woods with Phil,"[249, 641]"
Military Tees,"[248, 768]"
State of Corruption NH,"[247, 493]"
SPELLCHEk,"[246, 491]"
Tina Smith,"[243, 764]"
Dissent Pins,"[240, 528]"
SupChina,"[239, 1454]"
Randy Bryce,"[236, 623]"
Californians for Eleni Kounalakis for Lt. Governor,"[236, 601]"
Joe Cunningham,"[234, 466]"
Ray Familathe for ILWU President,"[233, 1163]"
Congressional Black Caucus PAC (CBC PAC),"[226, 556]"
HILL TV,"[225, 1538]"
Zephyr Teachout,"[225, 1125]"
Patriot Journal,"[216, 432]"
OAF Nation,"[213, 904]"
Stacey Abrams,"[212, 1097]"
Selective Service System,"[207, 413]"
The Soldier Network,"[204, 510]"
Democratic Governors Association (DGA),"[201, 453]"
Goods Unite Us,"[198, 919]"
Rant Nation with Graham Allen,"[198, 550]"
Media Research Center,"[197, 395]"
Modern Medicaid Alliance,"[197, 394]"
OWN: Oprah Winfrey Network,"[196, 489]"
Medals Of America,"[194, 971]"
Adam Schiff,"[194, 951]"
Kevin McCarthy,"[193, 479]"
DiversityInc,"[192, 858]"
We Are The Mighty,"[191, 1215]"
PETA (People for the Ethical Treatment of Animals),"[190, 392]"
"Robert Kennedy, Jr.","[190, 379]"
A Kids Right,"[189, 377]"
Union Patriots,"[187, 653]"
Convention of States,"[183, 380]"
International Rescue Committee,"[182, 834]"
Parks Project,"[180, 902]"
Pfizer,"[180, 897]"
Samuel Bagenstos for Justice,"[178, 445]"
EMILY's List,"[177, 958]"
Visit Seattle,"[176, 881]"
Catholic Relief Services,"[175, 350]"
LifeZette,"[174, 4902]"
Commentary,"[174, 359]"
The Brookings Institution,"[173, 862]"
Patriotic Drop Shop,"[172, 811]"
The Family Store,"[172, 482]"
Darren Bailey for State Representative 109th District,"[171, 341]"
Energy Nation,"[170, 340]"
The Opposition w/ Jordan Klepper,"[161, 322]"
Comedy Central,"[161, 321]"
Oxfam,"[160, 858]"
CREDO Mobile,"[157, 1211]"
Clarion Project,"[154, 467]"
"Tactical Air USA, LLC","[153, 658]"
Defenders of Wildlife,"[152, 628]"
National Popular Vote dot com,"[149, 562]"
NRA Women,"[149, 298]"
Daily Vine,"[143, 287]"
Center for Biological Diversity,"[138, 525]"
Make America Great Again - Republican,"[138, 276]"
Anera,"[136, 1042]"
Rocky Chavez,"[136, 272]"
Lets Make USA Great Again,"[128, 610]"
Claire McCaskill,"[128, 529]"
Nora Ellen,"[127, 254]"
45 Hats,"[124, 561]"
Federal Voting Assistance Program - FVAP,"[124, 248]"
Meraki Journey,"[123, 614]"
Dinesh D'Souza,"[120, 3580]"
Danny O'Connor for Congress,"[120, 527]"
Conservative Tribune,"[120, 342]"
Joe Kennedy III,"[118, 606]"
Chris DePizzo,"[117, 292]"
Exclusive Apparel,"[114, 779]"
Distractify,"[111, 797]"
FrackFeed,"[111, 555]"
World Animal Protection USA,"[108, 534]"
The Trump Prophecy Movie,"[107, 1901]"
NRSC,"[105, 327]"
Sean Patrick Maloney,"[104, 280]"
No on SoccerCity,"[102, 257]"
Flip It Blue,"[101, 508]"
Planned Parenthood Action,"[101, 478]"
National Partnership for Women & Families,"[100, 510]"
Captains for Clean Water,"[100, 499]"
y4vra,"[99, 494]"
Shield Republic,"[98, 232]"
Jetties Bracelets,"[98, 195]"
Hugh Hewitt,"[96, 191]"
Patagonia,"[95, 475]"
Science for Humans and Freedom Institute,"[94, 894]"
Unite America,"[93, 21361]"
USA Homeowner Help,"[93, 468]"
Support National Parks,"[92, 460]"
America's Navy,"[92, 337]"
Dan Koh,"[92, 229]"
Never Trumper Mike Waltz,"[92, 184]"
Asa for Governor,"[92, 184]"
Dr. Bronner's,"[91, 457]"
Plan International USA,"[91, 405]"
Cold Dead Hands,"[90, 391]"
Proud Americans Supply Gear,"[90, 179]"
Celebrity Voice Changer,"[89, 447]"
National Network of Abortion Funds,"[89, 335]"
Richard Ojeda,"[89, 178]"
Animal Matters,"[87, 242]"
End Party Politics,"[86, 929]"
Liberal America,"[86, 433]"
Blue Lives Matter,"[84, 235]"
My Pay My Say,"[83, 414]"
Chris Paradies Campaign,"[81, 406]"
New York City Dance Alliance,"[80, 402]"
Kilili for Congress,"[80, 402]"
The News and Why It Matters,"[79, 405]"
Abdul El-Sayed,"[78, 401]"
America with Eric Bolling,"[77, 435]"
Stand,"[76, 153]"
Human Rights Watch,"[75, 492]"
Soi Dog Foundation,"[75, 373]"
Yale Environment 360,"[75, 150]"
MI Senate Republican Campaign Committee,"[75, 150]"
World Food Program USA,"[74, 381]"
The Power of Zero by David McKnight,"[74, 149]"
NewsBusters.org,"[73, 146]"
Environmental Voter Project,"[71, 368]"
Brut,"[70, 351]"
David Richardson for Congress,"[69, 345]"
Defend Our Constitution,"[68, 341]"
Dave Bishop for Congress,"[68, 137]"
Tammy Duckworth,"[67, 334]"
I Am An Immigrant,"[66, 333]"
Rainforest Action Network,"[66, 165]"
Jared Polis,"[65, 327]"
Kenneth Mejia for Congress,"[65, 326]"
Yes On B: Build the Veterans Cemetery,"[65, 131]"
Hope4Orcas,"[65, 130]"
Bill Nelson,"[64, 346]"
Save the Storks,"[64, 323]"
MassMutual,"[64, 320]"
Gary Trauner for U.S. Senate,"[64, 319]"
Mayor Philip Levine,"[64, 128]"
Save the Children Action Network,"[63, 687]"
Protect The House,"[63, 382]"
UNICEF USA,"[63, 314]"
BESE,"[62, 310]"
GreaterHalf.com,"[62, 261]"
Proud Americans Supply,"[61, 305]"
22 Words,"[60, 1403]"
The Nib,"[60, 229]"
Spectrum Report,"[60, 120]"
Lebowski Lovers,"[59, 269]"
White Coat Waste Project,"[59, 263]"
Donald Trump Is My President,"[59, 225]"
Michigan Republican Party,"[59, 147]"
Denise Grimsley,"[58, 145]"
Jon Tester,"[57, 1293]"
Armed American Supply,"[57, 418]"
Bottom Line With Boris Epshteyn,"[57, 287]"
Legends of the NBA,"[57, 285]"
Equality Florida,"[57, 136]"
National Farmers Union,"[56, 279]"
Ford Foundation,"[55, 276]"
Louder with Crowder,"[55, 150]"
James Thompson for Kansas,"[55, 116]"
Adam Greenberg for Senate,"[55, 109]"
Clean Beach Project,"[54, 339]"
Democratic Attorneys General Association,"[54, 273]"
Strekoza Daily,"[54, 271]"
Out Magazine,"[53, 267]"
The Humane Society of the United States,"[53, 266]"
Senate Majority PAC,"[53, 262]"
Proud American Hunter,"[53, 261]"
Howstuffworks,"[53, 168]"
Patients' Rights Action Fund,"[52, 105]"
Concealed Carry,"[52, 103]"
The Nature Conservancy,"[51, 255]"
Ken Paxton,"[51, 103]"
UnitedVoice.com,"[50, 190]"
LCV Victory Fund,"[50, 112]"
Bernie Sanders,"[49, 256]"
Ayanna Pressley,"[49, 252]"
Brooks For Long Island,"[49, 98]"
Representative Kelly Townsend,"[49, 97]"
Mike Levin,"[48, 325]"
Proud To Be A Republican,"[48, 273]"
GoFundVeterans,"[48, 242]"
FutureinAmerica,"[48, 242]"
Yale Program on Climate Change Communication,"[48, 241]"
Ignite National,"[48, 240]"
FuzzWeb,"[48, 239]"
ASPCA,"[48, 98]"
Personal Liberty,"[47, 236]"
Steve Bullock,"[47, 234]"
Human Coalition,"[47, 191]"
dittymoji,"[46, 266]"
Abortion On Our Own Terms,"[46, 233]"
314 Action,"[46, 230]"
Commemorate Number 45,"[46, 200]"
John Ward,"[46, 105]"
Mike Coffman,"[46, 94]"
Patriot Depot,"[45, 214]"
Topix Rewind,"[44, 311]"
Katie Muth for PA Senate,"[44, 217]"
National Park Foundation,"[44, 170]"
Marty Grohman for Congress,"[44, 89]"
Sudan Relief Fund,"[44, 88]"
Matt Birong for State Representative,"[44, 88]"
Democratic Party,"[43, 9548]"
Penguin Kids,"[43, 216]"
National Audubon Society,"[43, 214]"
Life of ENDI,"[43, 86]"
Online Carry Course,"[42, 403]"
Energy Citizens,"[41, 224]"
Voters - Not Politicians,"[41, 210]"
350.org,"[41, 206]"
Only Natural Pet,"[41, 203]"
Jay Sekulow,"[41, 203]"
Advance California,"[41, 103]"
The Arena,"[41, 82]"
Doris for Congress,"[40, 1085]"
Chuck Schumer D-NY,"[40, 206]"
Tee Shirt Palace,"[40, 202]"
NC Common Ground,"[40, 99]"
Zero Waste Produce Bags,"[40, 81]"
YES on 127: Clean Energy for a Healthy Arizona,"[39, 90]"
The California Endowment,"[39, 78]"
Conservation Ohio,"[39, 78]"
Saybrook University,"[39, 77]"
Nancy Soderberg for FL Congress District 6,"[38, 207]"
Unspeakable Crimes,"[38, 193]"
Thrasher Coffee,"[38, 190]"
Pew Research Center,"[38, 188]"
Patients For Affordable Drugs Action,"[38, 96]"
SEIU,"[38, 75]"
Your Energy,"[37, 207]"
OZY Future,"[37, 198]"
T-Mobile Workers United (TU),"[37, 186]"
Rabbi Dr. Shmuly Yanklowitz,"[37, 185]"
Andrew Gillum,"[37, 180]"
The Daily Signal,"[37, 170]"
Virtual Strides,"[37, 129]"
Complex,"[36, 181]"
Electric Nation: Powered By Wind,"[36, 180]"
Matavita - Save The Elephants,"[36, 72]"
Omaze,"[35, 176]"
The Christian Left,"[35, 174]"
Tony Evers,"[35, 101]"
Progressive Turnout Project,"[35, 95]"
National Debt Relief,"[35, 71]"
Rosa DeLauro,"[34, 168]"
Jay Inslee,"[34, 68]"
Republican Main Street Partnership,"[33, 166]"
Wine & Spirits Wholesalers of America,"[33, 165]"
Topic,"[33, 163]"
Rob Davidson for Congress,"[33, 91]"
The Christian Broadcasting Network,"[33, 67]"
Zoë Bands,"[33, 65]"
Eric Garcetti,"[32, 162]"
Firearms Policy Coalition,"[32, 161]"
Michael Knowles,"[32, 160]"
Omar Navarro,"[32, 110]"
Cynthia Nixon for New York,"[31, 189]"
Carbonated.TV,"[31, 157]"
Gates Foundation,"[31, 155]"
CURE: Citizens United for Research in Epilepsy,"[31, 63]"
Commissioner Beverly Nicholson-Doty,"[31, 61]"
Build With Strength,"[31, 61]"
Get Off My Lawn with Gavin McInnes,"[30, 232]"
Erase The Hate,"[30, 163]"
The Tasteless Gentlemen,"[30, 152]"
CNSNews.com,"[30, 151]"
One Nation Design,"[30, 85]"
Michelle Malkin Investigates,"[29, 155]"
SpeakEasy Political,"[29, 148]"
The Leadership Conference on Civil and Human Rights,"[29, 146]"
Make America Float Again,"[29, 146]"
Americans for Tax Fairness,"[29, 145]"
Senator Chuck Thomsen,"[29, 143]"
DC Statesman,"[29, 131]"
Save the Children US,"[29, 58]"
Project On Government Oversight,"[29, 58]"
Animal Charity Evaluators,"[29, 58]"
Patriot Powered Products,"[28, 166]"
No Kid Hungry,"[28, 162]"
Great American Era,"[28, 138]"
American Heart Association: You're the Cure,"[28, 118]"
Warrior 12,"[28, 112]"
Help for Essure Victims,"[28, 63]"
The Left Can Go Right,"[28, 62]"
YouGov,"[28, 55]"
Mike Miller,"[27, 103]"
Gentner Drummond,"[27, 68]"
The Fighting Forces,"[27, 60]"
Evonomics: The Next Evolution of Economics,"[27, 54]"
California Daily,"[26, 147]"
Help for Ovarian Cancer Victims,"[26, 132]"
"Tobacco, Trusts, And Trump by Jim Rumford","[26, 130]"
RageOn,"[26, 69]"
Serve America,"[26, 63]"
Angie Craig,"[26, 60]"
Robert Ranco's Law & Police Brutality Info Page,"[26, 53]"
Beesponsible,"[26, 51]"
domesticshelters.org,"[25, 124]"
Lambda Legal,"[25, 123]"
FreedomWorks,"[25, 87]"
Bj's Photography,"[25, 50]"
NextTribe,"[25, 49]"
Global Citizen,"[25, 49]"
Competitive Enterprise Institute,"[24, 129]"
The Binding,"[24, 47]"
45 and Sunny,"[24, 47]"
Democratic Senatorial Campaign Committee (DSCC),"[23, 202]"
CARE,"[23, 135]"
OpsLens,"[23, 126]"
Local Real Estate,"[23, 117]"
NAACP Legal Defense Fund,"[23, 116]"
Color Of Change,"[23, 115]"
Martin Heinrich,"[23, 45]"
Hillsdale College Online Courses,"[22, 114]"
Radiolab,"[22, 109]"
Libertarianism.org,"[22, 109]"
Republicans for the Rule of Law,"[22, 71]"
Darryl Morin For LULAC National President,"[22, 53]"
The N.C. Star,"[22, 44]"
Phil Bredesen,"[22, 44]"
Not A Nuisance,"[21, 109]"
Live Action,"[21, 107]"
Update America,"[21, 104]"
House of Patriots,"[21, 79]"
Chris Murphy,"[21, 63]"
Harley Rouda,"[21, 43]"
Elevation,"[21, 43]"
American Friends Service Committee,"[21, 43]"
Let Africa Live,"[21, 42]"
Brandon Ogles for State Representative,"[21, 42]"
Alliance San Diego Mobilization Fund,"[20, 174]"
11 Bravos,"[20, 131]"
U.S. National Committee for UN Women (USNC),"[20, 104]"
Facts and Logic about the Middle East,"[20, 101]"
Mike Braun,"[20, 100]"
Juvenile Diabetes Cure Alliance- JDCA,"[20, 100]"
EveryLibrary,"[20, 99]"
I Love My Freedom,"[20, 98]"
Support Our Schools,"[20, 67]"
ACLU of Southern California,"[20, 62]"
Defend Birth Control,"[20, 58]"
Free Together,"[20, 49]"
National Center for Transgender Equality,"[20, 40]"
Jill Ortman-Fouse for Montgomery County Council,"[20, 40]"
"UpClose with Peter Sage, political insights and commentary","[20, 39]"
The Flyover Press,"[19, 97]"
Team Trump 2020,"[19, 97]"
Michigan Leadership Committee,"[19, 96]"
"Animal People, Inc.","[19, 95]"
Republican Liberty Caucus,"[19, 94]"
Association of American Physicians and Surgeons,"[19, 94]"
Shea Backus,"[19, 93]"
Conservative Investor Daily,"[19, 93]"
Vote For A Better California,"[19, 92]"
In Search of Liberty,"[19, 47]"
Two Flags,"[19, 39]"
Billie Sutton,"[19, 38]"
Senator Thomas V. Mike Miller Jr.,"[19, 37]"
Nissi Worldwide,"[18, 1089]"
LifeDaily,"[18, 892]"
Alliance for a Better Minnesota,"[18, 96]"
Sherrod Brown,"[18, 90]"
The Charlie Daniels Band,"[18, 86]"
GZERO World with Ian Bremmer,"[18, 44]"
Kevin de León for U.S. Senate,"[18, 42]"
Riverside County Sheriff Stan Sniff,"[18, 41]"
Free Press Action Fund,"[18, 37]"
The Lone Liberal Republican,"[18, 36]"
Family Policy Alliance,"[18, 36]"
Americans for Farmers & Families,"[18, 35]"
J.Jill,"[17, 87]"
Americans for Prosperity,"[17, 87]"
McShane LLC,"[17, 86]"
Forward Thinking Politics,"[17, 81]"
Brock Obama,"[17, 49]"
The National Memo,"[17, 46]"
Sheriff Sam Cochran,"[17, 35]"
Dean Phillips for Congress,"[17, 35]"
Justice Equality & Economics,"[17, 34]"
Grabien,"[17, 34]"
Elect Republicans Everywhere,"[16, 82]"
Sarah Smith for US Congress,"[16, 81]"
Julia Salazar for State Senate,"[16, 80]"
Paul Cummings for BART Director,"[16, 78]"
Anna Caballero for Senate,"[16, 78]"
Amy Myers MD,"[16, 78]"
Reform Austin,"[16, 77]"
Alessandra Biaggi,"[16, 77]"
Ranker,"[16, 76]"
Definition.org,"[16, 42]"
Janet Garrett for Congress,"[16, 32]"
David Pechefsky,"[16, 32]"
Brian Frosh,"[16, 32]"
Nathan Fletcher for County Supervisor 2018,"[15, 118]"
Kyrsten Sinema,"[15, 92]"
Restoration PAC,"[15, 79]"
Jess King for Congress,"[15, 78]"
North Carolina Citizens,"[15, 77]"
Jason Anderson for District Attorney,"[15, 75]"
United We Dream,"[15, 74]"
Dan David For Congress,"[15, 73]"
Your Trump Shop,"[15, 56]"
National Center for Transgender Equality Action Fund,"[15, 31]"
"Arizona State Representative Regina E. Cobb, DDS","[15, 30]"
Trump Trash,"[15, 29]"
Creative Action Network,"[15, 29]"
NTD Life,"[14, 3090]"
Orange County Desal Coalition,"[14, 72]"
Mad Dog PAC,"[14, 71]"
Dan Bongino,"[14, 71]"
Color Of Change PAC,"[14, 70]"
Sarah Palin,"[14, 29]"
Mark Yarbrough for Mesa District 3,"[14, 28]"
Association of American Railroads,"[14, 28]"
SlutBox,"[13, 93]"
Emerge America,"[13, 80]"
Oregon Forests Forever,"[13, 69]"
Protect The Harvest,"[13, 67]"
2atees1,"[13, 67]"
Artspace,"[13, 66]"
Prophecy News Watch,"[13, 64]"
Sunrise Movement,"[13, 63]"
Gavin Newsom,"[13, 63]"
Clergy for a New Drug Policy,"[13, 63]"
Amanda Septimo,"[13, 63]"
2nd Amendment For Life,"[13, 63]"
Association of Young Americans,"[13, 44]"
Audible,"[13, 27]"
Teri Grier for Oregon,"[13, 26]"
Shiloh Israel Children's Fund,"[13, 26]"
American Financial Advisory For A Better Future,"[13, 26]"
Mike Kelly for Congress,"[13, 25]"
Mike Pence,"[12, 323]"
Friends of the IDF (FIDF),"[12, 229]"
Blue Wave,"[12, 78]"
Shareblue Media,"[12, 67]"
We Can Solve This,"[12, 65]"
Goose in the Gallows,"[12, 60]"
Golden State Observer,"[12, 60]"
Phil Mendiola-Long,"[12, 59]"
Kelly Rossman-McKinney for State Senate,"[12, 59]"
POW Action Fund,"[12, 58]"
Ken Harbaugh for OH-7,"[12, 44]"
Julie Hall,"[12, 24]"
America First News,"[12, 24]"
Jim Phelps for Utah County Sheriff,"[12, 23]"
Climate Reality,"[11, 1189]"
Dana Balter for Congress,"[11, 188]"
Coverage of the Trump Presidency by The Epoch Times,"[11, 98]"
Dr. Michael Murray,"[11, 66]"
American Citizens for Taiwan,"[11, 57]"
Senator Dean A. Tran,"[11, 54]"
Joe Fain,"[11, 54]"
Russian America TV,"[11, 53]"
DC Fiscal Policy Institute,"[11, 52]"
Addicted to Golf,"[11, 52]"
Bird + Stone,"[11, 42]"
Yes on 104,"[11, 23]"
Doctor On Demand,"[11, 23]"
Committee to Rebuild Maine's Middle Class,"[11, 23]"
Change Your Range,"[11, 23]"
Shirt Nazi,"[11, 22]"
No Cuts to Care: No on Measure 106,"[11, 22]"
News Procession,"[11, 22]"
Green Matters,"[10, 128]"
Dough,"[10, 52]"
California Consumer Privacy Act,"[10, 52]"
SAIC,"[10, 51]"
Norm Needleman for State Senate,"[10, 51]"
"Imprimis, a Publication of Hillsdale College","[10, 51]"
Eric Rutherford,"[10, 51]"
Change.org,"[10, 50]"
We are mitú,"[10, 49]"
Hanging With Trump,"[10, 49]"
Dave Dodson for Senate,"[10, 47]"
Off The Wire,"[10, 21]"
Ivory Ella,"[10, 21]"
Stop Mandatory Vaccination,"[10, 20]"
Steve Sisolak,"[10, 20]"
Cristina Garcia,"[10, 20]"
Committee to Elect Larry Piegza,"[10, 20]"
Urban Intellectuals,"[9, 1022]"
Sharice for Congress,"[9, 225]"
Portside,"[9, 82]"
Conversations with Bill Kristol,"[9, 82]"
National Committee to Preserve Social Security and Medicare,"[9, 62]"
Shout Your Abortion,"[9, 59]"
Great America PAC,"[9, 51]"
Travis Allen,"[9, 48]"
Iniosante,"[9, 47]"
Corrections Tough,"[9, 47]"
The Refugee Center Online,"[9, 45]"
Say No to impeachment,"[9, 44]"
Sargent Shriver Peace Institute,"[9, 44]"
Republican Party of Maricopa County,"[9, 44]"
Pawz,"[9, 44]"
Gold Strategies For Americans,"[9, 44]"
Don't Slack,"[9, 44]"
Save Animals Facing Extinction,"[9, 43]"
Marshall Beck,"[9, 25]"
Game Alert,"[9, 19]"
FLAG  - Foundation for Liberty and American Greatness,"[9, 19]"
Marc Lucio for Chino City Council,"[9, 18]"
John Valdivia For Mayor,"[9, 18]"
"Carroll Electric Cooperative, Inc. - Ohio","[9, 18]"
Carberry for Supervisor,"[9, 18]"
Norrøna,"[9, 17]"
Trade For America,"[8, 46]"
Conservation International,"[8, 45]"
Gulf State News,"[8, 44]"
Fix Politics Now,"[8, 44]"
Cannabis News Update,"[8, 43]"
The Mexican Next Door,"[8, 41]"
DTN/The Progressive Farmer,"[8, 41]"
The Palestine Institute for Public Diplomacy,"[8, 40]"
Organization of Iranian American Communities - OIAC,"[8, 40]"
Gods411,"[8, 40]"
Protect Our National Parks,"[8, 39]"
Councilmember Derek M. Young,"[8, 39]"
The Halfway Post,"[8, 38]"
PrintedKicks,"[8, 37]"
Ja'Mal Green,"[8, 15]"
David Molina,"[8, 15]"
Water Lifestyle Co.,"[7, 188]"
Moms Clean Air Force,"[7, 42]"
Texans for Natural Gas,"[7, 37]"
Rep. Tom Reed,"[7, 37]"
Kevin Stitt for Governor,"[7, 37]"
etee,"[7, 36]"
Josh Revak for House,"[7, 36]"
Change vs. More of the Same,"[7, 36]"
World Mercury Project,"[7, 35]"
Veterans and Affordable Housing Act,"[7, 35]"
Mobile Conservative,"[7, 35]"
Marjorie Byrnes for Assembly,"[7, 35]"
Democratic Central Committee of Shasta County,"[7, 35]"
Committee to Elect Linda Leali for Circuit Court Judge,"[7, 35]"
The Principled Libertarian,"[7, 34]"
Mike Collier,"[7, 33]"
Lori Chavez-DeRemer,"[7, 33]"
Logan Young,"[7, 33]"
Hoover Institution,"[7, 33]"
Fight for $15,"[7, 27]"
American Bird Conservancy,"[7, 23]"
45th President Donald J. Trump,"[7, 22]"
Save the Redwoods League,"[6, 614]"
Jason Rittereiser for Congress,"[6, 43]"
Educated Earthling,"[6, 43]"
Allie on CRTV,"[6, 39]"
TradeVistas,"[6, 38]"
Teesistance,"[6, 35]"
Raising Tomorrow,"[6, 34]"
Orman for Kansas,"[6, 33]"
Debbie Stabenow,"[6, 33]"
Vaughn for Buena Park,"[6, 32]"
The Guide,"[6, 32]"
00 Movement: End Human Trafficking,"[6, 32]"
The New MAGA - Make America GOOD Again,"[6, 31]"
Roaming Millennial Uncensored,"[6, 31]"
ObamaCare Watch,"[6, 31]"
Liberty Nation,"[6, 31]"
Kialo,"[6, 31]"
Jeremy Messina,"[6, 31]"
The Tilted Glass,"[6, 30]"
Republican State Leadership Committee,"[6, 30]"
Mississippi Development Authority,"[6, 30]"
Lora Kay Morrow for Alabama House District 2,"[6, 30]"
Art Swann,"[6, 30]"
Heartland Gazette,"[6, 29]"
Allan Kittleman,"[6, 29]"
Adoption NOT Abortion,"[6, 29]"
Rep. Tony Dale,"[6, 28]"
Keep Abortion Safe,"[6, 28]"
Ed Markey,"[6, 28]"
ChooseChildren,"[6, 28]"
1MISSION,"[6, 28]"
Joe Manchin,"[6, 24]"
Antonio Delgado,"[6, 23]"
Marty Jackley,"[6, 13]"
Hidden Tips,"[6, 13]"
Pacific Legal Foundation,"[6, 12]"
Jim Begley for MUD Board,"[6, 12]"
Scribol,"[5, 42]"
Monuments For All,"[5, 37]"
Democratic Association of Secretaries of State,"[5, 36]"
Keep James Brown in the 1st,"[5, 34]"
Lisa Brown,"[5, 33]"
No Labels,"[5, 31]"
Brian 'BAM' McClendon,"[5, 31]"
American Freedom Fighter,"[5, 29]"
The Lawrence Goldfarb Judicial Reform Foundation,"[5, 27]"
kindofcathartic.com,"[5, 26]"
Senator Kelli Stargel,"[5, 26]"
Public Transportation,"[5, 26]"
Black Central Station,"[5, 26]"
Bill Schuette,"[5, 26]"
World Vision USA,"[5, 25]"
Team Nuance,"[5, 25]"
Stuart McDaniel for House,"[5, 25]"
Re-Elect Sheriff Tom Ferrara 2018,"[5, 25]"
Oklahomans Against 793,"[5, 25]"
Michelle Blum Atkinson for Oregon State Representative,"[5, 25]"
Mercatus Center at George Mason University,"[5, 25]"
Innocence Project,"[5, 25]"
Inequality Opoly,"[5, 25]"
New Direction PAC,"[5, 24]"
Zuckerman for Vermont,"[5, 23]"
Nike,"[5, 23]"
Medical Matters,"[5, 23]"
FloridaStrong,"[5, 23]"
Debra Hilstrom for Attorney General,"[5, 23]"
CRTV,"[5, 23]"
BlackPAC,"[5, 23]"
Internet Forever,"[5, 22]"
Know Colorado,"[5, 15]"
Congressional Leadership Fund,"[5, 15]"
Jeff Brandes,"[5, 13]"
Anthony Sudweeks for House District 49,"[5, 12]"
Leadership Institute,"[5, 11]"
Vision America,"[5, 10]"
Rodney Davis,"[5, 10]"
Representative Debbie Deere 40th District,"[5, 10]"
American Gun Association,"[5, 10]"
Michelle Caldier,"[5, 9]"
Heifer International,"[4, 1019]"
Mallory Hagan for Congress,"[4, 66]"
GroundUp,"[4, 65]"
Organizing for Action,"[4, 47]"
Sarasota citizen Martin Hyde,"[4, 34]"
Emerging American Majorities,"[4, 30]"
Poor People's Campaign: A National Call for Moral Revival,"[4, 26]"
San Diego Rapid Response Network,"[4, 23]"
LemonyTree,"[4, 23]"
Showtime Documentary Films,"[4, 22]"
Rep. Steve Ross,"[4, 22]"
Project 21,"[4, 22]"
OZY After Dark,"[4, 22]"
NIAC,"[4, 22]"
Learn Our History,"[4, 22]"
Building New York's Best,"[4, 22]"
Bill Smethers for Sheriff,"[4, 22]"
Novin2018,"[4, 21]"
National Women's Law Center,"[4, 21]"
Factinate,"[4, 21]"
David Holden 2018,"[4, 21]"
United States Holocaust Memorial Museum,"[4, 20]"
Stop Ramos,"[4, 20]"
Seth Moulton,"[4, 20]"
National Geographic Society,"[4, 20]"
Kevin Abel,"[4, 20]"
Finance and Markets,"[4, 20]"
Chris Rahlf for State Assembly,"[4, 20]"
AAO Manufacturing,"[4, 20]"
Triggered Millennials,"[4, 19]"
The Ben Shapiro Show,"[4, 19]"
Sam Jammal For Congress,"[4, 19]"
Resistance School,"[4, 19]"
Floridians for a Fair Shake,"[4, 19]"
Deb Fischer,"[4, 19]"
Bay City Beacon,"[4, 19]"
Andrew Gilchrist for New York State Assembly - 135th District,"[4, 19]"
TrumpRussia2018 .com,"[4, 18]"
Premiere Collectibles,"[4, 18]"
Mark Gordon,"[4, 18]"
Independent Democrats of America,"[4, 18]"
I Chew Ice Cubes,"[4, 18]"
Give America Hope,"[4, 18]"
Kathy E. Gill,"[4, 17]"
Askov Finlayson,"[4, 16]"
Linda Koop,"[4, 14]"
Team Morris,"[4, 9]"
Missouri's Voice,"[4, 9]"
Chris Tague,"[4, 9]"
The Barrett Brigade,"[4, 8]"
Montgomery County Recorder Brandon McClain,"[4, 8]"
Garden State CARES,"[4, 8]"
MEK Design,"[4, 7]"
John Kasich,"[4, 7]"
Indivisible Guide,"[3, 1167]"
Bestsolarpowertoday,"[3, 1028]"
VOTEPROCHOICE,"[3, 1014]"
Upworthy,"[3, 355]"
Aspire Fashion,"[3, 63]"
Mikie Sherrill,"[3, 40]"
"Important, Not Important","[3, 34]"
AFGE,"[3, 29]"
Repair Our Schools Now,"[3, 28]"
Hillel International,"[3, 22]"
Timothy Plan,"[3, 21]"
Donald Trump Dog Poop Bags,"[3, 18]"
Anthony Bonna,"[3, 18]"
Workers for Christian Ramirez,"[3, 17]"
The Collective PAC,"[3, 17]"
South King County Deserves Better,"[3, 17]"
Ray Russell,"[3, 17]"
Mary Kay Sigaty For State Senate,"[3, 17]"
Kevin Walsh for Kyrene School Board,"[3, 17]"
Jennifer Johnston for State House,"[3, 17]"
Howard Slugh,"[3, 17]"
Fire Jim Jordan,"[3, 17]"
DeliverFund,"[3, 17]"
Unified Seattle,"[3, 16]"
UltraViolet,"[3, 16]"
The Giving Keys,"[3, 16]"
Stop the wall,"[3, 16]"
Sludge,"[3, 16]"
Primarily Primates,"[3, 16]"
Modern Fertility,"[3, 16]"
Kimberly Ellis,"[3, 16]"
John Chrin for U.S. Congress,"[3, 16]"
Jim Mathias,"[3, 16]"
Children's Action Alliance,"[3, 16]"
Cambodia-America Alliance,"[3, 16]"
Annie O'Connell for Judge,"[3, 16]"
United Association,"[3, 15]"
The Donald Stuff,"[3, 15]"
Social Share Meme,"[3, 15]"
Projects for Good,"[3, 15]"
Phone2Action,"[3, 15]"
Patriot Style,"[3, 15]"
New York Working Families Party,"[3, 15]"
Lucy McBath for Congress,"[3, 15]"
Laureus Sport for Good USA,"[3, 15]"
Jack Williams,"[3, 15]"
Fierce by mitú,"[3, 15]"
Texas Public Policy Foundation,"[3, 14]"
Save San Diego Neighborhoods,"[3, 14]"
Harry Shiver,"[3, 14]"
FREOPP,"[3, 14]"
Common Defense,"[3, 14]"
Chris Humphrey for NC House,"[3, 14]"
Capitol Ministries,"[3, 14]"
Allison Gilman For Judge,"[3, 14]"
2nd Amendment,"[3, 14]"
Trumpit Chat,"[3, 13]"
Ross Ford,"[3, 13]"
Restore the Mississippi River Delta,"[3, 13]"
Mike Hein,"[3, 13]"
Los Angeles County Regional Park and Open Space District,"[3, 13]"
Keith Faber,"[3, 13]"
Evan Glass for Montgomery County Council,"[3, 13]"
Democratic Coalition Against Trump,"[3, 13]"
Colorado Democratic Party,"[3, 13]"
Becket,"[3, 13]"
Sarah Elfreth for Senate - District 30,"[3, 12]"
Re-Elect Jim Hanks for IID Division 3,"[3, 12]"
Aftab Pureval,"[3, 12]"
Dana Young,"[3, 11]"
Patient Freedom Coalition,"[3, 10]"
Merlin Klotz,"[3, 7]"
Dave Clegg for Congress,"[3, 7]"
UAW International Union,"[3, 6]"
"The Law Offices of Vaughan de Kirby, A.P.C.","[3, 6]"
Janet Nguyen,"[3, 6]"
David Gregory State Representative,"[3, 6]"
Beth Liston for Ohio,"[3, 6]"
Left Out Loud,"[3, 5]"
Jacqueline for 2018,"[3, 5]"
Heather Hora,"[3, 5]"
GOP,"[2, 418]"
FTC PAC,"[2, 385]"
Janet Mills,"[2, 40]"
Kentucky Family Values,"[2, 39]"
Mi Familia Vota,"[2, 32]"
Ro Khanna,"[2, 21]"
President Donald Trump Fan Club,"[2, 16]"
Transformations Treatment Center,"[2, 15]"
California Republican Party,"[2, 15]"
"Students, Parents, and Teachers Supporting Marshall Tuck for Superintendent","[2, 12]"
Stop Trial Lawyer Greed,"[2, 12]"
SoCal Health Care Coalition,"[2, 12]"
Robert Kesten for NYS Senate,"[2, 12]"
Politicule,"[2, 12]"
Online ADA,"[2, 12]"
Olivares for Sheriff 2018,"[2, 12]"
Freedom for All Americans,"[2, 12]"
Consumer Rights Attorneys,"[2, 12]"
Vote4DA,"[2, 11]"
Unlearning Liberty,"[2, 11]"
United Against Muslim Ban,"[2, 11]"
The Republican Party of Riverside County-Official,"[2, 11]"
The Committee to Defend the President,"[2, 11]"
State of Great MN,"[2, 11]"
Reunite Kids,"[2, 11]"
Philadelphians for a Fair Future,"[2, 11]"
Michael Guest for Congress,"[2, 11]"
JoBeth for Ward 6,"[2, 11]"
Councilman Weston Lindemann,"[2, 11]"
Bob Casey,"[2, 11]"
Billie Jo Underwood,"[2, 11]"
Angry Buckeyes,"[2, 11]"
Americans for Prosperity -  Florida,"[2, 11]"
With Honor,"[2, 10]"
State Senator Yvanna Cancela,"[2, 10]"
Senator Mac Middleton,"[2, 10]"
Proctor for Prosecutor,"[2, 10]"
Our Lady of Victory Homes of Charity,"[2, 10]"
Mendelson For Chairman,"[2, 10]"
Jennie Sherwood for Nevada,"[2, 10]"
Jeff Jackson,"[2, 10]"
Acorn TV,"[2, 10]"
The Deplorable Deck,"[2, 9]"
Tahirah Amatul-Wadud,"[2, 9]"
Steve Allison for Texas House,"[2, 9]"
Stand for Children - Indiana,"[2, 9]"
Re-elect Chris Wilrye for Westlake Chief of Police,"[2, 9]"
Derek Kitchen,"[2, 9]"
David Blackwelder Wake County,"[2, 9]"
Dante Acosta,"[2, 9]"
Colin Robertson,"[2, 9]"
Brendan Kelly for Congress,"[2, 9]"
South Carolina Farm Bureau Federation,"[2, 8]"
Solarrebatesloving,"[2, 8]"
Sara For State House,"[2, 8]"
Roger Berliner for County Executive,"[2, 8]"
Jim Desmond for Supervisor,"[2, 8]"
Gina Raimondo,"[2, 8]"
Dr. Kim Schrier,"[2, 8]"
Home Builders Association of Central Arizona,"[2, 7]"
The Tikvah Fund,"[2, 6]"
Mark Pinsley,"[2, 6]"
State Innovation Exchange,"[2, 5]"
Future Generations Advocacy Project,"[2, 5]"
Voices for Refugees - أصوات لأجل اللاجئين,"[2, 4]"
Susan Valdes for House District 62,"[2, 4]"
Scott Taylor,"[2, 4]"
Roby Smith for Iowa,"[2, 4]"
Cort VanOstran for Congress,"[2, 4]"
Casey Welch for Congress,"[2, 4]"
Arkansans for Jobs and Justice,"[2, 4]"
Angela Leet for Mayor,"[2, 4]"
"US Research Recruiting & Facilities, LLC","[2, 3]"
Jill Norgaard for AZ House,"[2, 3]"
Energy Justice For All,"[2, 3]"
Mark Mantovani,"[1, 65]"
Renee Hoagenson for Congress,"[1, 50]"
Planned Parenthood Advocates of Michigan,"[1, 42]"
Get Money Out - Maryland,"[1, 13]"
People's World,"[1, 11]"
Ted Wheeler,"[1, 9]"
David Baria for Mississippi,"[1, 9]"
Wellness.com,"[1, 7]"
Vote Cynthia Smith,"[1, 7]"
Uplifting Decals,"[1, 7]"
Todd Litton for Congress,"[1, 7]"
Sam Givhan for State Senate,"[1, 7]"
Notorious Rbg - Protect Women Power,"[1, 7]"
LumaTax,"[1, 7]"
Jewish Leadership Conference,"[1, 7]"
Conservative Daily,"[1, 7]"
Chuck Brannan for State Representative,"[1, 7]"
Caramella,"[1, 7]"
Ben Toma,"[1, 7]"
Arimeta DuPree,"[1, 7]"
Stephen Perenich - Democrat For Congress,"[1, 6]"
"State Representative Shane Sandridge, House District 14","[1, 6]"
San Diego County Democratic Party,"[1, 6]"
Pat Ryan for Congress,"[1, 6]"
One Nation,"[1, 6]"
No On AB 2107,"[1, 6]"
Keri Ingle for Missouri,"[1, 6]"
Dorothy For Congress,"[1, 6]"
Cooperative Action Network,"[1, 6]"
Americans for Prosperity - Colorado,"[1, 6]"
Always On NY,"[1, 6]"
Willie Gray for House 102,"[1, 5]"
Trinity University,"[1, 5]"
Taxes in Retirement,"[1, 5]"
Supervisor Joseph Saladino,"[1, 5]"
Steven Crowder,"[1, 5]"
Ray Guillory For Escambia County School Board District 2,"[1, 5]"
Prompt News,"[1, 5]"
Nancy de Pastino for Montana House,"[1, 5]"
Milltown Democratic Organization,"[1, 5]"
Louisiana Lawsuit Abuse Watch,"[1, 5]"
Linda Gross for the Az House- LD8,"[1, 5]"
Kirsten Engel,"[1, 5]"
Justin Hwang for State Representative,"[1, 5]"
John James,"[1, 5]"
Florida Policy Institute,"[1, 5]"
David Yungmann For County Council,"[1, 5]"
Cornerstone Television Network,"[1, 5]"
Breaking Patriot News,"[1, 5]"
Books Brothers,"[1, 5]"
Bobby Bliatout For The Valley,"[1, 5]"
Ben Jealous,"[1, 5]"
ACLU of Northern California,"[1, 5]"
Supplemental Health Care,"[1, 4]"
Senator Joan Carter Conway,"[1, 4]"
Richard Dien Winfield for Congress,"[1, 4]"
"President Joe Shirley, Jr.","[1, 4]"
"Political Action, DC37","[1, 4]"
Peter G. Peterson Foundation,"[1, 4]"
LidKings,"[1, 4]"
Left AF,"[1, 4]"
Laura Cox,"[1, 4]"
Jerry E. Langley,"[1, 4]"
Jason Haeseler For Florida House,"[1, 4]"
James Oscarson,"[1, 4]"
Heidi Carroll for Medina County Domestic Relations Judge,"[1, 4]"
Garnet Lewis for State Senate,"[1, 4]"
Connect Americans Now,"[1, 4]"
Clariti Advanced Vision Correction,"[1, 4]"
Clare Collard,"[1, 4]"
Build Trumps Wall,"[1, 4]"
Alfred Twu for Berkeley City Council,"[1, 4]"
Yes to Affordable Groceries,"[1, 3]"
Yes On A - Missouri Freedom To Work,"[1, 3]"
Walt Wilkins for Solicitor,"[1, 3]"
Vote Ryan Petty,"[1, 3]"
Timothy Jeffries for Arizona - State Senate LD 23,"[1, 3]"
Sharon Brackett for D46 Baltimore City Democratic Central Committee,"[1, 3]"
SEIU Healthcare Illinois & Indiana,"[1, 3]"
Robbie Leonard for Senate,"[1, 3]"
Rhonda López for State Representative,"[1, 3]"
Rep. Reginald Bolding,"[1, 3]"
Paul Pate for Iowa,"[1, 3]"
Paul Davis,"[1, 3]"
Oxygen,"[1, 3]"
One Vote At A Time,"[1, 3]"
North Carolina Democratic Party,"[1, 3]"
Nate for State,"[1, 3]"
"Matt Brown, Democrat for Rhode Island Governor","[1, 3]"
Lupe Valdez,"[1, 3]"
Kraut for CT.,"[1, 3]"
John Cornyn,"[1, 3]"
Jobs for Montana PAC,"[1, 3]"
Gloria Walker For Judge,"[1, 3]"
Floridians Against Lawsuit Abuse,"[1, 3]"
Everybody Is For Amendment 2,"[1, 3]"
Equality Texas,"[1, 3]"
ElliottLynch4NCHouse64,"[1, 3]"
Dan Shaul,"[1, 3]"
Council Member Rory I. Lancman,"[1, 3]"
Colorado Liberty PAC,"[1, 3]"
Colin Allred,"[1, 3]"
Chris Carr,"[1, 3]"
Bridge Project,"[1, 3]"
BRITE CA,"[1, 3]"
America First Policies,"[1, 3]"
Alex Villanueva,"[1, 3]"
Adrian Plank for the 47th,"[1, 3]"
2nd Amendment Rights,"[1, 3]"
1199 SEIU Maryland/DC,"[1, 3]"
iAmerica Action,"[1, 2]"
Sue Hatfield for CT Attorney General,"[1, 2]"
Save Folly Beach,"[1, 2]"
Lesley for CU Regent,"[1, 2]"
Ken King,"[1, 2]"
John Pfeiffer for State Representative,"[1, 2]"
"James ""Ward"" Morrow for Judge, Orphans’ Court-Howard County","[1, 2]"
Elect Tyson Fellman for Benton PUD,"[1, 2]"
Chris Wilhelm for County Council,"[1, 2]"
Chris Elliott for State Senate,"[1, 2]"
Campaign Finance Watch,"[1, 2]"
Representative Phyllis Henderson,"[1, 1]"
MedicareSupplement.com,"[0, 15984]"
Truth Examiner,"[0, 8343]"
Storm Water Hawaii,"[0, 4954]"
Newsweek,"[0, 4520]"
Rep Justin Woodson,"[0, 2997]"
Friends of Jo Jordan,"[0, 2997]"
Dylan Armstrong - Candidate,"[0, 2997]"
We Love America,"[0, 1998]"
US Army Pearlridge Recruiting Station,"[0, 1998]"
He Hoomaka Hou,"[0, 1998]"
NTD Television,"[0, 1621]"
Lessons from Military History,"[0, 1418]"
Planned Parenthood Votes Northwest and Hawaii,"[0, 1084]"
LGBTQ Victory Fund,"[0, 1009]"
Vote out Vacation Rentals,"[0, 999]"
United American Initiative,"[0, 999]"
The Pious Zygote,"[0, 999]"
Standard News,"[0, 999]"
Pro Surf Blog,"[0, 999]"
Ocean Defenders Alliance,"[0, 999]"
Oahu Mexican Grill,"[0, 999]"
Nicole Lowen,"[0, 999]"
Memes,"[0, 999]"
Kauai Farming & Jobs Coalition,"[0, 999]"
"Journey Wealth Management Advisors, LLC Hawaii Seminars","[0, 999]"
JoAnn Yukimura Mayor 2018,"[0, 999]"
ICES Hawaii - Youth Exchange Programs,"[0, 999]"
I Love Senior Living,"[0, 999]"
Hawaii Term Limits,"[0, 999]"
Hawaii Local News,"[0, 999]"
Earth Nation Maui,"[0, 999]"
Domestic Violence Action Center,"[0, 999]"
Bottlepops USA,"[0, 999]"
Adrienne Bell for Congress TX-14,"[0, 999]"
Rachman Blake,"[0, 989]"
Skyline Hawaii,"[0, 761]"
Support The 2nd Amendment,"[0, 578]"
Politicon,"[0, 542]"
Auto Wise,"[0, 505]"
CANVAS Unplugged,"[0, 496]"
Patty Murray,"[0, 333]"
Mary Wells for Commissioner,"[0, 333]"
Curiosity,"[0, 333]"
McGruff Safe Kits,"[0, 260]"
Tim Ryan,"[0, 253]"
New York Bully Crew,"[0, 250]"
MagiQuiz,"[0, 200]"
Liftable Engagement Services,"[0, 167]"
ITSSA Merican,"[0, 152]"
Common Energy,"[0, 140]"
Scamazon,"[0, 116]"
Gay Couples Institute,"[0, 114]"
Premium Care For Seniors,"[0, 106]"
Josh Harder,"[0, 101]"
AffinityPages,"[0, 96]"
Back to Life,"[0, 93]"
Affordable Fashion,"[0, 91]"
Lock Him Up,"[0, 86]"
Theresa Gasper for Congress,"[0, 83]"
Planet Love Life,"[0, 83]"
Lev Haolam - Supporting Israel's Heartland,"[0, 71]"
Kysha,"[0, 71]"
Business Forward,"[0, 71]"
Vance Aloupis for State Representative,"[0, 67]"
Working Families Party,"[0, 54]"
Origin Stories: A Podcast About Politics and People,"[0, 54]"
Guardian Labs,"[0, 51]"
Use Your Voice - Use Your Vote,"[0, 46]"
Live the Goodlife Travel Las Vegas,"[0, 41]"
Libertarian Coalition,"[0, 41]"
Resist Trump's agenda,"[0, 40]"
WhyHunger,"[0, 34]"
TopBuzz Advertising En,"[0, 34]"
IvoryResearch.com - Custom Essays and Dissertations Writing Service,"[0, 34]"
Bob Huff,"[0, 34]"
National Recalls,"[0, 32]"
Josh Gottheimer for Congress,"[0, 32]"
Pi Yoga Pants,"[0, 30]"
Alonzo Lerone,"[0, 30]"
ThoughtFull,"[0, 29]"
Framed Tweets,"[0, 29]"
Dave Ernst,"[0, 29]"
LevinTV on CRTV,"[0, 28]"
Andrew Yang for President 2020,"[0, 28]"
ScienceDump,"[0, 27]"
Campus Vote Project,"[0, 27]"
Barbara L'Italien,"[0, 27]"
The Urban Twist,"[0, 26]"
Justice Democrats,"[0, 26]"
Graham Allen,"[0, 26]"
We Will Ride,"[0, 25]"
Smart Cities Prevail,"[0, 25]"
Huru International,"[0, 25]"
The Claremont Independent,"[0, 24]"
Kendra Kenyon for Ada County,"[0, 24]"
Alyse Galvin for Congress,"[0, 24]"
LevinTV,"[0, 23]"
Outrider Foundation,"[0, 22]"
Jack Murphy,"[0, 22]"
Clutch4Charity,"[0, 22]"
Chris Pappas for Congress,"[0, 22]"
Virtual Distance International,"[0, 21]"
"Scooter Park, State Representative District 65","[0, 20]"
Reclaim The American Dream,"[0, 20]"
Mariah Phillips for Congress,"[0, 20]"
"Harold Markey for Martin County Commission, District 4","[0, 20]"
E. O. Wilson Biodiversity Foundation,"[0, 20]"
Bob Oreskovic for State Rep,"[0, 20]"
"Race, Racism and the Law","[0, 19]"
The Rutherford Institute,"[0, 18]"
Sophia Fromell - Executive Coach,"[0, 18]"
League of Conservation Voters,"[0, 18]"
X Straws,"[0, 17]"
Raúl Grijalva,"[0, 17]"
Vote YES for New Smyrna Beach Turnbull Creek Water Quality Bonds,"[0, 16]"
Trumps Train 2020,"[0, 16]"
Speech Moves,"[0, 16]"
Low rates mortgage,"[0, 16]"
"County of Union, New Jersey","[0, 16]"
Jay Murphy for Illinois District 51 Representative,"[0, 15]"
I Love my Team,"[0, 15]"
Emma Pinter for Adams County Commissioner,"[0, 15]"
Dianne Feinstein,"[0, 15]"
Diamontrigue of Lubbock,"[0, 15]"
AIPAC,"[0, 15]"
Screen Rant,"[0, 14]"
Politicallyincorrecthumor.com,"[0, 14]"
Main Street Investors Coalition,"[0, 14]"
Little Dictator Game,"[0, 14]"
Clinton County Tourism,"[0, 14]"
Chad Benson Show,"[0, 14]"
Airline Passengers for Justice,"[0, 14]"
Stand with Parkland,"[0, 13]"
Savage America,"[0, 13]"
Mary Throne for Governor,"[0, 13]"
Fortress Credit Pro,"[0, 13]"
EDF Action,"[0, 13]"
Deborah Kafoury,"[0, 13]"
Balanced News,"[0, 13]"
Yes for Affordable Housing,"[0, 12]"
Westchester-Playa Democratic Club,"[0, 12]"
The Vegan Vibe,"[0, 12]"
Express Pride,"[0, 12]"
Cedar Tree Institute,"[0, 12]"
Be Conscious. Be Kind.,"[0, 12]"
Trends Tee,"[0, 11]"
The World Is Crazy,"[0, 11]"
The Libertee Company,"[0, 11]"
Senator Marty Knollenberg,"[0, 11]"
Scott Peters,"[0, 11]"
SOS International,"[0, 11]"
New Mexico For Equine Rights & Open Government,"[0, 11]"
Kathleen Rice,"[0, 11]"
Jarratt Applewhite for District 50,"[0, 11]"
CMMB,"[0, 11]"
Stanton for Arizona,"[0, 10]"
Seven Figure Publishing,"[0, 10]"
Lawyers of Distinction,"[0, 10]"
Kibbe on Liberty,"[0, 10]"
Jim Bradley,"[0, 10]"
Andrew Wilkow,"[0, 10]"
American Greatness Apparel,"[0, 10]"
Vera Institute of Justice,"[0, 9]"
Reason To Believe,"[0, 9]"
Public Safety for a Safer Santa Clara supporting John Hirokawa for Sheriff,"[0, 9]"
OceanCleanup,"[0, 9]"
Liberty Justice Center,"[0, 9]"
Keepsakes Plus,"[0, 9]"
Karen Mayne for Utah Senate 5,"[0, 9]"
Gathering Together,"[0, 9]"
Council for Responsible Nutrition,"[0, 9]"
BoardSox,"[0, 9]"
Barbara Lee,"[0, 9]"
Trump Is Wack,"[0, 8]"
The Animal Pack,"[0, 8]"
OD Action,"[0, 8]"
Matt Longjohn,"[0, 8]"
LocalSaver,"[0, 8]"
Houston Young Republicans,"[0, 8]"
Dump Trump,"[0, 8]"
Buffy Wicks,"[0, 8]"
Alpha Elite,"[0, 8]"
WorldLifestyle,"[0, 7]"
UnCut Report,"[0, 7]"
Tim Aalders for US Senate,"[0, 7]"
The Open Mind,"[0, 7]"
Rick Neal for U.S. Congress,"[0, 7]"
Rep. Jeff Helfrich,"[0, 7]"
Reconstructing Judaism,"[0, 7]"
Pro-Truth Pledge,"[0, 7]"
Mayor Matt Hall,"[0, 7]"
Knock Knock,"[0, 7]"
Kerri Evelyn Harris,"[0, 7]"
Direct Expose,"[0, 7]"
Dan Rodimer,"[0, 7]"
Blue Wave Countdown,"[0, 7]"
Beautiful Christian Life,"[0, 7]"
American Hate: Survivors Speak Out,"[0, 7]"
World Race,"[0, 6]"
War On Our Future,"[0, 6]"
VoteYes4Success,"[0, 6]"
Urban Street Angels,"[0, 6]"
Texas Values Action,"[0, 6]"
Supporting American Values,"[0, 6]"
Putting Women In Their Place,"[0, 6]"
Mainers for Accountable Leadership,"[0, 6]"
Libertarian Shaman,"[0, 6]"
Left Over Rights,"[0, 6]"
I Am CA22,"[0, 6]"
Healthy Choice For Nevada,"[0, 6]"
HIAS,"[0, 6]"
Great Public Schools for US,"[0, 6]"
Fight For Good,"[0, 6]"
End the NRA,"[0, 6]"
Dr Mac MD,"[0, 6]"
Dr Herbert Lee for 39th Congressional District,"[0, 6]"
Disrupt Aging,"[0, 6]"
Dan Kildee,"[0, 6]"
Catholic Extension,"[0, 6]"
Al Lawson for Congress,"[0, 6]"
Yes On 1631,"[0, 5]"
Woke and Bespoke,"[0, 5]"
VICELAND,"[0, 5]"
UsAgainstAlzheimer’s,"[0, 5]"
UNRWA USA,"[0, 5]"
Thieves in the Temple,"[0, 5]"
The Forum Page of Illinois,"[0, 5]"
Run for Something,"[0, 5]"
Re-Elect Dotti For Coroner,"[0, 5]"
Pursuit,"[0, 5]"
Personal Capital,"[0, 5]"
Neal Simon for U.S. Senate,"[0, 5]"
Link20: Act Up for Inclusion,"[0, 5]"
LGBT Right,"[0, 5]"
Jamie McLeod-Skinner for Oregon,"[0, 5]"
JD and Kate Industries,"[0, 5]"
HomeGrown Tees,"[0, 5]"
Civic Action Network,"[0, 5]"
Capital Research Center,"[0, 5]"
Anne Claflin,"[0, 5]"
Andy Kim for Congress,"[0, 5]"
Alton Wright,"[0, 5]"
The Muslims Are Coming,"[0, 4]"
Rashida Tlaib For Congress,"[0, 4]"
Our Kids 1st - Our Schools Now,"[0, 4]"
Originalgunoil,"[0, 4]"
NRDC Trump Watch,"[0, 4]"
NRA Institute for Legislative Action,"[0, 4]"
Marpheen Chann,"[0, 4]"
Kalen Gallagher,"[0, 4]"
Josh Hill for Oregon,"[0, 4]"
Johnathan S. Perkins,"[0, 4]"
Jack Burkman Radio,"[0, 4]"
Ipsos Public Affairs,"[0, 4]"
Honoring Our Veterans,"[0, 4]"
Go Africa Harlem,"[0, 4]"
George Franklin,"[0, 4]"
David and Lucile Packard Foundation,"[0, 4]"
Charlesetta Wilson for State Representative,"[0, 4]"
Camille Coolidge-Shotwell For Judge,"[0, 4]"
Anita For Arizona,"[0, 4]"
America's Best,"[0, 4]"
Viviana Janer for Osceola,"[0, 3]"
US Lending Marketplace,"[0, 3]"
The Commonwealth Fund,"[0, 3]"
Taylor Read,"[0, 3]"
Stevevonna For 2018 Adelanto City Council,"[0, 3]"
Sexual Assault,"[0, 3]"
Selous Foundation for Public Policy Research,"[0, 3]"
Seafood Harvesters of America,"[0, 3]"
Sculpt Sweat,"[0, 3]"
Ryan Hampton,"[0, 3]"
Re-Elect Rick Miller for Franklin County Commissioner,"[0, 3]"
Players Coalition,"[0, 3]"
Paleo Politico News,"[0, 3]"
Pacific Sun Chronicle,"[0, 3]"
Opinion Research,"[0, 3]"
Niskanen Center,"[0, 3]"
New American Leaders,"[0, 3]"
Nate McMurray for Congress,"[0, 3]"
Medical City Alliance,"[0, 3]"
Matt Spritz for State Representative,"[0, 3]"
Maine Coast Heritage Trust,"[0, 3]"
Katie Porter,"[0, 3]"
Katherine Cabaniss,"[0, 3]"
Joe Donnelly,"[0, 3]"
Jim Fredericks for Sheriff,"[0, 3]"
Jeffrey D. Klein,"[0, 3]"
It Starts Today - Missouri,"[0, 3]"
Graveyard Shift,"[0, 3]"
Go Patriotic,"[0, 3]"
Financial Repair,"[0, 3]"
Dana Nessel for Michigan Attorney General,"[0, 3]"
BreakPoint,"[0, 3]"
BrainFall.com,"[0, 3]"
American Chemistry,"[0, 3]"
America 101,"[0, 3]"
92nd Street Y,"[0, 3]"
Wyoming Hunters & Anglers Alliance,"[0, 2]"
Vote Jen Plumb,"[0, 2]"
"Upgrade, Inc.","[0, 2]"
Supply Deco,"[0, 2]"
State Representative Jay Case,"[0, 2]"
Standwithsean,"[0, 2]"
Speak the i - inspire,"[0, 2]"
Solar Programs In Nevada Counties,"[0, 2]"
Senator Paul Feeney,"[0, 2]"
Senator Gerald Allen,"[0, 2]"
Rock Steady Ecommerce,"[0, 2]"
Rhya Marohn for Charles County Democratic Central Committee,"[0, 2]"
Responsible Leadership New Mexico,"[0, 2]"
Republican Governors Association (RGA),"[0, 2]"
Refi Marketplace,"[0, 2]"
Recovery PAC,"[0, 2]"
Politikal Junkie,"[0, 2]"
Phyllis Chesler,"[0, 2]"
Phil Weiser,"[0, 2]"
Peter Smith Independent for SD 32,"[0, 2]"
One Tree Planted,"[0, 2]"
Mindvalley,"[0, 2]"
Miguel Santiago for Assembly,"[0, 2]"
Mercy Corps,"[0, 2]"
MedicareAdvantage.com,"[0, 2]"
Mayes Middleton,"[0, 2]"
Linda Bennett,"[0, 2]"
Lashar for Congress,"[0, 2]"
Kulkarni for Congress,"[0, 2]"
Kiwi Report,"[0, 2]"
Keith Ellison for Attorney General,"[0, 2]"
Kathleen Riebe  Senate 8,"[0, 2]"
Kahill for Judge of Probate,"[0, 2]"
Judge Bob Flanders for U.S. Senate - Rhode Island,"[0, 2]"
Juan Fernandez-Barquin for State Representative District 119,"[0, 2]"
Joseph Widner,"[0, 2]"
Joni Crane for Utah,"[0, 2]"
Jeffrey Nolish for State Representative,"[0, 2]"
JD Wooten for NC Senate,"[0, 2]"
Institute for New Economic Thinking,"[0, 2]"
Harry E. Freeman,"[0, 2]"
Grow Louisiana Coalition,"[0, 2]"
Greg Abbott,"[0, 2]"
Gail Young for North Carolina,"[0, 2]"
Founder of the Day,"[0, 2]"
Finish the Ballot,"[0, 2]"
EveryDistrict,"[0, 2]"
Eric Bolling,"[0, 2]"
"Emily Spear, L.A. County Superior Court Judge-Elect","[0, 2]"
Earth Clan,"[0, 2]"
Dan Saddler for State Senate,"[0, 2]"
Dan Kohl,"[0, 2]"
Cradlepoint,"[0, 2]"
Corey Stewart,"[0, 2]"
Community Committee to Elect Robert Cohen,"[0, 2]"
Coalition for Medicare Choices,"[0, 2]"
CBD! - Historic Downtown Miami,"[0, 2]"
BuzzyShare,"[0, 2]"
Brian Jones for State Senate,"[0, 2]"
Black & Proud 365,"[0, 2]"
BabyGaga,"[0, 2]"
Andrew Shaffer,"[0, 2]"
Americans for Prosperity - Louisiana,"[0, 2]"
American Jewish World Service - AJWS,"[0, 2]"
32BJ SEIU,"[0, 2]"
TeacherFreedom,"[0, 1]"
RedBlue Tracker,"[0, 1]"
"Philly Women Rally, Inc.","[0, 1]"
Parliament 2050,"[0, 1]"
"Nick Josefowitz for Supervisor, San Francisco, District 2","[0, 1]"
Muslim Aid USA,"[0, 1]"
Mommy Underground,"[0, 1]"
Make HIM Great,"[0, 1]"
Love’s Surf Gems,"[0, 1]"
Liker,"[0, 1]"
Inspiration Ministries,"[0, 1]"
Humanization,"[0, 1]"
Don Mayhew,"[0, 1]"
Dave Myers,"[0, 1]"
Cynthia Kaump for WI State Treasurer,"[0, 1]"
Christina Minicucci for State Representative,"[0, 1]"
Christian Democrats of America,"[0, 1]"
Cathy Costello For Labor Commissioner,"[0, 1]"
Ari Espinal,"[0, 1]"
Anti Tea Party MEMEs3,"[0, 1]"
Allied Progress,"[0, 1]"
U.S. Department of Homeland Security Blue Campaign,"[0, 0]"
Taxotere Lawsuit Information,"[0, 0]"
Stephen Brown,"[0, 0]"
Senator Ed Jackson,"[0, 0]"
Rosabelle Gorman,"[0, 0]"
Robert Rodriguez for Colorado,"[0, 0]"
Rethinking Foreign Policy: Analysis by Mitchell Plitnick,"[0, 0]"
Peisinger for Harford County State's Attorney,"[0, 0]"
NowThis Politics,"[0, 0]"
Mitchell Cobert,"[0, 0]"
Meet Tim Pawlenty,"[0, 0]"
Marsy's Law for Kentucky,"[0, 0]"
Louisiana Association of Educators,"[0, 0]"
Judge Barber For Kentucky Court Of Appeals,"[0, 0]"
Greg Waring,"[0, 0]"
Freedom Action Network of South Carolina,"[0, 0]"
Facebook,"[0, 0]"
David Northcutt for State Senate,"[0, 0]"
Conservative Journalists,"[0, 0]"
Congressman Peter King,"[0, 0]"
Citizens Energizing Michigan's Economy,"[0, 0]"
Chris Christie for Alabama Attorney General,"[0, 0]"
CWA District 1,"[0, 0]"
Ben Shnider for County Council,"[0, 0]"
BET,"[0, 0]"
Airbnb,"[0, 0]"
