Protect AR Families,1850000,4449986
Arkansans for Jobs and Justice,962867,2631269
French Hill for Arkansas,778999,2049980
Driving Arkansas Forward,670000,1762967
Tea Party Nation,500000,999999
Asa for Governor,370000,1024984
Leslie Rutledge for Arkansas,351000,936972
MO Research,280358,750846
Advance Arkansas Institute,225000,509994
Arkansas Overdose Program Don't Run Call 911,211000,554997
Arkansas Game and Fish Commission,210000,549998
Jared Henderson for Governor,206938,888549
Judge Joseph K.Wood,174000,419983
ExxonMobil,168656,371770
The Nature Conservancy Sustainable Agriculture,151000,304997
Clarke Tucker for Congress,131953,353634
Michael John Gray,126000,314995
Warwick Sabin,114000,480972
Talk Business & Politics-Statewide,102000,270970
Governor's Council on Developmental Disabilities - State of Arkansas,101000,204997
Planned Parenthood,98092,271931
Conduit for Action,92000,309966
Benham for Mayor,85000,396984
Spencer Hawks for State Representative District 70,84000,241987
Liberty Defense Network,83000,204991
Mike Smith for Mayor of Stuttgart,82998,326980
Tom Farmer for Benton Mayor,72000,345985
Our Flag Our Country,72000,331988
Luis Andrade for Mayor,70296,248887
Judicial Crisis Network,69985,199923
George McGill,69620,185185
Republican State Leadership Committee,69527,199197
Denise Garner for Arkansas,58967,212851
Electric Cooperatives of Arkansas,58000,125994
Ryan Carter For State Representative,57000,271963
Luke Pruitt For Arkansas 77,55000,203970
Jonathan Crossley for AR House District 41,54000,240989
Arkansas Advocates for Parental Equality,52000,111995
Donald J. Trump,51661,236147
Amelia Taldo-Williams,51000,206962
Self-Reliant Republic,50425,252121
Southern Poverty Law Center,50000,99999
The JBGB,48477,96954
Living Free,45000,209995
Bob Ballinger for Arkansas State Senate,44951,250693
Andrew Collins for State Rep,44000,213978
NEA Today,43885,155389
Women For Civility,43837,186591
The Holy Tribune,42000,179993
Jim Webb for Bentonville Mayor,41991,166950
Representative Aaron Pilkington,41000,210989
Great Financial Workshops,40937,135827
Casey D. Copeland for State Rep 80,39667,142181
Gwen Combs,37000,109992
Better With Age,36678,132275
First Electric Cooperative,35000,160995
Nathan George for AR Rep,35000,114990
Proxy.Vote,32000,160994
LeDante Walker Sr. for City Director District 2,30077,152340
Andy Hawkins for House District 70,29000,118964
Baker Kurrus for Mayor,28000,98901
Tyler Dunegan for Mississippi County Clerk,27000,122983
Cliff Preston for Union County Judge,27000,60992
Kyle Sylvester,25000,126991
AARP Arkansas,25000,111995
Concealed Online,24701,113680
Americans for Prosperity,24531,118412
Megan for Arkansas,24000,90992
Treasurer Bobby Hill,23832,81557
Michael J Roetzel,22000,85989
Kallen Peret for Arkansas House District 24,22000,67987
"Frank Scott, Jr.",21000,104997
Progressive Arkansas Women PAC,21000,91990
Trevor Drown for Secretary of State,20000,99998
JRMC,20000,99998
REED for Lonoke,20000,88989
State Rep. Mark Lowery,20000,61985
PragerU,19061,39596
Solar Rebate,19000,81992
Jonathan Dunkley for Congress,19000,81992
Chris Moore for Mayor,19000,67986
Brandi Lingo For HSC Circuit Clerk,18000,100971
MedicareSupplement.com,17000,222845
Arkansas Center for Research in Economics ACRE,17000,87989
John Thurston for Secretary of State,16000,64997
Erika Snow for Clay County Tax Assessor,16000,51990
Military Network,16000,36994
VoteTogether,15251,61971
David Chilcote Candidate for Camden Mayor,15000,59998
Zane Chenault for Washington County Treasurer,14947,75712
Democratic Party of Arkansas,14000,69995
Phillip Miller for White County Sheriff,14000,46987
Hopperforrogers,13998,70984
Orman for Bentonville Mayor,13997,65890
Rose Roland for Faulkner County Justice of the Peace District 5,13000,68983
Mark Tripp: City Council Community Updates,13000,36993
Becky Lewallen,12983,68909
Taxotere Lawsuit Information,12454,28859
Democrats,12119,57897
Jason Dobson for State Representative,12000,71976
Gayatri Agnew for Arkansas District 93,12000,60996
Arkansas Fashion School,11667,46250
Democratic Attorneys General Association,11063,55172
Dana Bonham Candidate for State Representative,11000,70973
Elect Ray Dotson,11000,67976
Jim Houston - Faulkner County JP,11000,54998
Platnum bbq,11000,54989
Richard Harris for Mayor,11000,49983
Elect Michael J. Bullock 2018 White County Sheriff,11000,27994
Senator Maralyn Chase,10999,54993
America's Future Foundation,10962,55807
Patagonia,10895,54473
St. Jude Children's Research Hospital,10892,21784
"I'll go ahead and keep my guns, Thanks",10563,22980
DoSomething.org,10238,50564
National Republican Congressional Committee,10124,33642
Susan Inman for Secretary of State,10000,49999
Open Primaries,10000,49999
Old State House Museum,10000,49999
Mission Machine,10000,49999
Mike Loe,10000,49999
Conway Regional Health System,10000,49999
Arkansas Heart Hospital,10000,49999
Arkansas Healing Arts Massage & Wellness - Little Rock Massage,10000,49999
Cooperative Action Network,10000,19998
Josh Mahony for Congress,9944,19886
Bruce Westerman,9839,49192
Jackie Wright for Faulkner County Justice of the Peace District 5,9000,49986
RJ Mazzoni for Maumelle Ward 2,9000,44991
Frank Glidewell for Senate District 8,9000,44991
Alderman Ken Keplinger,9000,29995
United States Constitution,8948,23141
Gary Morris 2018,8000,50981
"Elect Steven Ward, Union County Justice of the Peace",8000,42989
Move Sherwood Forward,8000,26994
"Christi Berry for Justice of the Peace, Faulkner County District 9",8000,25995
Jeremy Ross,8000,24996
Logically Illiberal,7954,15908
Chintan Desai,7864,42236
Ben Shapiro,7501,19095
ACLU,7461,21990
Definition.org,7085,18251
Martin For Mayor,7000,41986
Latasha Robinson for MAYOR,7000,23993
Cleburne County Votes L-Obqc,7000,20996
Karen Garcia City Director District 5,7000,19997
Farmers Electric Cooperative,7000,19997
Rugged Roots,6990,17939
Stormey Primm for Coroner,6773,34859
Clay County Electric Cooperative,6481,18940
Live Action,6430,16072
Levi's,6425,12849
NRA - National Rifle Association of America,6260,15337
"Russell Hull Justice of the Peace District #10, Yell County",6000,32991
SusanAnn Martin,6000,31992
Garrett Barnes for Craighead County JP District 10,6000,16996
Keith Ingram,6000,15997
National Public Pension Coalition,6000,14998
Keith Greene,5934,37525
Beto O'Rourke,5428,21476
Make the Connection,5333,13333
Elect John Russo Ozark County Prosecutor,5270,11879
Sarah French for County Judge,5000,10998
Americans for Prosperity - Arkansas,5000,10998
"South Central Arkansas Electric Cooperative, Inc.",5000,9999
Relevant Seminars,5000,9999
ReElect Judge Bart Virden Arkansas Court of Appeals District 2 Position 1,5000,9999
King's Towing & Recovery,5000,9999
HealthInsurance.net,5000,9999
Edgar Baker,5000,9999
Darlene Byrd,5000,9999
Core of Arkansas,5000,9999
Arkansas Herald,5000,9999
MACH 1 Financial Group,4959,9917
Randy Caldwell for Congress,4850,9699
Robin Lundstrum,4762,12319
Woodruff Electric Cooperative Corporation,4701,9402
4ocean,4559,9680
MoveOn,4379,24926
Sound Advice Hearing Doctors,4377,8754
PolicyEd,4314,9474
Pfizer,4273,10513
Alliance Defending Freedom,4050,9673
Jerry Ponder-Mayor 2018,4000,27988
Lanna Clark for Clark County Assessor,4000,23992
Elect Steve Walden Pulaski Circuit/County Clerk,4000,23992
Deakins for Washington County JP5,4000,22993
Jimmy Stephens for Sheriff 2018,4000,20995
Greg White for Alderman,4000,19996
Co-ops Vote,3978,21919
Kelly Scott Unger for District 87,3971,20849
Sashka Co.,3943,7886
The Trump Prophecy Movie,3939,10907
We The People Holsters,3843,10555
Progressive Turnout Project,3834,7668
Charlie Kirk,3807,9112
NRA Women,3736,9339
Drug Injury News,3681,7362
45 Hats,3623,23802
Conservative Gear,3622,16306
St. Martin's Press,3516,8790
Dannie's Cafe,3488,17439
Congressional Black Caucus PAC (CBC PAC),3457,9642
Circa,3395,11356
U.S. LawShield,3326,8314
Save the Storks,3319,8517
In the Woods with Phil,3237,8485
Tom Steyer,3097,10416
"Frances Eason-Nelson, Board of Director",3000,20991
Jeff Williams State Representative District 89,3000,17994
Bob Johnson for Mayor,3000,17994
Vernon Morris,3000,16995
Randy Haun for State Representative District 31,3000,15996
East End Democrats,3000,15996
Dennis Mitchell for JUstice of the Peace -District 7,3000,15996
Brenda Brandenburg for Mayor,3000,15996
Arkansas Good Roads,3000,15977
Stone County Republican Committee,3000,14997
Kyle Smith - Fayetteville Ward 4,3000,14997
Clinton House Museum,3000,14997
AprilforAlderman,3000,14997
David Whitaker,3000,14995
Chesser for Assessor,2999,21987
Elizabeth Warren,2978,9597
"Benton County Assessor, Roderick Grieve",2950,16669
BuzzVideo Advertising En,2897,7242
Boredom Therapy,2895,7916
Energy Citizens,2882,7135
Commemorate Number 45,2868,6969
Union County Democratic Party,2856,16655
Shield Republic,2856,6649
HILL TV,2854,9408
YouGov,2787,6968
Turning Point USA,2769,7269
Novalyfe,2586,6464
Ramona Taylor for Mayor,2509,7449
Swing Left,2476,7941
Good Jobs Nation,2462,6515
Protect The Harvest,2399,4798
Celebrity Voice Changer,2387,7261
International Rescue Committee,2323,5709
Free to Be Kids,2295,4590
Kamala Harris,2270,7844
LemonyTree,2232,5592
I Am An Immigrant,2202,6213
Conservative Tribune,2194,6618
Dropkick Memes,2194,4388
NRSC,2131,5958
Rice Divorce Team - Dedicated to Solving Family Law Matters,2086,4228
"Hunter Windle for Pulaski County Justice of the Peace, District 4",2000,16991
Gilbert for Lieutenant Governor,2000,16991
Chris Oswalt for City Attorney,2000,16991
Vote Paxton - Fayetteville Ward 1,2000,11996
Susan Cunningham,2000,11996
Indivisible Little Rock & Central Arkansas,2000,11996
Dustin Parsons for State Representative District 28,2000,11996
Chase Mangiapane for State Representative,2000,11996
Joe Graham for District Judge,2000,10997
Arkansas Times,2000,10997
Arkansas Abortion Support Network,2000,10997
Mexico-US Trade,2000,9998
Kevin Vornheder for Arkansas Senate - District 17,2000,9998
Garrett Shepherd for Ozark School Board,2000,9998
Fox Creek BBQ,2000,9998
Retired Republicans,1996,5013
World Woman Foundation,1982,13530
Lou Reed Sharp for Arkansas,1959,9903
The Daily Signal,1943,4945
Donald J. Trump - USA,1918,5141
Emily Sledge for Washington County Clerk,1902,12453
Color Of Change,1895,3935
FreightWaves,1869,4250
Human Coalition,1830,5696
Pursuit,1797,3602
White Plastic Is Freedom,1749,3499
Conservation International,1733,4375
American AF,1721,6138
Elect George Chism - Shelby County Trustee,1702,3403
Patriot Depot,1699,4995
Ted Cruz,1689,3963
Prophecy Watchers,1652,3304
USPS Business,1629,4223
Kirsten Gillibrand,1587,4117
The Bank TV Show,1556,3111
Restoration PAC,1545,5527
USCCA,1539,3078
Judicial Watch,1527,3094
Tony Evers,1506,3232
Foundation for Individual Rights in Education,1485,2971
SPELLCHEk,1483,3707
Democratic Governors Association (DGA),1461,3625
Jeff Merkley,1443,3531
Walton Family Foundation,1436,2872
John Hendricks for ALL Barry County Citizens,1378,6887
"I Love You, America",1376,2751
Human Rights Campaign,1357,3171
Dinesh D'Souza,1355,11354
"Imprimis, a Publication of Hillsdale College",1348,2695
Civiqs,1345,4653
End Citizens United,1308,3376
Paul Moya,1304,2608
Winning For Women,1301,5882
When We All Vote,1290,5156
Jewish Voice Ministries International,1264,5551
Kevin McCarthy,1232,4148
Naturalist Labs,1156,2312
Mercatus Center at George Mason University,1149,2297
Stand for the 2nd Amendment,1141,4996
Sandy Hook Promise,1138,2280
Ralph Innes for Butler County Associate Circuit Judge,1127,5636
We Are The Mighty,1097,3218
Tax Foundation,1087,5172
Commentary,1069,2138
The Years Project,1056,2163
Solar Energy Today,1050,5189
Silkies,1040,2080
Howstuffworks,1039,2563
Media Research Center,1005,2010
Independence County Democrats,1000,18985
Brian Lyew for Bentonville City Council Ward 4,1000,14989
"Vince Pearcy - Candidate for Justice of the Peace, District 4 Craighead Co.",1000,10993
Mark Kinion for State Representative,1000,9994
Association for Accessible Medicines,1000,9994
Democratic Party of Lonoke County,1000,8995
Bobby Ephlin for Mississippi County Sheriff,1000,8995
Angie Caruthers for Cave Springs,1000,8995
Todd Crane,1000,7996
Robb Ryerse,1000,7996
NTD Life,1000,7188
Wayne Long for JP 6 Jackson Co.,1000,6997
The American Times,1000,6997
"Susan Anglin,Justice of the Peace Dist.9,Benton County",1000,6997
Star Henson Bryant City Council Ward 2,1000,6997
Maureen Skinner for Arkansas Senate,1000,6997
Judge Susan Weaver,1000,6997
Southern Teez,1000,5998
Sheriff Chris Brown,1000,5998
Republican Party of Arkansas,1000,5998
Re-elect Robert Green Sr Justice of the Peace District 10,1000,5998
Joshua Price,1000,5998
Jerrell Smith for Prairie County Sheriff,1000,5998
"ICU Protection, LLC",1000,5998
Clay County AR Republican Committee,1000,5998
Change The Law Save Thousands on Funerals and Burials,1000,5998
Young Republicans of Crittenden County,1000,4999
Thompson Driving School,1000,4999
Shelby Thomas for Ward 2,1000,4999
Shane Natalie Thompson,1000,4999
"Scott Willhite, Attorney",1000,4999
School Board President Andrew Bagley,1000,4999
Sarah Scanlon for NLR School Board,1000,4999
Rogers for Arkansas,1000,4999
"Rep. James Sturch for State Senate, District 19",1000,4999
PsychosisExotics,1000,4999
Pryor Center for Arkansas Oral and Visual History,1000,4999
NWArkansas American Shaman,1000,4999
MyEnergyAVECC,1000,4999
Jeffrey D. Hedges for Smackover Constable,1000,4999
Fort Smith City Director-Elect Neal Martin,1000,4999
Elect Terri Hollingsworth,1000,4999
El Dorado First Assembly,1000,4999
Dunham for Sheriff,1000,4999
David Sterling For Arkansas,1000,4999
"David McClain - Jonesboro City Councilman-Ward 6, Position 2",1000,4999
Conduit News,1000,4999
Carl Hanson for Saline County Treasurer,1000,4999
Bob Tharp - Mayor of Decatur,1000,4999
Barber for Faulkner County Assessor,1000,4999
Ashley Ewald For State Treasurer,1000,4999
National Wildlife Federation Action Fund,997,4985
Michael J Kalagias for Congress,996,4979
Comedy Central,995,2008
American History TV,995,1989
Rainforest Action Network,987,2624
Florida Daily,977,1955
Underwood for Arkansas,976,4881
American Friends Service Committee,972,2162
BentonvilleVotes,965,6796
Ouachita Electric Cooperative,961,4806
Everytown for Gun Safety,960,2541
Cathy Myers,941,2682
Young America's Foundation,938,3507
Rebuilding America Now,932,1921
MJ for Texas,930,1874
Jeannie Wilson for Treasurer/Collector,926,4631
ED to MED,917,1833
NewsBusters.org,913,1826
Chevron,911,1823
Steve Hotz for Sebastian County Treasurer,902,5446
Print For Progress,900,7191
ReBuild USA,871,1741
Darryl Grissom for Gosnell Mayor,849,4245
Ben Ferguson,846,1691
Tax March,844,2031
My Pay My Say,844,1689
Connie T. Doss Campaign for Carroll County Clerk 2018,837,5029
Sierra Club,824,3139
Ocean Conservancy,818,7655
Department of Homeland Security,818,1637
Warrior 12,811,1650
IcePop,807,1613
Earthjustice,804,1867
Right on Crime,795,3936
Proud Right Winger,791,4016
DiversityInc,790,1670
Patriotic Drop Shop,778,3301
Military Tees,768,1970
Jacob Riglin,767,1533
Lena Epstein,757,1515
Greenpeace USA,744,1858
Personal Liberty,735,1471
Sherrod Brown,717,1857
Darryl Matson for Cherokee Village Mayor,708,9532
AMA Patients’ Action Network,701,1401
Tennessee Advocates for Planned Parenthood,697,1857
Minerals Make Life,684,1369
Erase The Hate,683,1415
dittymoji,676,1521
NUNYO & COMPANY,674,1348
Brandon Ogles for State Representative,653,1306
Unspeakable Crimes,646,1808
NRDC,638,2402
Fahrenheit 11/9,636,1342
UnitedHealthcare,635,1893
Penguin Kids,626,1736
Center for Biological Diversity,619,1433
Conservatives Against Media Manipulation,615,3076
Joe Kennedy III,607,1829
Penzeys Spices,600,2042
Senator Bob Hall,599,1197
Proud Americans Supply,596,1696
Be A Hero,592,1901
Vote John Berrey Quapaw BC Chairman,591,2147
EMILY's List,589,2299
Paul Oesterreicher For Prosecutor,588,1768
Banana Bay Tactical,587,1173
Lets Make USA Great Again,585,2719
Ben & Jerry's,585,1422
Proud American Hunter,567,2484
Friends of Judge Sharon Marchman Campaign Committee,554,2800
Uncle Sam's Misguided Children,553,1106
Breaking Big,535,1658
POET,533,1065
Physicians Committee for Responsible Medicine,531,1101
Link TV,528,1057
LifeZette,522,23916
DC Statesman,522,2674
Do Amore,518,1035
Dissent Pins,515,1055
Block Party for Peace,501,2205
"American Global Express, LLC",484,2421
GOP Gifts,480,960
Paramount Network,469,1496
The Southern Alliance for Clean Energy,466,2410
National Network of Abortion Funds,466,2238
WREG News Channel 3,464,927
"Vote Nancy Robbinson for School Board Chair - August 28, 2018",461,942
People United for Privacy,455,1937
Adam Schiff,449,1928
Shaun King,448,1439
Stand Up America,443,5108
NRATV,437,2034
Texans for Natural Gas,431,1172
Environmental Defense Fund,430,2847
John Cox for Governor 2018,430,858
Patients For Affordable Drugs Action,422,843
Sand Cloud,416,2379
Mic,411,822
Southern Marsh Collection,409,2044
Great America PAC,404,2101
American Financial Advisory For A Better Future,403,2014
Power In Cooperation,402,2766
The Humane Society of the United States,396,955
Center for Western Priorities,393,786
National Democratic Redistricting Committee,391,2913
Harley Rouda,386,1928
The Young Turks,383,1716
The Western Journal,382,2450
Congressman Markwayne Mullin,382,763
Environmental Court Judge Patrick Dandridge,377,1912
Mayor Philip Levine,376,751
Prophecy News Watch,375,1904
Tactical Pro Supply,374,1882
Independent Voter,371,1834
Andrew Janz,366,1402
Let Africa Live,366,1303
FLAG  - Foundation for Liberty and American Greatness,364,1321
First Quote Health,355,1777
PrintedKicks,354,1904
Jay Sekulow,351,1753
The Wilderness Society,351,1097
America's Navy,346,1547
John Kasich,346,691
Larry Hogan,345,785
American Gun Association,341,1489
CRTV Tonight with Gavin McInnes,338,1567
Louder with Crowder,329,1124
Chuck Schumer D-NY,329,774
Jason Nichols for Congress,324,1029
Giffords,318,1528
World Food Program USA,316,684
Nine Line Apparel,304,1415
Abortion On Our Own Terms,304,1142
Distractify,301,3418
RSCC,300,599
Pocket Politics,298,1845
Reform Austin,292,645
Randy Bryce,287,732
Humane Society International,280,707
Kialo,274,1272
Dale Lane for Sheriff,274,639
Hoover Institution,272,1249
Stan Little for Circuit Judge,272,544
Science for Humans and Freedom Institute,267,2712
Make Tee Great Again,267,1333
Jack Burkman Radio,264,1071
The News and Why It Matters,262,979
Disability Over 50,261,1304
UPROXX,255,1273
The Devil We Know,254,1266
Heidi Heitkamp,254,1149
Goods Unite Us,245,1234
ASMDSS,238,1005
NARAL Pro-Choice America,236,1469
FEE,235,1176
FreedomWorks,235,967
Jarrin Jackson for US Congress,235,729
Kevin Stitt for Governor,235,504
Orman for Kansas,234,1178
Joe Gruters,233,604
The Committee to Defend the President,232,1197
Affordable Medicare,229,1145
Rant Nation with Graham Allen,227,664
Missouri's Voice,226,581
Parish of Caddo,225,451
Casey Kozlowski,223,445
Patriot Powered Products,222,1485
Cheapest Health Quotes,222,1111
Claire McCaskill,221,585
Conversations with Bill Kristol,220,1330
Janet Garrett for Congress,219,439
The Charlie Daniels Band,217,434
Private Label Extensions,215,1074
David Lenoir,213,425
"Ken Selzer, CPA for Governor",212,424
2nd Amendment Rights,206,438
China US Focus,204,801
Danny O'Connor for Congress,204,556
Bottom Line With Boris Epshteyn,203,1014
Finance Watchdogs,201,1096
Americans for Peace and Tolerance,200,1001
Opera House Theatre Players,199,398
Naturally Fit Inc,197,809
Cold Dead Hands,196,829
John Wolfe U.S. Senate,196,648
Becket,195,1233
Conservative Journalists,195,977
Bill Conway for Council,193,964
Dennis Prager,193,793
Amnesty International USA,191,710
UnitedVoice.com,190,967
The Conservative Nation,187,933
North Carolina Citizens,186,929
Daily Vine,185,925
"William Thomas ""Dub"" Duston",185,428
The Atlas Society,184,780
IOOGO,181,929
Survival Life,181,905
Ryan Hampton,181,728
Carlson Lynch Sweet Kilpela & Carpenter,177,885
22 Words,176,3371
Environmental Working Group,176,880
Jessee Carlton Fleenor for Congress 2018,173,867
ARISE,170,849
Freedom From Religion Foundation,169,713
Armed American Supply,168,1996
NRA Institute for Legislative Action,168,847
Living the fullest life,166,332
Merikkkan AF,164,819
ClearPath Action Fund,164,475
Captains for Clean Water,163,815
iSideWith.com,162,670
Help for Essure Victims,161,1180
Every State For Israel,161,806
Steve Scalise,160,799
America with Eric Bolling,160,735
Mercy For Animals,156,2732
Scott Walker,156,793
Rich Siegel Author,156,778
Dr. Levenson for Congress,154,771
Bobby Payne,154,307
American Heart Association: You're the Cure,152,340
Protect The House,151,824
Dana Nessel for Michigan Attorney General,151,761
Marsha Blackburn,151,753
Institute for Southern Studies,149,745
The Christian Left,147,736
Democratic Legislative Campaign Committee - DLCC,146,627
Congressman Mike Johnson,146,480
International Animal Rescue,145,725
Virginia Foxx for Congress,145,290
Kurt Bryant City Council,145,289
Show Up 2018,143,1216
Liftable Engagement Services,143,469
No Labels,141,722
"Ed Lloyd & Associates, PLLC",141,703
Catholic Relief Services,140,625
Bill O'Reilly,139,578
Your Trump Shop,139,531
Van Dude Apparel,138,689
"Vericool, Inc.",138,688
Patrio,138,688
Cheddar,135,676
Fight For Reform,135,675
Cooney for Clerk,135,269
Auto Wise,134,671
Dave Dodson for Senate,134,621
LittleThings,133,664
Giving Brush,133,395
"Billy Orgel, School Board District 8",133,373
MI Senate Republican Campaign Committee,133,333
Tomahawk Strategies,132,662
Federal Voting Assistance Program - FVAP,132,662
Rumble,132,658
SpeakEasy Political,132,264
Zephyr Teachout,131,708
Hillsdale College Online Courses,131,314
No on SoccerCity,131,278
Bryan Hoffman for Kansas Senate,131,261
Off The Wire,129,646
Total Wealth Research,129,643
UltimateStraw,129,556
Unite America,129,517
Liberty Justice Center,128,640
Hunter For Wyoming,128,640
Civics Nation,127,635
Wyoming Hunters & Anglers Alliance,127,258
I Love My Freedom,126,701
MassMutual,126,632
OWN: Oprah Winfrey Network,126,631
Lea Black,126,630
James Thompson for Kansas,126,600
Congressional Leadership Fund,126,359
Exclusive Apparel,125,1367
National Committee to Preserve Social Security and Medicare,125,871
No Kid Hungry,125,721
For America,125,623
Moving Michigan Forward Fund II,125,336
Erick Erickson,125,250
Sarah Riggs Amico,123,617
Michelle For Our Schools,123,612
Duncan Hunter for Congress,123,247
350.org,122,610
Garner Ted Armstrong Evangelistic Association - Australia,122,608
Animal Matters,122,497
Metagenics,121,607
"Elect Doug Kyle Texas County Sheriff, Texas County Missouri",121,603
RageOn,121,450
Ross Spano,120,600
Raising Tomorrow,120,275
Michael Echols,118,589
Kevin de León for U.S. Senate,118,248
John Boccieri for State Senate,117,235
Period Calendar Cherry,116,581
Armed,116,581
Independent Women's Forum,116,580
Faith Johnson For District Attorney,116,263
University of California Television (UCTV),116,231
The Soldier Network,115,230
Go Coast Guard,114,572
NRDC Action Fund,114,540
PCCC - BoldProgressives.org,114,423
Great American Era,111,555
Gentner Drummond,110,407
Andrew Gillum,110,299
John Legere,109,547
Scott E. Brown,109,545
Visit Seattle,108,460
We Can Solve This,108,240
Jewish Leadership Conference,107,622
FloridaStrong,107,216
Recova,106,529
CREDO Mobile,106,529
Patrick Windhorst for State Representative,106,211
White Coat Waste Project,105,1748
Angie Chen Button for Texas,105,525
Likewise Media,105,524
Soi Dog Foundation,105,296
Andy Manar,104,208
Shout Your Abortion,103,560
State Representative Trent Ashby,103,517
FuzzWeb,103,516
Putting Women In Their Place,103,515
Nick Carter for Governor's Council,102,511
Firearms Policy Coalition,102,490
Mi Familia Vota,101,503
Markwayne Mullin,101,237
American Hate: Survivors Speak Out,100,521
OAF Nation,100,512
Point Source Youth,100,501
Friends of the IDF (FIDF),99,1341
The Committee to Elect Ja'Nekia W. Barton for Bolivar County Court Judge,98,491
Tennessee Democratic Party,98,216
NTK Network,98,197
World Relief,96,542
The Real News Network,96,480
LevinTV,96,214
American Friends of Magen David Adom,96,213
John K. Delaney,95,190
Democratic Association of Secretaries of State,94,1257
Sarah Palin,94,471
Tammy Duckworth,93,466
Life Changing Videos,92,381
Walker Mallott for Alaska,92,185
Innocence Project,91,457
John Boatner for U.S. Congress TN-08,91,234
Wildlife Conservation Society,91,182
Plan International USA,90,475
National Partnership for Women & Families,90,461
Apologia,90,180
Sarasota citizen Martin Hyde,89,557
Pancreatic Cancer Action Network,89,448
Democratic Senatorial Campaign Committee (DSCC),89,432
Darrin Camilleri,89,179
Yes on Measure A for Rocklin Parks,89,178
Rob Davidson for Congress,88,1445
Urban Intellectuals,88,452
2atees1,88,234
FrackFeed,88,190
Kyle Reyes,88,175
Left Action,87,434
Ellis for Missouri 8th Congressional District,87,434
eq.eco,86,429
Donald Trump Is My President,86,212
Illinois Family Institute,85,169
SDSU WEST,84,167
National Security Action,83,415
Flip It Blue,83,415
Chicago Council on Global Affairs,83,414
WithYou,82,409
Colorado Democratic Party,82,409
Democratic Party,81,42785
Truthout,80,423
World Mercury Project,79,397
Maple Heights African American Gazette,78,678
Blue Wave,78,639
Jetties Bracelets,78,417
Hire Memphis,78,392
Protect Arizona Taxpayers,78,389
Emerging American Majorities,78,182
EveryLibrary,78,160
Hero Wars: Become A Legend,78,157
The Wildcard,78,156
VICELAND,77,387
Random House,77,386
Julie Oliver,76,153
We Must Resist,76,151
Texas Public Policy Foundation,76,151
Clergy for a New Drug Policy,75,379
The Daily Show,75,376
Alliance for Michigan Power,75,186
Oceana,74,597
Chrissy Houlahan,74,378
Color Of Change PAC,74,235
Conservative Investor Daily,74,148
Leo Dunson,74,147
Restoring American Truth,73,367
HealthReform 2.0,73,145
Quirk Books,71,356
Telemundo 39,71,355
Working Families Party,70,349
Ammar Campa for Congress,70,279
Jeff Brandes,70,186
OZY Future,69,741
Baron and Budd Employment Law,69,347
Caddo Lake's Last Stand,69,346
Planned Parenthood Action,69,306
CNSNews.com,69,138
Partnership for Civil Justice Fund,68,342
Stephanie Perry,68,135
Republicans for the Rule of Law,68,135
Institute for New Economic Thinking,68,135
Kyrsten Sinema,66,335
Elect Daniel Lewis for Mayor 2018,66,331
Nexus Media News,66,330
The News Literacy Project,66,328
National Park Foundation,65,330
Lebowski Lovers,65,231
SlutBox,65,213
National Farmers Union,65,131
Colin Allred,64,151
Lisa Stone Barnes,64,128
615AboGado,63,240
Dean Phillips for Congress,63,148
"Omara Strategy Group, LLC",62,310
Big Al's Bar & Grill,62,308
Stand,62,307
Ralph Nader Radio Hour,62,124
Missouri AFL-CIO,62,124
Jeff McCormick for Dunklin County Prosecuting Attorney,61,303
Online Carry Course,60,712
Louisiana Lawsuit Abuse Watch,60,303
CARE Action,60,302
House of Patriots,60,174
Allison Gilman For Judge,60,121
A Wider Bridge,59,297
Save Animals Facing Extinction,59,293
NC Common Ground,59,147
Mike Johnson,59,146
Topix Stars,59,134
Holly Rehder,59,119
Parks Project,58,296
Florida Democratic Party,58,246
NRDC Trump Watch,58,116
Widow Dark Thirty,58,115
Robert L. Smith for State Representative - 152nd District,57,296
Ed Markey,56,279
Topix Rewind,55,610
Anna Caballero for Senate,55,273
Leadership Institute,55,154
Change vs. More of the Same,55,110
Confucius Institute U.S. Center,55,109
Topic,54,269
U.S. National Committee for UN Women (USNC),54,173
UsAgainstAlzheimer’s,53,269
Friends of Regina Morrison Newman for Trustee,53,261
Make America Great Again - Republican,52,362
Doctors Without Borders/ Médecins Sans Frontières (MSF),52,260
Say No to impeachment,52,105
Trump Trash,52,104
Free To Choose Network,52,104
Abdul El-Sayed,51,226
Brian 'BAM' McClendon,51,123
Portfolio Books,51,102
BookMad,51,102
Bill Morrison for Probate Court Clerk,49,245
Committee to Elect Larry Piegza,49,99
Shirt Nazi,49,98
45th President Donald J. Trump,48,267
PETA (People for the Ethical Treatment of Animals),48,249
Minnesota Ag-Energy Alliance,48,97
Opinion Research,47,163
Stop Mandatory Vaccination,46,232
Apologia Studios,46,230
New York Working Families Party,46,123
Supplemental Health Care,46,92
Demand Justice,45,233
American Bird Conservancy,45,130
Hornet Stories,45,91
GreaterHalf.com,44,135
Game Alert,44,125
Tony Riley,44,88
Boss Billionaire Mentality Group,43,215
Robert F. Kennedy Human Rights,43,213
World Peace Placards,43,86
ASPCA,42,216
Equality Texas,42,208
Rock Steady Ecommerce,42,146
Pi Yoga Pants,42,114
Moms Clean Air Force,42,103
LifeDaily,41,2102
Political scrapbook,41,239
The Osker D Experience,41,206
National Health Law Program (NHeLP),41,203
Bernie Sanders,41,81
Xtinctio,40,80
Oxfam,39,3248
Stacey Abrams,39,603
The Nib,39,208
Shareblue Media,39,202
RedBlue Tracker,39,202
Partnership for Oregon Communities,39,193
The Brookings Institution,39,78
Black Tie Dinner,39,77
Elijah McIntosh for Congress,38,162
Janet Nguyen,38,104
Strong Women Society,38,99
Colorado Working Families Party for Joe Salazar,38,75
Lessons from Military History,37,916
Chad Benson Show,37,557
Water Lifestyle Co.,37,110
League of Conservation Voters,36,181
Ross Ford,36,179
Give America Hope,36,177
Independent Women's Voice,36,176
Bird + Stone,36,96
Battleraddle,35,177
Project On Government Oversight,35,174
Kansans for a Better Future,35,174
Jeff Riddle for Stoddard County Presiding Commissioner,35,167
Darryl Morin For LULAC National President,35,70
"Surreality, a Modern American Epic",35,69
We are mitú,34,177
Scott Taylor,34,169
Educators for Change,34,168
Rugged Country,34,155
Military Spouse,34,68
We Build Value,34,67
CARE,33,764
LGBTQ Victory Fund,33,179
Eric Garcetti,33,128
Emerge America,33,116
Elect 435,32,158
John Carter,32,157
Red Panda Network,32,65
Smart Customer,31,199
The Andrew Klavan Show,31,156
Richard Ojeda,31,155
Jay for Mississippi,31,155
Better Medicare Alliance,31,65
Pawz,31,61
Mike Pence,30,4267
Upworthy,30,748
Premium Care For Seniors,30,524
Ranker,30,248
Christian Democrats of America,30,165
International Union of Painters and Allied Trades,30,149
Jeff Merrell,30,61
Re Elect Mike Hestrin District Attorney 2018,29,144
Chubb North America,29,143
Kenneth Mejia for Congress,29,94
David Evans for State Representative,29,68
Dianne Feinstein,29,67
Boss Baby Trump,28,142
Linda Koop,28,141
Pastrick for Justice,28,140
Angie Craig,28,102
YES on 127: Clean Energy for a Healthy Arizona,28,63
Hurtado For County Supervisor,28,57
David Baria for Mississippi,27,226
Sharice for Congress,27,184
Smoky Mountain Values,27,137
Greg Palast,27,55
The Resistance,26,190
Green Matters,26,142
Morgan Stanley,26,132
Angela Conley For Hennepin County Commissioner 4th District,26,131
Founder of the Day,26,129
Defend Birth Control,26,62
Maryland Senate Democrats,25,130
Restore the Mississippi River Delta,25,125
Aaron Manfredi for Clark County Public Administrator,25,124
Shari Africk-Olefson for Judge,25,123
"Main Street Law Firm, PLLC",25,123
Jim Grego,25,123
Justice Democrats,24,140
Jess King for Congress,24,135
People's World,24,134
Jacky Rosen for Nevada,24,129
Vickie Yates Brown Glisson,24,122
Jerad Finck,24,122
Wellness.com,24,119
Diamonds Do Good,24,119
BrainFall.com,24,119
Life Skills for Homeschool Teens with Life 101 Pro,23,143
National Domestic Workers Alliance,23,138
Bruce Johnson,23,116
Resistance School,23,115
Mussab Ali for JCBOE,23,115
African Wildlife Foundation,23,115
Carl Aveni for Common Pleas Judge,23,113
Everytown for Lucy McBath,23,106
Tom Stites,23,45
Not My NRA,22,132
National Foster Youth Institute,22,124
Lindsay James for Iowa House,22,111
Yes On B: Build the Veterans Cemetery,22,110
Make America Float Again,22,108
Gannon for Agriculture,22,108
NJ Kids and Families,22,84
Louise Valentine for State Senate,22,74
Oklahoma Second Amendment Association,22,44
Antonio Delgado,22,44
Aftab Pureval,22,44
Great Lakes Education Project,22,43
Your Energy,21,1954
Coverage of the Trump Presidency by The Epoch Times,21,317
GroundUp,21,231
Stop the wall,21,119
In Search of Liberty,21,108
National Propane Gas Association,21,107
Pacific Legal Foundation,21,106
Wilson Center On Demand,21,105
One Nation Design,21,104
Torat Chayim,21,103
Black Central Station,21,103
Castaldo for U.S. Congress,21,77
"Seattle Fire Fighters Union, Local 27",21,42
Support The 2nd Amendment,20,861
Learn Our History,20,278
The New MAGA - Make America GOOD Again,20,133
WorldLifestyle,20,106
Justin Brock,20,103
TrumpStarSticker,20,100
Joe Walsh,20,100
Cort VanOstran for Congress,20,100
Chandu Siramdas For Fremont City Council 2018,20,100
Palmetto Gun Rights,20,99
Fipple,20,98
Drew McKissick,20,98
Amie Hoeber for Maryland,20,98
Politikal Junkie,20,96
Eddie Zipperer,19,153
Dayrell Scrivner for Taney County Prosecutor,19,97
Trumpymctrumpface,19,95
Originalgunoil,19,95
AARP Oklahoma,19,95
Let Them Live,19,93
"Gerald A. Griggs - Advocate, Attorney, Activist",19,93
Dave Lislegard For MN House 6B,19,93
Kent Glesener for State Representative,19,39
Tina Smith,18,1147
OpsLens,18,210
The Straw Poll Report,18,92
The Independence Fund,18,92
Rodney Elliott for State Senate,18,91
ArtProfileratx,18,91
Portside,18,90
Dr. Mike Murray,18,90
Councilman Anil Beephan,18,89
GoodThink Weekly,18,88
AIPAC,18,88
Mark Mantovani,18,55
National Women's Law Center,18,37
Remezcla,18,36
"Roberts Wilson, P.A. Injury Lawyers",17,89
Philip Becnel,17,88
"Amber Huett-Garcia for TN House of Representatives, District 86",17,86
Renee Jackson Shepard,17,85
Conservative Daily,17,85
Sine Kerr for Arizona,17,84
Teamsters Local 688,17,83
Marla Livengood for Congress,17,83
Chris Elliott for State Senate,17,82
Policy Matters Ohio,17,35
Courtney Watson -  Howard County,16,106
Renee Hoagenson for Congress,16,103
E. O. Wilson Biodiversity Foundation,16,94
Human Rights Watch,16,91
The Policy Aide,16,82
Rick Rogers,16,82
Liberty Nation,16,82
Political Free Agents,16,81
Diane Black,16,81
LGBTQ Victory Institute,16,80
1stdog.net,16,80
Nation Fights Back,16,78
Mike Coffman,16,78
Jess Phoenix,16,78
Back to Life,16,78
Senate Majority PAC,16,77
Temi Oni,16,32
"Keith Eardley for Commonwealth's Attorney, 14th Judicial Circuit",16,32
Factinate,15,3071
Kentucky Family Values,15,151
Scamazon,15,99
The Story Exchange,15,95
Carbonated.TV,15,87
Civic Action Network,15,81
Prompt News,15,77
Patriot News Alerts,15,77
Voices of the Resistance,15,75
Rewire.News,15,75
Trent Tribe Essentials,15,74
End Party Politics,15,74
Wesley Bell for St. Louis County Prosecutor - Democrat,15,73
Honoring Our Veterans,15,73
Kulkarni for Congress,15,52
Alliance for a Better Minnesota,15,41
Keri Ingle for Missouri,15,31
Jeff Coleman,15,31
Dr. Charles Schwertner,15,31
Californians for Eleni Kounalakis for Lt. Governor,15,29
Prayer Call,14,572
SOS International,14,147
Navigate Medigap,14,72
Ken Montera for CU Regent At-Large,14,72
Truck Driver Jobs in America,14,71
The Commonwealth Fund,14,71
Leninism Magazine,14,71
Climate Facts,14,71
Anti Tea Party MEMEs3,14,71
Alan Wilson,14,71
The American Vision,14,69
SCHOOL SAFETY ADVOCACY COUNCIL,14,69
Human Defense Initiative,14,69
Zoomcopy.com,14,68
NASPA - Student Affairs Administrators in Higher Education,14,68
Kevin Lopez for Texas Senate District 30,14,68
Jennifer O'Mara for State Rep,14,68
Darin Mitchell for State Representative,14,37
Lizzie Pannill Fletcher for Congress,14,33
Karin Housley,14,28
Chicago Pride Fest,14,28
The Rutherford Institute,13,146
WomenStrong International,13,130
The Collective PAC,13,128
Association of Young Americans,13,71
Trifecta Shirts,13,67
"Amanda Austin for Mayor of Vivian, La",13,67
Omar Navarro,13,66
Dunleavy for Alaska,13,66
Cannabis News Update,13,66
SAFE Food SAFE Horses Coalition,13,65
Patriotic Source,13,65
"30X30 Forests, Food and Land Challenge",13,65
2terms4Trump,13,65
Peter Flores for Texas Senator District 19,13,64
Canale for Council,13,64
Michelle Malkin Investigates,13,63
Intelligence is sexy,13,63
Food for the Hungry,13,63
Yes to Affordable Groceries,13,54
Joe Durso for Seminole County Commission,13,25
Elect  Kristina Daley Roegner,13,25
Bob Gibbs for Congress,13,25
BabyGaga,12,2056
Balanced News,12,91
Roy Zimmerman,12,77
BruceJBerger,12,68
Brady PAC,12,68
Andrew Yang for President 2020,12,67
Lee O. Savage For Mayor of Shreveport,12,64
FerrariFoxx,12,62
Eric Bolling,12,62
DeliverFund,12,62
"Streff Legal, PLLC: Immigration and Civil Rights Law",12,60
FFL,12,60
AARP Member Benefits,12,60
United Against Muslim Ban,12,59
Secular Coalition for America,12,59
Bill Holt's Dreamies,12,59
The Left Can Go Right,12,58
Friends of the Earth U.S.,12,37
Dana Young,12,27
State Innovation Exchange,12,24
Healthy Montana Campaign,12,24
Deb Fischer,12,24
Christian Ziegler for County Commission,12,24
Vote Lisa Moore,12,23
Environmental Voter Project,11,1051
Mallory Hagan for Congress,11,604
Phil Bredesen,11,90
"Important, Not Important",11,83
Grabien,11,72
Andrew Shaffer,11,66
Travis Allen,11,60
Teamsters for a Democratic Union,11,57
Paul Kerr for Congress,11,57
Direct Expose,11,57
Lifemadesimple,11,56
Dr Mac MD,11,56
Keith Faber,11,55
ProEnglish,11,54
Rednecknationco,11,53
OhMD,11,53
Linda Breen for Carlsbad City Council,11,53
Blloomigo,11,53
Black and Boujee,11,53
Dana Balter for Congress,11,28
Pincause,11,23
Senator Jim Rosapepe,11,22
The Real Bill Lee,11,21
Mike Hunter for Attorney General,11,21
Climate Reality,10,66
The Nature Conservancy,10,60
Mikie Sherrill,10,59
American Greatness Apparel,10,59
UAW International Union,10,53
My Brother Vinny,10,52
The Climate Museum,10,51
Leigh Boland Jones for State Representative,10,51
Northwest Haiti Christian Mission,10,50
The Principled Libertarian,10,49
SEIU Local 2015,10,49
Elite Tech News,10,49
Justin Brown For Senate,10,48
Cindy Asche for State Chairman,10,48
Bossier Webster Parish District Attorney,10,26
Adam Pollack For Circuit Judge,10,21
NO New Oklahoma TAXES,10,20
Mayor Matt Hall,10,19
Anera,9,227
The Jack Langley Mortgage Team,9,166
CANVAS Unplugged,9,166
Jeffrey Cartmell,9,69
Tee Shirt Palace,9,56
Colorado Values Project,9,47
Pay for Ed,9,46
Christine Hallquist,9,46
ANT,9,46
UC Berkeley Progressive Student Association - Our Revolution,9,45
Steve Dunwoody for California Assembly -54th District,9,45
Nightmare Muscle LLC,9,45
Michele Oberholtzer for District 4 State Representative,9,45
EDF Action,9,45
Jewish Democratic Council of America,9,44
Chris Baecker,9,44
America Rise Up,9,44
MedicareAdvantage.com,9,43
Great American Politics,9,43
Alliance San Diego Mobilization Fund,9,34
Steve Mikutel,9,25
Joe Manchin,9,22
Bob Casey,9,21
Tammy Savoie for Congress,9,19
Matt Gaetz,9,19
Abdorrahman Boroumand Center - بنیاد برومند,9,18
Suzanne Harrison,9,17
Kurt J Kober,9,17
USA for UNHCR,8,74
Liberal America,8,70
Defenders of Wildlife,8,68
The Leadership Conference on Civil and Human Rights,8,60
The Libertee Company,8,53
SupChina,8,43
SAM - Serve America Movement,8,42
Pet Magasin,8,41
"Julie C. Hancock, Your Virtual Advocate",8,41
Compassion & Choices,8,41
BRITE CA,8,41
Martin Harry,8,40
Caroline Self,8,40
The Christian Broadcasting Network,8,39
Locke Thompson,8,39
Craig Huey,8,39
Armor Concepts,8,39
True Activist,8,38
The Black Pages,8,38
Mad Dog PAC,8,38
Judge Jeremy Mattox,8,38
Jay Bush,8,34
MHI Action,8,17
Carlos Reyes for Congress,8,17
Chris Cournoyer,8,16
MO Electric Co-ops,8,15
Military Officers Association of America (MOAA),7,298
Energy Nation,7,71
Tahirah Amatul-Wadud,7,62
Know Colorado,7,59
Askov Finlayson,7,44
Jeanne Rosetta Guidi,7,42
The Fighting Forces,7,41
Save Elephants,7,37
Medals Of America,7,37
561ForwardProgress,7,37
Will Robinson,7,36
NAACP Legal Defense Fund,7,36
LiberalResistance.net,7,36
Jorge Luis Lopez Law Firm,7,36
David Richardson for Congress,7,36
Americans for Prosperity - Louisiana,7,36
Online University of the Left,7,35
The Kentucky Initiative,7,34
Bryan Zilonis for NATCA President,7,34
Bobby Bright - Republican for Congress,7,34
Parliament 2050,7,33
NC House Republicans,7,33
Dave Joyce,7,33
Fierce by mitú,7,32
Roby Smith for Iowa,7,24
Lincoln Land Wind,7,20
Sean Costello for State Representative,7,15
Boat Town Brewing,7,14
Ben Albritton,6,47
Chicken Fried Politics,6,43
Don Huffines,6,33
Tony Rackauckas,6,32
Zuckerman for Vermont,6,31
SEIU Healthcare Illinois & Indiana,6,31
Not A Nuisance,6,31
JobFLEX,6,31
Florida Federation for Children,6,31
Ambrosia For Heads,6,31
Re-Elect Kelly Barrera for School Board,6,30
Quorum,6,30
J Street,6,30
Clean Beach Project,6,30
UnidosUS,6,29
PubTalks with Eric & Dave,6,29
My Shop Therapy,6,29
Meraki Journey,6,29
Ken Harbaugh for OH-7,6,29
Home Fund Me,6,29
Jamie Kirchick for Yale Trustee,6,28
Heartland Gazette,6,28
Crashing the System Podcast,6,28
Airline Passengers for Justice,6,28
David Northcutt for State Senate,6,25
Angel Barajas - Woodland CA City Council,6,20
Fight for $15,6,19
Jack Whitver,6,18
Jason Brodeur,6,13
Cottie for State Assembly,6,13
"Matt Brown, Democrat for Rhode Island Governor",5,97
Gavin Newsom,5,82
Bill Nelson,5,58
Matt Ritter,5,55
Jon Tester,5,30
Democratic Coalition Against Trump,5,29
Don Mayhew,5,28
Willie Gray for House 102,5,27
Nate McMurray for Congress,5,27
Ashleigh Aitken,5,27
Citizens for a Better Butler County,5,25
Union Patriots,5,24
Julie Kushner for State Senate,5,24
Judd Matheny For Congress,5,24
Joshua Svaty,5,24
Building New York's Best,5,24
Iowa Abortion Access Fund,5,23
Campaign To Elect A.G. Crowe - Secretary of State,5,23
Dr. Kim Schrier,5,15
Taking Action Suffolk County,5,14
Woodard for Kansas,5,11
Republican Assembly Campaign Committee (RACC),5,11
Truth & Dignity in Municipal Leadership,5,10
Leah Aldridge for State Senate,5,10
Al Lawson for Congress,5,10
Donna Sheldon for State House,5,9
Save the Redwoods League,4,1018
Planned Parenthood Advocates of Michigan,4,71
Kaniela Ing,4,62
Bill Schuette,4,47
David Smith for State Representative,4,32
Lauren for Allen,4,31
Organizing for Action,4,26
Ryan Trundle for Congress,4,25
North Cal Wire,4,24
Katherine Cabaniss,4,24
Population Connection,4,22
Neal Simon for U.S. Senate,4,22
Matt Spritz for State Representative,4,22
Martin Heinrich,4,22
Downtown for Democracy,4,22
Citizens Against Lawsuit Abuse,4,22
Bruderhof Communities,4,22
Ron Rammaha for Missouri House District 94,4,21
Robert McKay for House District 30,4,21
Riverside County Sheriff Stan Sniff,4,21
Mary Throne for Governor,4,21
Kathy Lewis for Florida State Senate District 20,4,21
Judge Brad Hart,4,21
Dennis Potvin,4,21
Cynthia Kaump for WI State Treasurer,4,21
Billy Long For Congress,4,21
South Florida Wildlands Association,4,20
Molly Neuman for Associate District Judge,4,20
Megan Seay,4,20
John McCarthy,4,20
David Chiu,4,20
Corrections Tough,4,20
Sally Doty for Congress,4,19
Healthmmmmm,4,19
Fire Jim Jordan,4,19
BESE,4,19
Vote Bobby O,4,18
SEIU 775,4,18
Livingston County Democrats,4,18
Joseph “Joe” Webb for NC Senate District 6,4,18
Jonathan Boos for State Representative,4,18
"Fleischman & Fleischman, P.A.",4,18
Flawless,4,18
Christopher Hale for Tennessee,4,18
Freedom Action Network of South Carolina,4,17
Change The Date,4,9
California Daily,4,9
UPS Rising,4,8
State Representative Jason Chipman,4,8
Gates Foundation,4,8
Flood Control District,4,8
Dan Koh,3,50
Ro Khanna,3,33
Janet Mills,3,26
Jason Sansone,3,25
Lisa Brown,3,23
Senator Kelli Stargel,3,17
Jay Xiong for House 67B,3,17
Jason Anderson for District Attorney,3,17
Frank Barger for Probate Judge,3,17
Best Seller Publishing,3,17
Advance California,3,17
Abe Laydon,3,17
45Committee,3,17
Priscilla Vilchis,3,16
Michael Allman,3,16
Mark Osmack,3,16
Freedom United,3,16
Brent Lawson,3,16
Adrian Plank for the 47th,3,16
"UpClose with Peter Sage, political insights and commentary",3,15
The Joe Cozzo Show,3,15
Sabrina Cervantes,3,15
Jen Dailey-Provost for Utah,3,15
Derrick Nowlin for the 134th,3,15
David Jones Public Page,3,15
Anthony Brindisi For Congress,3,15
Americans for Prosperity - Mississippi,3,15
Voters - Not Politicians,3,14
Trey Caldwell,3,14
Mayor Andi Summerville Laramie City Council,3,14
Anita For Arizona,3,14
Vicky Santana for 32nd State Senate District,3,13
Milo Schwab for Colorado,3,13
Matt Cartwright for U.S. Congress,3,13
Laborers' Local 42,3,13
Kevin Daley for State Senate,3,13
Justin Fareed for Congress,3,13
Grow Louisiana Coalition,3,13
GUNVOTE,3,13
Donald Branham for Sheriff,3,13
Conservation Colorado,3,13
Central City News,3,13
Beverly Powell,3,13
ADD and ADHD Solutions The Woodlands,3,13
Darrell Weaver for State Senate District 24,3,11
Working Californians Against Corruption,3,6
Shawnee YES,3,6
Americans for Prosperity -  Florida,3,6
Wheeler for NC Senate 47,3,5
Claire for Senate,3,5
Chesapeake Bay Foundation,3,5
Lupe Valdez,2,20
Treasure Coast Conservatives,2,14
POW Action Fund,2,13
"Arizona State Representative Regina E. Cobb, DDS",2,13
The Republican Party of Riverside County-Official,2,12
Lesley for CU Regent,2,12
Juana Dement,2,12
Elect Ben Fu,2,12
Education Minnesota,2,12
Charlesetta Wilson for State Representative,2,12
Bryan Stevenson for Judge,2,12
Andy Kim for Congress,2,12
Tom Palzewicz for Congress,2,11
Sunlight Arizona,2,11
Sam Givhan for State Senate,2,11
Pete Olson for Congress,2,11
Campbell For NC Senate,2,11
Butler  Electric Cooperative,2,11
Brad Raven,2,11
Tony Monetti,2,10
Tony Luetkemeyer,2,10
The People For Bernie Sanders,2,10
Stefanie Kingsley,2,10
Springfield Indivisible,2,10
Middle Class Voices of Pennsylvania,2,10
Jason Rittereiser for Congress,2,10
Denver Elections,2,10
Carl DeMaio,2,10
American Citizens for Taiwan,2,10
VoteYes4Success,2,9
Reel4TN,2,9
Rashan Prailow,2,9
Please Elect Joy Nelson—City Council District 1,2,9
Newman for Senate,2,9
Michigan Leadership Committee,2,9
Marsy's Law for Idaho,2,9
Law Office of Belen Gomez - OC Immigration Attorney,2,9
Julian Garrett - Senate District 13,2,9
Jeff Fine for Superior Court Clerk,2,9
Jason Adler for State Representative,2,9
Floridians Against Lawsuit Abuse,2,9
Ed Perlmutter,2,9
Craig Wismer for Justice of the Peace,2,9
California Voter Project,2,9
Aric Nesbitt,2,9
Alex Valdez for House District 5,2,9
The Committee for Ranked Choice Voting,2,8
Surfrider Foundation,2,8
Sol Jobrack for Stockton City Council 2018,2,8
Rep. Chuck Efstration,2,8
Rebuild Louisiana,2,8
Public Safety for a Safer Santa Clara supporting John Hirokawa for Sheriff,2,8
Martz for NY State Senate,2,8
Marc Parker for Circuit Judge,2,8
Mannion for State Senate,2,8
Donna Cathy for Seneca County Judge,2,8
David Molina,2,8
Jamie Kiel,2,7
Community Committee to Elect Robert Cohen,2,7
Save San Diego Neighborhoods,2,6
"Nick Josefowitz for Supervisor, San Francisco, District 2",2,6
Americans for Prosperity - Colorado,2,6
State Senator Yvanna Cancela,2,5
Sam Jammal For Congress,2,5
Facts and Logic about the Middle East,2,5
Voices for Refugees - أصوات لأجل اللاجئين,2,4
Shannon Latham,2,4
Maria Elena Durazo - Our Voice - Our California,2,4
Brian Mast,2,4
Abigail Spanberger,2,4
Kathleen Riebe  Senate 8,1,337
Support Our Schools,1,172
Josh Gottheimer for Congress,1,145
John Faso,1,81
Josh Harder,1,15
Mariah Phillips for Congress,1,14
Garnet Lewis for State Senate,1,13
Washington Independents,1,11
Chris Murphy,1,10
Gloria Walker For Judge,1,9
Charley Burch,1,9
Dave Yost,1,8
oneKaway,1,7
Terrell Boston Smith,1,7
South Carolina Farm Bureau Federation,1,7
Send DC A Message on June 5th,1,7
Les Tillery for Huntsville City Council District 2,1,7
Justin Fortner for Campbell County Commonwealth Attorney,1,7
Julia Brownley for Congress,1,7
Juan Torrico,1,7
John Carpenter for Oklahoma House of Representatives District 101,1,7
Greg Abbott,1,7
Adam Milasincic for Texas State Representative,1,7
Street Money Tv,1,6
Sivoli For Senate,1,6
Republican Governors Association (RGA),1,6
Mendelson For Chairman,1,6
Lift Up Louisiana,1,6
Laxalt Taking Nevada Backward,1,6
Kirsten Engel,1,6
Kathleen Rice,1,6
Historic Downtown Clinton TN Merchants Association,1,6
Finish the Ballot,1,6
Faithful Conservatives for Michigan,1,6
Dyane Burgos Medina for Stockton City Council,1,6
Dream of Venice,1,6
Diane Seaman for Ky House,1,6
Solar Rebate Today,1,5
Remember Mississippi,1,5
Patient Freedom Coalition,1,5
Matt Hagen for Probate Judge of Isabella County,1,5
Maria Sorolis for Kentucky - Sorolis4Kentucky,1,5
Lee Mangold for House District 28,1,5
Josh Hill for Oregon,1,5
Joe Bowers,1,5
Jerry E. Langley,1,5
Evan Glass for Montgomery County Council,1,5
Engage Iowa,1,5
Eastern State Penitentiary,1,5
Dorothy For Congress,1,5
Carol Marple Shawnee County Commissioner,1,5
Stop Trial Lawyer Greed,1,4
"Stephenson for Chief of Police - Homer, La",1,4
Samuel Bagenstos for Justice,1,4
Pope for Sheriff,1,4
Mike Collier,1,4
Michigan Democratic Party,1,4
Matt Beebe,1,4
Lynn Afendoulis for State Representative,1,4
Julie Johnson for Texas,1,4
Joyce Wayne,1,4
Jason Smith,1,4
Jane Raybould,1,4
Internet Forever,1,4
Ethiopians For New Ethiopia,1,4
Elect Garrick McFadden,1,4
Citizens for Susan Burdette,1,4
California Republican Party,1,4
So Well Spoken,1,3
Repair Our Schools Now,1,3
PIVOT - The Progressive Vietnamese American Organization,1,3
Mark Pinsley,1,3
JustFix.nyc,1,3
Jonathan Porter for Delegate,1,3
Housing For Everyone,1,3
Floridians for a Fair Shake,1,3
Entergy Louisiana,1,3
Denyc Boles for HD 19,1,3
Delegate No Show,1,3
Commissioner Chris Via,1,3
Chakisse Newton for Council,1,3
Bryce for NV State Senate,1,3
Bill Lee,1,3
5 Towns Jewish Times,1,3
William Smith For Probate Judge of Lauderdale County,1,2
Wendy Rogers,1,2
OZY FEST,1,2
Connect Southeast Michigan,1,2
Bruce Rauner,1,2
"Allison ""Allie"" Petrus",1,2
Real Justice,1,1
Elect Matt Nolan Wills,1,1
Truth Examiner,0,16763
Modern Medicaid Alliance,0,9990
GOP,0,6592
"Re-Elect Dr. Charles Coleman, Jonesboro City Council, Ward 2, Position 1",0,5994
Matt Miller For Arkansas Constable,0,5994
Arkansas Money & Politics,0,5994
Asele Mack for Justice of the Peace,0,5982
NTD Television,0,5350
Arkansas Local News,0,4995
Heifer International,0,4242
Monica Ball For District 39,0,3996
Michelle’s Dryclean & laundry,0,3996
Support the Constitution,0,2997
Carrigan for Union  County Coroner,0,2997
C. Rolanda Robinson for Jacksonville,0,2997
Christie Craig for Arkansas House District 96,0,2987
Newsweek,0,2681
Sun Gazing,0,2276
Virginia Clinton Kelley Democratic Women's Club,0,1998
"Tanner Skidmore, WoodmenLife Representative, Arkansas",0,1998
Steve Crowe for Bryant City Council - Ward 2,0,1998
Retire-Wiser,0,1998
Quincey Ross,0,1998
Medicare Supplement Plans,0,1998
Disabled lives matters,0,1998
Councilman Kerry Murphy,0,1998
Celeste Williams for Arkansas District 95,0,1998
Bam Margera,0,1998
Dane Dillion for Randolph County Sheriff,0,1991
Annie Depper for House District 35,0,1939
Borderline Clothing & Supply,0,1759
Opportunity First,0,1564
Viral Fabulous,0,1430
Men's Humor,0,1332
Gary Jones for Oklahoma,0,1119
Kanew for Congress,0,1027
Dan Kildee,0,1019
Standard News,0,1011
Hilarious Texts,0,1000
Zodiac Rules,0,999
Word Porn,0,999
White River PowerSports,0,999
Vote Jim Wilson,0,999
Viral Stuff,0,999
Top5,0,999
Thinking Humanity,0,999
The Case for Optimism: The Optimists' Voices,0,999
The American Foundation for Judicial Accountability,0,999
Tamra Barrett for District Judge,0,999
Six word story,0,999
Senior Market Solutions,0,999
Sen. Jason Rapert,0,999
Pirani Life,0,999
Paul Choate for Alderman Ward 4,0,999
Our Osceola,0,999
News Break,0,999
Mickey Gates for the Arkansas House,0,999
Michael McCranie,0,999
Michael Cook with Cook's Outlook,0,999
Marvin Day for Craighead County Judge,0,999
Kevin Hickey Law Partners - NWA,0,999
Ken Kennemore for Mississippi County Judge,0,999
Justin Gonzales State Representative District 19,0,999
Jo's Style,0,999
"Jason Massey, Sheriff-Elect of Logan County, Arkansas",0,999
Jaqueline Eakins for Lowell City Clerk,0,999
"Integrity Insurance Group, Inc.",0,999
Immaculate Conception Catholic Church in Fort Smith,0,999
IPAWN Arkansas,0,999
Good Old Days,0,999
Funny Texts,0,999
Fulton County Cooperative Extension - Agriculture,0,999
Full Medicare,0,999
"Friends of NRA - Arkansas River Valley, Russellville, AR",0,999
FreeTv,0,999
Faulkner Forward PAC,0,999
Expanded Consciousness,0,999
Dierks Arkansas,0,999
David Dennison,0,999
Danny Lewis for City Director Ward 1,0,999
Curiosity,0,999
Christi McQueen for Prosecuting Attorney,0,999
Chris Walton for Prosecuting Attorney,0,999
Catch Digital Strategy,0,999
Brick Street Hemp and Glass,0,999
Brian Evans for State Representative,0,999
Arkansas Right to Life,0,999
Arkansas Proud,0,999
Arkansas Law Enforcement supporting Jan Morgan for Governor,0,999
Arkansas Blood Institute,0,999
"Arkansas Advocates for Students with Disabilities, LLC",0,999
Alonzo Lerone,0,999
Alahandro Harris -Primerica Independent Representative,0,999
Austin McCollum,0,996
Doug Curtis Saline County Clerk,0,991
Primary Action,0,966
Care IV Home Health,0,954
Jacob Faught for Benton County JP District 12,0,951
Finding Northwest Arkansas,0,947
Tippi McCullough,0,916
Lice Clinics of America,0,851
Justice4Crutch,0,820
TheJobNetwork,0,799
NTD News,0,709
NORML,0,600
"Arkansas, Mississippi, Louisiana, Craigslist Flagging",0,583
Disrupt Aging,0,525
Cynthia Nixon for New York,0,517
Matt Longjohn,0,501
Texts Only.,0,500
Priorities USA Action,0,500
Minion Quotes,0,500
Kansas Democratic Party,0,500
Denise Grimsley,0,500
Bloomberg Philanthropies,0,500
Being Teen,0,500
Oklahomans for Clay Padgett,0,391
Save the Children Action Network,0,350
Aspire Fashion,0,348
Perry County Conservative Newsletter,0,346
Skywire Solar,0,335
Tactical Wealth Fixed Income Fund,0,333
Lmao Mommy,0,333
JWOWW,0,333
HealthyWay,0,333
Awkward Quotes.,0,333
Bottlepops USA,0,327
Darrell Castle & Associates PLLC,0,297
FTC PAC,0,296
Allie on CRTV,0,273
TRND,0,250
Organization for Competitive Markets,0,250
New American Road Trip,0,250
"Med-I-Care Insurance Solutions, LLC",0,250
Live Free or Die,0,250
Liam Dineen,0,250
Beyond the Echo Chamber,0,185
Physicians Quality Care,0,183
Sunjeev Bery,0,167
Funniest Memes,0,167
Politicallyincorrecthumor.com,0,162
Law Office of Melissa Anderson,0,153
Cat Brooks For Oakland,0,150
Gallery A,0,143
Chip Slate - Being Libertarian,0,143
Business Forward,0,143
Crestwyn Behavioral Health Hospital,0,136
Unofficial: Thomas Paine,0,128
Do You Remember?,0,125
Daily Vibes,0,125
Inspiration Ministries,0,122
Access To Justice MO,0,118
Patients Against Bradshaw,0,113
Sustainable Sippin’,0,111
USA Proud Tees,0,101
Watts For Nevada,0,100
Trendchaser,0,99
Main Street Investors Coalition,0,99
Polilit & Grit,0,96
Liberty Clothing Co.,0,95
Slickview Studios,0,91
Lawyers of Distinction,0,91
30A,0,88
Resist Trump's agenda,0,86
Hanging With Trump,0,83
The Funky Politics powered by Kudzukian,0,82
2nd Amendment,0,81
Death,0,77
Carl Jackson,0,77
American Jewish World Service - AJWS,0,76
The #News,0,73
MagiQuiz,0,72
AimsPoll,0,71
Candy Scratch,0,70
Liberty Bell Online,0,68
Veteran Loan Benefits,0,67
The NFL Zone,0,67
Children International,0,62
Barbara Lee,0,62
Little Dictator Game,0,59
Kelly Woodward,0,59
Affordable Fashion,0,59
America First News,0,56
Michelle Ostrelich for State Senate,0,53
Andrew Wilkow,0,53
Action.GOP,0,52
Henry County Republican Party,0,51
Alex Social,0,51
Ocean Helper,0,50
Dude,0,50
Save the Turtles,0,48
Outrider Foundation,0,48
OZY After Dark,0,48
Brunch Krowd,0,48
Thieves in the Temple,0,45
Shireen for Congress,0,45
Americans for Farmers & Families,0,45
Spaceship Media,0,44
Modern Hero,0,43
Refi Marketplace,0,42
"Race, Racism and the Law",0,41
Trends,0,40
The Dean Obeidallah Show,0,40
Molle & Alice,0,40
"David Azad for Collin County Commissioner, Pct. 3",0,40
Shippabo,0,39
"Marchon Tatmon, Mayor of Oakland 2018",0,39
Make Stickers Great Again,0,39
Jason Reese for House District 83,0,39
Diane Mitsch Bush for Colorado CD3,0,39
Justice For The Exploited,0,38
Stephen Perenich - Democrat For Congress,0,37
Grand Opportunity USA,0,37
WhyHunger,0,35
Michael Knowles,0,35
Liberty News,0,35
Beyond I Do,0,35
Sportsmans Hub,0,34
Sexual Assault,0,34
Progress Michigan,0,33
Nathan Farnor for TN House,0,33
Kiwi Report,0,33
Discovery Institute,0,33
Cotton Case,0,33
ThoughtFull,0,32
Reason To Believe,0,32
New Sincerity,0,32
Patriot Style,0,31
Our Lady of Victory Homes of Charity,0,31
John Upchurch for Congress,0,31
Beauty & Company Clarksdale,0,31
1Mission Nutrition,0,31
Savetheturtlesproject,0,30
Sarah M. Bowen,0,30
Política para mí,0,30
Mobile Conservative,0,30
GLSEN,0,30
Women's March on Washington - Disability Caucus,0,29
Sarah Shelton Henry,0,29
Rep. Danny R. Bentley,0,29
Exclusive Science,0,29
Alot Travel,0,29
ZVRS,0,28
White People For Black Lives,0,28
Practically Political,0,28
Hot Air,0,28
Pray4Iraq,0,27
Here for America,0,27
Gold Strategies For Americans,0,27
First Liberty,0,27
Unum,0,26
Made In America Tax,0,26
Inside 254 Podcast,0,26
Thompson for Attorney General,0,25
Heritage Africa Safaris,0,25
Austin,0,25
The Mexican Next Door,0,24
Libertarian Coalition,0,24
Idiocracy News Media,0,24
George Thomas Clark Page,0,24
End the NRA,0,24
Dugout,0,24
Vote Pat Collins,0,23
ReadBoom,0,23
Libertarian Shaman,0,23
EcomWolfs,0,23
We Will Ride,0,22
TrumpRussia2018 .com,0,22
Mike Dunleavy for Governor,0,22
Kyle M. Woodman,0,22
Go Patriotic,0,22
Forward Thinking Politics,0,22
Convention of States,0,22
America First Action,0,22
Trump Store,0,21
Research Medical Center,0,21
Navy Veteran,0,21
Mindfulness Together,0,21
Fincher for House,0,21
Dose,0,21
Connie Munk for Nevada Assembly District 4,0,21
Christians in the Mirror,0,21
Women Rise,0,20
Trade For America,0,20
The Plan,0,20
Rodney Daniels for Taney County Prosecutor,0,20
Gwen Lachelt for La Plata County,0,20
Denormalizers,0,20
Breaking One,0,20
PushBlack,0,19
Michelle Ciccolo for State Rep,0,19
Bill O'Reilly -dot- Net,0,19
Addicted to Golf,0,19
VoteRiders,0,18
Sean Whalen,0,18
Me & Mrs Jones - Germantown,0,18
Huru International,0,18
Diply Hello,0,18
David M. Robbins,0,18
Tammy Baldwin,0,17
Sevigny for Congress,0,17
Sarah Smith for US Congress,0,17
SPARC ART,0,17
Rep One Tees,0,17
Lee B. Vining for SC House,0,17
Bold Nebraska,0,17
Angry Azian Unique Boutique,0,17
American Action News,0,17
Tenth Amendment Center,0,16
Punching Bag Media - Conservative News,0,16
Mostly Pillows,0,16
Matt Haggman for Congress,0,16
Larsen NC House 85,0,16
Keith Ellison for Attorney General,0,16
Indivisible Guide,0,16
Guardian Labs,0,16
Francisco Heredia for Mesa City Council,0,16
FinFlam.com,0,16
Be Conscious. Be Kind.,0,16
Anthony4Div2Judge,0,16
Amazing & Funny Gifts,0,16
Wolf-PAC,0,15
The International Fellowship of Christians and Jews,0,15
NSB Youth Vote,0,15
More Gifts of DC,0,15
Mind Skin Alchemy,0,15
Maurahealey.exposed,0,15
Markwayne's Logic,0,15
Lucky Bastard Company,0,15
Legion Americana,0,15
Judge Dawn Gentry,0,15
Howard Slugh,0,15
Holcomb FUELym,0,15
George Boyington for TN Democratic Executive Committeeman District 29,0,15
The National Memo,0,14
The American Military Partner Association,0,14
Shared,0,14
McGinty for House,0,14
Maxim Manifesto,0,14
Making Caring Common,0,14
JuiceSauce,0,14
"Fresh Legal Perspective, PL",0,14
Dr. D Ivan Young,0,14
Dominique Frost,0,14
Christians Taking Action for America,0,14
CMMB,0,14
Stop Littering on Us,0,13
Steven Crowder,0,13
PAC That Thang Up,0,13
Our Kids 1st - Our Schools Now,0,13
Lavish Tingz,0,13
Kibbe on Liberty,0,13
Get Off My Lawn with Gavin McInnes,0,13
Fix the Court,0,13
Everything Veterans Day,0,13
East Hill Pensacola,0,13
Abby Finkenauer for Congress,0,13
Yes On 793,0,12
Weird Nature,0,12
The Kleinman Center for Energy Policy,0,12
TeacherFreedom,0,12
Senator John Curran,0,12
Organization of Iranian American Communities - OIAC,0,12
NowThis Morning,0,12
LegalMatch,0,12
Dr. Josh Green for Lieutenant Governor,0,12
Don't believe the hype,0,12
DissDash,0,12
Alabama Today,0,12
Trumped,0,11
Texas Patriot,0,11
Pride PAC,0,11
Notorious Rbg - Protect Women Power,0,11
NoBull Cause,0,11
Memes That Are Right,0,11
Jess Ekstrom,0,11
JamieSchoolcraft ForCongress,0,11
Heroin Bobby,0,11
Financial Repair,0,11
Dr. Eliz Markowitz for Texas State Board of Education - D7,0,11
Chris Evans for Missouri District 9,0,11
SUJO Home,0,10
Roger M. Hartlage for Magistrate,0,10
Poor People's Campaign: A National Call for Moral Revival,0,10
Planned Parenthood Votes New Mexico,0,10
North Carolina Democratic Party,0,10
Micah Ali,0,10
Mark Nash,0,10
Justice for Janitors,0,10
Joe Cunningham,0,10
How To Be Pro-life,0,10
Dump Trump Store,0,10
Donald J. Trump - Keep America Great,0,10
Charles D. Greenwell For County Commissioner,0,10
CAVU,0,10
Butler Dems,0,10
Actimazo,0,10
WORKBOOK Art,0,9
US Lending Marketplace,0,9
Stop Gerrymandering,0,9
Real Donald Trump Tweets,0,9
Mike Levin,0,9
Kenny Marchant,0,9
I Am A Proud Veteran,0,9
Greater Texas Ford Dealers,0,9
Esposito & Surano for Bernards Township Committee,0,9
DeSmogBlog,0,9
Use Your Voice - Use Your Vote,0,8
The Vegan Vibe,0,8
OD Action,0,8
Nancy Guy for Bismarck City Commission,0,8
Myprariereader,0,8
Maggie's List,0,8
Len in 2018,0,8
Kristen Carlson for Congress,0,8
Jerry Taylor,0,8
Jay Chaudhuri - NC Senate,0,8
Gell.com,0,8
Estee ARIE Photography,0,8
Dr. Dena Grayson,0,8
Biblical Spirituality Press,0,8
AFSCME Retirees,0,8
Union of Concerned Scientists,0,7
The Right Way,0,7
Sudan Relief Fund,0,7
Solidifi US,0,7
Sitrep: China,0,7
Mack for NC,0,7
Joe McBride for State Supreme Court,0,7
Go Africa Harlem,0,7
Democratic Socialists of America,0,7
Common Cause,0,7
CEMEX USA,0,7
Aaron Harris Sr.,0,7
War On Our Future,0,6
Truth In Between,0,6
Support National Parks,0,6
Steve Dutner For IL Secretary of State,0,6
Roaming Millennial Uncensored,0,6
Recovery PAC,0,6
Raúl Grijalva,0,6
Political Laboratory,0,6
PSA Supply Co.,0,6
Niskanen Center,0,6
Nano Vision,0,6
"Justice Thru Storytelling, Inc.",0,6
Jordan Chariton,0,6
Isabella David,0,6
Covenant House International,0,6
Buffy Wicks,0,6
Blue Chip Kids,0,6
Yes On 1631,0,5
United Way of Greater New Haven,0,5
U.S. Army - This We'll Defend,0,5
Tiana And Ryan,0,5
Texas Medicaid Works,0,5
Shaheen,0,5
Richard Painter,0,5
Nolan Wentz for Yakima County Sheriff,0,5
Ninnescah Rural Electric Cooperative,0,5
Micheal Oglesby for Oklahoma House District 43,0,5
M/Ocean Tees & Gear,0,5
LidKings,0,5
Frank LaRose,0,5
Family Policy Alliance,0,5
Elvis Piedra Studios,0,5
Brock Obama,0,5
Angry Buckeyes,0,5
UPROXX News,0,4
State Representative Travis Cummings,0,4
Solarrebatesloving,0,4
Ocean Love,0,4
Naytev,0,4
Mayor Kevin Davis,0,4
LevinTV on CRTV,0,4
Kentucky Democratic Party,0,4
James Linwood Schulman for Florida House,0,4
JD Wooten for NC Senate,0,4
IvoryResearch.com - Custom Essays and Dissertations Writing Service,0,4
Hass For House,0,4
Guillermina Gonzalez for Delaware,0,4
Ginger Garner for NC Senate,0,4
Gail Young for North Carolina,0,4
GE Renewable Energy,0,4
Ezekiel 37 Ministry,0,4
Dr Herbert Lee for 39th Congressional District,0,4
Beverly Adams for District 47,0,4
Always On NY,0,4
Al Muratsuchi for Assembly,0,4
ACLU of Southern California,0,4
We Love DC,0,3
Tim Greimel,0,3
Tennessee Voter Project,0,3
Steven Buccini for NC House,0,3
Stands,0,3
SplitMetrics,0,3
Protect Our Winters,0,3
Protect Our National Parks,0,3
Paul Davis,0,3
OceanCleanup,0,3
Music for Resistance and Revolution,0,3
Mike Malone,0,3
Michelle Volk For City Council,0,3
Kash Jackson for Governor,0,3
Justworks,0,3
Joe Donnelly,0,3
Gathering Together,0,3
Ernest Lemoncelli for State Representative,0,3
Dr. Brittany Keyes,0,3
David and Lucile Packard Foundation,0,3
Clowns Superpac,0,3
Chris Suarez for Alexandria School Board District A,0,3
Ben Toma,0,3
Anthony Bonna,0,3
Alyse Galvin for Congress,0,3
Aghogho Edevbie for State Representative,0,3
terrence harris,0,2
Yes on Measure K for Belmont-Redwood Shores Kids,0,2
"Ursula Miller, NPA, For Taylor County Commissioner, District #3",0,2
Tim Lowery,0,2
The Corridor Post,0,2
Smart Cities Prevail,0,2
Shawn R. Frost for Indian River County School Board,0,2
Russian America TV,0,2
Rob O'Brian for MO State Senate,0,2
Rita Lucido for Texas State Senate District 17,0,2
Michigan Families for Economic Prosperity,0,2
Melissa Howard,0,2
Melanie Harris for House of Delegates,0,2
Matt Rusteika for State Representative,0,2
Matt Heinz: He's Hiding Who He Really Is,0,2
Margaret Busse,0,2
Manka Dhingra,0,2
Maine Coast Heritage Trust,0,2
LocalSaver,0,2
Kimberly Ellis,0,2
Kathy Hoffman,0,2
Judge Dennis Jones Kaufman County Court-at-Law,0,2
John Kingston,0,2
Jill Norgaard for AZ House,0,2
Harry He For Assembly 2018,0,2
Goutam Jois for Congress,0,2
Gesslein & Luttrell for Monmouth County Freeholder,0,2
Floyd Bonner for Sheriff,0,2
Elect The Assessor,0,2
Elect Judge Victoria McKay Kennison for Circuit Court Judge,0,2
Dr. Dawn Barlow For Congress,0,2
Doug Carel for District Judge 2018,0,2
Deborah Kafoury,0,2
Debbie Stabenow,0,2
David Park - Park4Platte,0,2
David Kim For Congress,0,2
Dan Hamilton,0,2
Circa Pop Live,0,2
Black & White or Gray?,0,2
Bill McCamley for State Auditor,0,2
Bestsolarpowertoday,0,2
Veterans and Affordable Housing Act,0,1
USA Workforce,0,1
O’Neil Wysocki - Family Law,0,1
Overworked Moms,0,1
D'Alessio Law Group,0,1
Cresent Hardy,0,1
Chris Wilhelm for County Council,0,1
VOTEPROCHOICE,0,0
United Democratic Club,0,0
Shawn Nelson for Congress,0,0
Senator Thomas V. Mike Miller Jr.,0,0
SEIU Florida,0,0
NumbersUSA,0,0
NowThis Politics,0,0
Michigan Republican Party,0,0
Memorial Healthcare,0,0
Mary Kay Sigaty For State Senate,0,0
JP Kemp for Nevada Assembly District 13,0,0
JB Pritzker,0,0
Instagram,0,0
Hallie Thompson for Congress,0,0
Guy Guzzone Serving Howard County,0,0
Elisabeth Espinosa for Circuit Court Judge,0,0
Congressman Peter King,0,0
Brian Whelan For Fresno City Council,0,0
Austin Grush,0,0
