Michelle Lujan Grisham,2951980,6986815
Xochitl for Congress,2233348,5333962
Tim Keller,2013000,4490962
New Mexico Immigrant Law Center,1715000,5449913
Martin Heinrich,1453000,4982373
Mick Rich,1284000,3633868
New Mexico Democrats for Democracy,1000837,3047386
New Mexico Oil & Gas,976000,3786525
Paul Moya,951368,2404782
New Mexicans for Economic Prosperity,809000,1991972
CVNM Verde Voters Fund,764997,2447875
City of Las Cruces Government,646000,1635981
Protect Freedom PAC,540000,1399992
Solar Energy Today,444734,2001681
Steve Pearce,435989,1673896
New Mexico’s 2nd Congressional District - Get the Facts,407128,1225705
Representative Stephanie Garcia Richard,386000,982985
Center for Western Priorities,375000,810123
Patriot Majority NM,352998,1201819
Jeff Apodaca,351000,1181956
New Mexico Voices for Children,343000,1103943
The Wilderness Society,308008,778839
Damon Martinez: Democrat for Congress,299000,1127946
Our Western Values,294000,721986
George Muñoz for NM,267986,922896
Lyons for Land Commissioner,264000,1196913
Joy 4 New Mexico,257997,646972
Keep Them Accountable,252255,892556
A. Blair Dunn for New Mexico,239000,1061948
Joe Cervantes for NM,232996,1060942
Judge Michael E. Vigil,220000,599997
Day Hochman-Vigil for NM House District 15,215923,617826
Sandoval County Government,210000,550997
Antoinette Sedillo Lopez for Congress,207000,773964
Billy Garrett for New Mexico,203000,418991
Reduce Marijuana Penalties NM,200000,502996
Democratic Party of New Mexico,189999,930018
myvoteplan.com,179877,599645
Planned Parenthood Votes New Mexico,175984,402833
MO Research,170901,403846
ProgressNow New Mexico,156995,727928
Susana Martinez,156000,464991
Damian Lara Talks Policy,154000,440988
ExxonMobil,153367,430878
Damon Martinez for Congress,150000,406985
United We Dream,145000,411991
Daniel Gallegos for NM Court of Appeals Judge,139000,502982
Power the Future,134282,482551
New Mexico Working Families Party,131652,495243
Deb Haaland for Congress,131584,358911
Conservation Voters New Mexico,129235,496170
New Mexico Citizens,127161,554218
Keep Justice Gary Clingman,121977,507864
Melanie Stansbury for NM,118000,431562
Fed of American Hospitals,117001,497978
Gavin Clarkson for Secretary of State,113000,384989
Judge Briana Zamora for Court of Appeals,111000,255996
Heritage Action for America,100671,323891
Responsible Leadership New Mexico,91110,510123
NRCC IE,90900,277682
Beto O'Rourke,90113,252267
Natalie for New Mexico,87000,394983
Republican Party of SJCNM,86406,278779
Judge Emil Kiehne for New Mexico Court of Appeals,84943,458959
Western Values Project,80938,363506
Damon Martinez a Democrat for Congress,79000,359977
Robert Godshall For District 27,78000,272978
State Rep. Kelly Fajardo,76000,340984
New Mexico Opinion Survey,76000,294970
State Representative Daymon Ely,75000,209996
Smart Cities Prevail,71000,204996
Our Flag Our Country,70240,203392
Save the Children Action Network,70039,201471
Wayne Johnson For State Auditor,68953,302749
Rep. David Adkins,62000,279991
Republican Party of New Mexico,61475,207931
UltraViolet,61000,156995
Representative Rick Little,60988,155938
Janice for Congress 2018,59000,264945
"Representative George Dodge, Jr.",57000,270991
Karen Cares for New Mexico,55998,265980
Living Free,55974,264868
Military Network,54922,216636
Bill McCamley for State Auditor,54000,269686
OLÉ NewMexico,53000,117993
Wayne Johnson State Auditor,52000,245987
Christine Chandler for HD 43,51000,108994
Ben R. Luján,50000,236044
Lisafor43,50000,232972
Better Jobs New Mexico,50000,230974
Willie Madrid for New Mexico House District 53,50000,100998
Rachel's Action Network,50000,99999
NM Civic Engagement Table,50000,99999
March For Our Lives,50000,99999
Comcast,50000,99999
American Wind Energy Association (AWEA),50000,99999
Billie Helean for NM House District 57,46000,231988
Consumers for Quality Care,46000,171986
Better With Age,43970,206825
Unite New Mexico,42000,211992
Brenda Boatman For State Rep HD23,41000,204995
New Mexico Business Coalition,40998,149975
Las Cruces Green Chamber of Commerce,40000,139994
W.K. Kellogg Foundation,38181,171032
HOTLIST.VOTE,37770,75540
State Representative Elizabeth Thomson,37000,139993
Joanne Ferrary for NM House 37,36000,184986
Tim Lewis for House District 60,36000,165994
Partnership for Responsible Business,34000,169993
Common Cause New Mexico,33998,110986
National Education Association of New Mexico,32284,110393
Megan Duffy For New Mexico Court of Appeals,32000,115988
Shawn Redd for Tribal President Shiprock NM,31365,149735
Representative Rebecca Dow,30987,132895
Theodore Roosevelt Conservation Partnership,30133,96188
Vote Alonzo!,30000,154992
Gary Johnson,30000,119996
Climate Parents,30000,119996
Steve Fischmann for PRC,27947,127734
John L. Jones,27000,135950
Voto Latino,26000,175946
TeacherFreedom,25129,123232
ANewNormal.Life,25000,79996
Rep. Jimmie C Hall,25000,64991
Jacqueline Medina for NM Court of Appeals,24000,90992
Unite America,23154,118773
Michael Hendricks for NM Attorney General,22978,114882
People United for Privacy,22005,456657
AARP New Mexico,22000,109996
Women For Civility,21038,45208
Home Improvement Deals,21004,92009
Progressive Champions PAC,21000,132969
The Holy Tribune,21000,75995
Mark McDonald for NM State Representative,20000,110969
The LIBRE Initiative - New Mexico,20000,99998
Ride the Blue Bus,20000,99998
Nathan Small for State House,20000,99998
Harper Dental,20000,69997
Support Sandoval Health,19991,99952
Friends for Karen 38,19961,56911
Win at the Door PAC,19953,99761
Artesia Chamber of Commerce,19489,69152
Adelante New Mexico,18000,94955
Clayburn Griffin for Congress,17680,74632
NEA Today,17626,42099
Paula Garcia for State Representative District 40,17000,72993
Benton Howell,16000,92980
Lights On New Mexico,16000,77975
City Councilor Pat Davis,16000,72969
Abbas Akhil for NM House District 20,16000,64997
Americans for Prosperity-New Mexico,16000,52989
Texans for Natural Gas,15533,75149
VoteTogether,15066,62835
Family Farm Action,15000,59998
Alexis Jimenez for NM HD 60,15000,59998
Equality New Mexico,14000,72739
Tony Hernandez for Eddy County Commission District 1,14000,43990
Patagonia,13252,65558
MedicareSupplement.com,13000,179861
Home Professionals,13000,71989
Dan Stoddard for Magistrate Judge Sandoval County,13000,52988
"Darrell K. ""Keith"" Elder for Sandoval County Sheriff",13000,35994
Christopher Mills Hobbs City Commissioner District 2,13000,35994
Margaret Cassidy-Baca for Sandoval County Commissioner,13000,34995
Power In Cooperation,12930,63846
Tom Steyer,12895,29823
New Mexico Wildlife Federation,12756,64775
Lambda Legal,12422,58553
Damion Cruzz,12000,61995
MTC Changes Lives,12000,60996
"Gerald ""Billy"" Billings Grant County Commissioner Dist. 4",12000,45991
Chase Energy Services,12000,36989
Advanced Energy Economy,11968,60837
Donald J. Trump,11775,106575
Wendy Rogers,11176,48729
Matthew McQueen State Representative,11000,60992
Manuel Manny Gonzales III,11000,54998
Republican Women for Progress PAC,10963,63803
Tom Stewart for 6th District Judge,10897,55482
Help for Essure Victims,10090,50761
Senior Healthcare Direct,10082,53404
New Mexico House Democratic Campaign Committee,10000,77292
Trujillo for Co Commissioner,10000,60007
Association for Accessible Medicines,10000,52996
Micaela Lara Cadena for New Mexico,10000,50998
Latino Victory,10000,50998
Open Primaries,10000,49999
New Mexico Education,10000,49999
Merritt Hamilton Allen for NM,10000,49999
Maggie Toulouse Oliver,10000,49999
Kristina Bogardus for NM Court of Appeals,10000,49999
Janene Yazzie for NM,10000,49999
Hector Balderas,10000,49999
Escape the Room Albuquerque,10000,49999
Encantado Magazine New Mexico,10000,49999
Bridge Project,10000,49999
American Legislative Exchange Council,10000,49999
ABQ Democracy Dollars,10000,49999
Our Values,10000,23994
Self-Reliant Republic,9993,49962
New Mexico MainStreet,9885,49426
New Mexico Senate Democrats,9880,49401
Trey Morris for New Mexico HD 24,9531,47653
Planned Parenthood,9114,29392
Mary Jo for New Mexico,9000,30994
EDF Action,8985,54893
NM Accountability Project,8888,44440
San Juan Safe Communities Initiative,8196,28189
Concealed Online,8077,22241
ACLU of New Mexico,8000,48983
Arthur Castillo for State Treasurer,8000,27993
NM SAFE,8000,25995
4ocean,7712,16342
Southwest Environmental Center,7479,37395
Elizabeth Warren,7361,18640
Ken Collins Marketing,7186,35929
RoscoeWoods4Judge,7000,55972
Nordquist for HD46,7000,36991
Larry Kay for BernCo Probate Judge,7000,25991
"Rodolpho ""Rudy"" Martinez for NM State House",7000,23898
Monty Newman for Congress,7000,19997
Langston Bowens,7000,19997
NM Religious Coalition for Reproductive Choice,6671,18350
Americans for Prosperity,6101,42448
Jarratt Applewhite for District 50,6000,41532
Politically Pro Ag,6000,30993
Young Democrats of Valencia County,6000,15997
Joseph Bizzell for PRC,6000,15997
William White for Sandoval County Assessor 2018,6000,14998
Timothy J. O'Quinn for  Magistrate Judge,6000,14998
Cooperative Action Network,6000,14998
Climate Hawks Vote,6000,14998
Chris Manning for Congress,6000,14998
American Liver Foundation,6000,14998
Benjamin Rawson County Commission District 3,5999,35982
Democratic Senatorial Campaign Committee (DSCC),5944,12588
United States Constitution,5927,16449
Concerned Citizens for Nuclear Safety (CCNS),5312,27496
DoSomething.org,5293,11677
La Plata County Republicans,5284,26418
Swing Left,5230,17590
Energy Citizens,5170,17823
Christie Humphrey for Sandoval County Assessor,5000,30989
Elect Liberty PAC,5000,26993
Keep Judge Shannon Murdock,5000,25994
"Jim Dines, State Rep.",5000,14994
Garrett VeneKlasen,5000,14843
Coalition for Affordable Energy New Mexico,5000,11997
Mike Herrington for Chaves County Sheriff,5000,10998
Sierra Club: Rio Grande Chapter,5000,9999
Santa Fe County Firefighters - IAFF Local 4366,5000,9999
"Sandy Jones, Public Regulation Commissioner",5000,9999
SIDEWINDERS BAR,5000,9999
New Mexico State University,5000,9999
Lorenzo Velasquez For Lea County Sheriff,5000,9999
"Juntos: Our Air, Our Water",5000,9999
Jerry Gonzales Jr for Santa Fe County Magistrate Judge Div. 1,5000,9999
ACLU,4759,14187
Progressive Turnout Project,4582,21466
Democrats,4582,15727
Andrew Janz,4318,10389
Seeker,4204,8407
"President Joe Shirley, Jr.",4180,16339
Peoples Progressive Media,4000,37978
Nicole Roybal for Judge,4000,20995
Garcia Holmes For Lieutenant Governor,4000,20995
Native American Democratic Caucus of New Mexico,4000,19996
Voters Decide,3997,68931
New Mexico Open Primaries,3995,19973
National Republican Congressional Committee,3875,19832
Patriotic Drop Shop,3854,8358
We The People Holsters,3851,10548
2nd Amendment For Life,3848,7720
PragerU,3659,8823
Alliance Defending Freedom,3472,7257
American AF,3422,10155
Republicans For Making America Great Again,3277,6553
MoveOn,3166,36098
Proud Americans Supply Gear,3032,6064
New Mexico Republicans Against Trump,3000,23988
Young Democrats of New Mexico,3000,19992
Viante New Mexico,3000,18993
Más New Mexico,3000,14997
Janemarie Vander Dussen -  For Magistrate Judge District 1,3000,14997
Cristy J. Carbón-Gaul for Probate Judge,3000,14997
Justin Nelson,2998,8408
Yvette Herrell for Congress,2991,17947
Deborah Kenny,2800,7077
Jay Sekulow,2754,5506
Conservative Gear,2721,7344
Sierra Club,2680,6806
End Citizens United,2663,9700
"I'll go ahead and keep my guns, Thanks",2653,5905
American Chaos,2384,5122
Everytown for Gun Safety,2323,6465
Stand for the 2nd Amendment,2287,5910
Save the Storks,2285,5581
Turning Point USA,2227,6069
Center for Biological Diversity,2201,4634
Open Doors USA,2031,4827
Keep Judge Hank Bohnhoff,2000,15992
"Don Harris, Albuquerque City Councilor, District 9",2000,12995
Protect Greater Chaco,2000,10997
New Energy Economy,2000,10997
Animal Protection Voters,2000,10997
Doreen Gallegos for NM State Representative District 52,2000,10944
Diné Equality,2000,10361
Wild Gila River,2000,9998
Shannon Reynolds County Commission,2000,9998
New Mexico Judicial Performance Evaluation Commission,2000,9998
LiberalResistance.net,2000,9998
James Robinson,2000,9998
Catholic Democrats for Life,2000,9998
Justin Garcia for Sandoval County Magistrate Judge,1999,12991
ResistryPAC,1997,21966
Period Calendar Cherry,1982,4954
Joseph Sanchez for NM State Representative District 40,1980,19854
The Young Turks,1952,5074
Interwest Energy Alliance,1934,15453
Kamala Harris,1882,12500
Make America Great Again - Republican,1873,8207
Retired Republicans,1855,4325
Breaking Big,1844,4621
Kirsten Gillibrand,1817,5041
Hurd's Hypocrisy,1788,7100
El Paso Advocates 4 Freedom,1762,8810
NARAL Pro-Choice America,1721,10279
NRA Women,1721,4301
Sherrod Brown,1720,4524
The Nib,1718,4855
Jeff Merkley,1716,6365
FreedomWorks,1698,16846
PennFuture,1679,3358
Neal Dikeman for Senate,1674,5832
NowThis,1635,4092
Claire McCaskill,1630,4026
Democratic Association of Secretaries of State,1614,7321
Giffords,1603,4170
Independent Voter,1592,11368
BOLD PAC,1564,3729
Government Accountability & Oversight,1554,3108
Steve Smith for Congress,1542,3254
Shield Republic,1540,3963
NRATV,1534,3091
Winning For Women,1524,3893
Showtime Documentary Films,1491,2980
Sandy Hook Promise,1461,3706
First Quote Health,1456,3828
International Rescue Committee,1430,3399
Charlie Kirk,1397,3142
Big Cat Rescue,1389,3473
National Domestic Workers Alliance,1386,2971
CREDO Mobile,1384,4348
Boredom Therapy,1381,3877
Kevin McCarthy,1372,4703
Republicans for the Rule of Law,1356,5726
"I Love You, America",1346,3364
Human Coalition,1332,3716
The Jim Jefferies Show,1324,3209
Pela Case,1276,3044
Public Citizen,1276,2985
Modern Patriotism,1258,6291
Support For The Police,1237,3093
Ocean Conservancy,1196,6882
Joe Kennedy III,1192,2899
NowThis Politics,1189,2972
Earthjustice,1154,5769
Human Rights Campaign,1143,3038
Protect Our National Parks,1076,2223
National Democratic Training Committee,1067,2132
Smart Customer,1048,2668
USPS Business,1019,2040
RATE Coalition,1019,2038
Bush's Beans,1018,2036
FrackFeed,1015,2089
iVote,1014,6067
Catholic Relief Services,1013,2237
National Wildlife Federation Action Fund,1006,5025
Security Finance Initiative,1004,2573
Mayna Myers for Magistrate,1000,11992
Democratic Party of Los Alamos County,1000,10993
United Food and Commercial Workers International Union,1000,9994
Sandra Atwood For Sandoval County Probate Judge,1000,9994
Andrea Romero for NM House District 46,1000,9994
StrafeSpace.Com,1000,8995
Taos County Democratic Party,1000,7996
Santa Fe Fat Tire Society,1000,7996
Linda Gallegos for Sandoval County Assessor,1000,7996
NM Voter Group,1000,6997
Indivisible Santa Fe,1000,6997
Updates from Zack,1000,5998
Southern New Mexico New Progressives,1000,5998
Michael Meek,1000,5998
Lloyd Princeton for Congress,1000,5998
Heading Home NM,1000,5998
Futurition Santa Fe,1000,5998
CAVU,1000,5251
Quorum,1000,5029
Xcel Energy New Mexico,1000,4999
Vote Me Too,1000,4999
"Sam Sena for Santa Fe Magistrate Judge, Div. 3",1000,4999
Roswell Today,1000,4999
Re-Elect Kiki for Sheriff,1000,4999
Re-Elect James D. Lujan Rio Arriba Sheriff,1000,4999
Protect Our Care,1000,4999
Organ Mountain,1000,4999
Open Door Research,1000,4999
Nusenda Credit Union,1000,4999
New Mexico for Bears Ears,1000,4999
New Mexico Office of the Attorney General,1000,4999
NM Kids Matter - CASA,1000,4999
Monuments For All,1000,4999
Maggie's List,1000,4999
Liberty First,1000,4999
Libertarian Party of New Mexico,1000,4999
"Las Cruces City Councilor Kasandra Gandara, District 1",1000,4999
Indigo Theater,1000,4999
Heroes Walk Among Us,1000,4999
Grace Duran for District Judge,1000,4999
"Gary Edd Risley for Probate Judge - San Juan County, NM",1000,4999
Gallery Fritz,1000,4999
Endeavor Working Dog Club,1000,4999
Emerge NM,1000,4999
Elect Randy Baca Taos County Assessor,1000,4999
EARTHWORKS,1000,4999
Dana Goldberg,1000,4999
Classical Liberals With Attitudes,1000,4999
Center for Action and Contemplation,1000,4999
Candidates for Liberty,1000,4999
Brava Media New Mexico,1000,4999
Backcountry Hunters & Anglers,1000,4999
"Alayna Setter, Realtor - Realty One of New Mexico",1000,4999
Brad Winter,999,6991
Co-ops Vote,997,8980
ASPCA,988,4938
Oceana,972,4116
UnitedHealthcare,970,2454
The Brookings Institution,935,2355
Democratic Socialists of America,915,2242
Donald J. Trump - 45th President,915,1830
New Mexico Turn Around,906,4527
WinDem,897,2241
Proud Right Winger,894,2429
LGBT Right,879,1783
Fahrenheit 11/9,863,2255
Arizona Democratic Legislative Campaign Committee,857,4115
Shaun King,856,1869
With Honor,856,1712
Jewish Voice Ministries International,853,3361
OAF Nation,839,2616
Bernie Sanders,830,2787
The Daily Show,819,1641
Union of Concerned Scientists,800,1951
Howstuffworks,799,1805
All of Us LGBTQ,794,3968
Recirculating Farms Coalition,792,1583
One Nation Design,791,1720
Denison Forum,769,1749
Oxfam,762,1610
Donald J. Trump - USA,762,1523
Climate Reality,761,1727
Civiqs,741,5831
Family Research Council,727,1454
Steve Phillips,713,1426
Wind Energy Foundation,705,2644
Congressional Black Caucus PAC (CBC PAC),701,1580
NRSC,698,2133
Jacky Rosen for Nevada,673,2269
Senior Wellness,667,1334
Ben Ferguson,655,1505
Tax March,651,1358
Sand Cloud,647,1719
Ben Shapiro,640,1511
Stand Up America,634,10582
League of Conservation Voters,632,1541
Alexandria Ocasio-Cortez,629,2434
Main Street Investors Coalition,626,1674
Federal Voting Assistance Program - FVAP,622,1551
Mic,610,1308
Trumpatwar,608,3041
Greg Baine for City Rep. District 8,604,2074
Run for Something,603,1206
Amnesty International USA,593,3284
Sheriff Leaks,591,1369
Nuclear Matters,583,1166
Randy Bryce,581,1890
Care2,564,2657
American Update,558,1116
Greenpeace USA,552,3281
Pfizer,552,1730
Florida Democratic Party,546,1551
Democratic Governors Association (DGA),543,2465
Gina Ortiz Jones for Congress,541,2364
Learn Our History,524,1447
The Daily Signal,521,1430
Vote John Berrey Quapaw BC Chairman,511,2095
PrintedKicks,510,2110
Samuel Williams for Congress,508,3000
Mercy For Animals,508,2169
Truthout,508,1016
Indivisible Guide,502,3565
Made In America Tax,499,998
America with Eric Bolling,491,1131
"Calvin Lee, Jr., for NN President",488,4876
AMEC USA Healthcare Partners,478,1519
Concerned Women For America LAC,465,1149
Concealed Carry,464,928
The Department of Reproductive Control,459,918
Defenders of Wildlife,450,1967
Democratic Attorneys General Association,443,886
Steve Bullock,441,882
45 Hats,438,13107
Premium Care For Seniors,438,2121
Ted Cruz,438,1218
National Democratic Redistricting Committee,432,1969
We Are The Mighty,421,1247
National Committee to Preserve Social Security and Medicare,418,1013
Live2Lead West Texas,415,2074
American Wild Horse Campaign,412,823
The Western Journal,408,1125
Dinesh D'Souza,406,5175
Lets Make USA Great Again,406,2025
Heidi Heitkamp,399,1482
Live Action,398,886
Be A Hero,392,3455
Definition.org,391,3136
Conservative Tribune,391,822
Bill Richardson-Cop Columnist,390,881
SiriusXM Radio,387,902
Comedy Central,387,774
Science for Humans and Freedom Institute,380,2505
Daily Wire,380,945
National Audubon Society,378,757
Patients for Affordable Drugs,377,753
EMILY's List,374,1568
Liberty Watch Magazine,374,748
Let Africa Live,372,1138
Survival Life,361,1689
Loud & Proud,360,1004
Southwest Coalition for Life,359,1794
Penzeys Spices,359,1559
The Years Project,357,1617
Taxotere Lawsuit Information,348,698
"Manly, Stewart & Finaldi",345,863
Compassion in World Farming (USA),341,825
Discover Charter Schools,337,962
Louise Valentine for State Senate,337,717
The People's Trumpet,330,1643
The Desperado Depot,329,1644
Reform Austin,329,1176
FreightWaves,329,657
U.S. Department of Homeland Security Blue Campaign,324,649
NRA - National Rifle Association of America,323,1397
Let Us Vote For A Balanced Budget Amendment Citizen's Campaign,323,646
UnitedVoice.com,322,650
January Contreras,320,639
Sarcasm Society,318,635
Audible,315,631
Independent Petroleum Association of NM,315,630
Missouri Cannabis Industry Association,314,1568
Democratic Climate Action,314,1132
NRDC,305,3403
Abdul El-Sayed,305,1354
State of Corruption NH,302,818
Colorado Way of Life,301,601
Physicians Grassroots Network,297,594
Patriot Journal,289,578
I Love My Freedom,286,714
Electric Nation: Powered By Wind,282,1413
Tactical Pro Supply,282,1194
Debbie Condrey for Treasurer,279,1811
Care Net,278,1278
Association of Young Americans,276,570
Alley Cat Allies,276,551
Bigger Pie Forum,274,547
Hotze Health,272,543
Jordon J. Begay for Navajo Nation Council Delegate,269,1346
Adam Schiff,264,1354
Heifer International,262,1589
Energy Nation,261,990
Democratic Coalition Against Trump,260,4155
Sharice for Congress,257,2015
Disability Over 50,255,1274
Rant Nation with Graham Allen,250,1033
Environmental Defense Fund,249,1702
National Network of Abortion Funds,248,962
BookTV,246,502
Nine Line Apparel,245,978
Demand Justice,240,1253
Democratic Legislative Campaign Committee - DLCC,236,1205
LevinTV,235,1178
Drug Injury News,235,470
Semi-Automatic Gun Owners of America,230,460
Sashka Co.,230,460
Poor People's Campaign: A National Call for Moral Revival,228,1156
UltimateStraw,228,825
Crafty Aspie Designs,224,1121
Henry Holt,222,491
Greg Lopez for Governor,221,442
Arizona Leadership Coalition,217,433
NRDC Action Fund,215,1018
Convention of States,214,829
HILL TV,213,1472
Florida Progressive Forum,213,426
Cissy Lizarraga,210,1158
Emerging American Majorities,209,909
Informed Immigrant,206,1033
ClearPath Action Fund,199,458
Kialo,197,903
Enbridge Line 3,197,492
Graveyard Shift,192,974
Paramount Network,191,381
Tina Smith,187,944
American Gun Association,187,841
Armed American Supply,182,1651
Cold Dead Hands,182,762
Law Office of Fernando Dubove - Immigration Attorney in Dallas,181,362
Abortion On Our Own Terms,180,949
Concerned Citizen,180,776
Jennifer Webb,178,892
Richard Ojeda,178,707
Erase The Hate,177,895
Bill Nelson,174,1161
Zephyr Teachout,174,1159
Animal Matters,174,506
Proud American Hunter,173,863
Minnesota Ag-Energy Alliance,172,429
FEE,170,803
Communities Engaged,169,585
Sheldon Whitehouse,168,841
James B Nutter & Company,168,336
Project ChildSafe,162,809
EveryLibrary,162,647
Gwen Lachelt for La Plata County,162,323
NewsBusters.org,161,322
Tony Evers,158,698
Market Analysis For Investments,157,698
Mark Richardson for Prosecutor,155,775
Cathy Myers,154,772
Human Rights Watch,152,1222
Nike,152,760
NextGen America,151,313
Common Defense,149,776
Yale Climate Connections,149,745
SlutBox,148,573
Circa,147,733
Wilshire Gun,146,291
Power Past Impossible,143,716
MyRoar,143,688
Military Tees,142,1211
Red Blue Divide,141,702
Young America's Foundation,140,1093
YES on 127: Clean Energy for a Healthy Arizona,140,703
Independent Women's Forum,140,702
Dianne For Commissioner,140,279
Senate Majority PAC,139,706
The LIBRE Initiative,138,277
The Trump Prophecy Movie,137,2428
American Heart Association: You're the Cure,135,676
Bird + Stone,134,700
Larry Sharpe for New York,134,670
I Am An Immigrant,133,1278
Project Red TX,133,612
The Power of Zero by David McKnight,131,656
Zak Ringelstein,131,514
Giving Brush,130,938
National Park Foundation,130,647
Patriot Depot,130,621
UNICEF USA,128,639
LifeDaily,128,636
Conservative Institute,128,535
Personal Liberty,128,530
Wholesome Culture,128,392
Strong Women Society,127,445
Reproaction,126,1190
Susan Wild for Congress,125,623
Sheet Metal Air Rail and Transportation Workers,122,610
Dianne Feinstein,122,313
Michigan Education Association,122,304
LifeZette,121,6345
Conservation International,120,516
The Deplorable Deck,119,593
Michael Knowles,119,526
Blue Wave,118,1481
Warrior 12,118,591
Rob Keating For Sheriff,115,576
American Financial Advisory For A Better Future,114,572
Veteran Loan Benefits,113,563
artnet,112,591
The Ripon Society,111,553
The Lone Liberal Republican,111,483
Weird History,109,549
Disabled Over 50,109,543
State Representative Ina Minjarez,109,219
Inmigración.com,108,542
The Colored Girls,108,216
Matavita - Save The Elephants,106,531
Total Wealth Research,105,523
Get Off My Lawn with Gavin McInnes,105,341
Bottom Line With Boris Epshteyn,104,516
Ron DeSantis,104,208
Schusterman Family Foundation,103,513
FCTRY,102,514
CEAI Christian Educators Association International,102,511
Eric Swalwell,101,565
Ryan Hampton,101,507
domesticshelters.org,100,502
World Vision USA,100,501
Veterans Education Success,100,501
The Conservative Choice: President Donald Trump,98,548
Crime Survivors for Safety and Justice,98,490
Fire Jim Jordan,98,488
Coalition for Modern Water Systems,98,488
Kimberly-Carr Home Designs,97,487
Vote No Arizona,97,228
Sarah Palin,96,480
Hello Resistance,96,403
The Nature Conservancy,95,489
A Case for Women,95,476
Curzio Research,95,473
Providence St. Joseph Health,94,467
45th President Donald J. Trump,94,430
Build With Strength,94,210
Derek Kitchen,93,466
NTD Life,92,2789
Alyssa Milano,92,462
FutureinAmerica,92,359
Philadelphians for a Fair Future,92,184
Liuba Grechen Shirley-Congress,91,518
Exploiting America,91,455
Goods Unite Us,91,371
Save Our State -Colorado,91,236
Terry Johnson for County Judge,91,220
We Can Solve This,90,449
Libertarianism.org,89,447
Left Over Rights,89,447
Tenth Amendment Center,89,444
Mike Coffman,88,440
Progress News Network,88,409
OD Action,87,444
The Palestine Institute for Public Diplomacy,87,435
Airline Passengers for Justice,87,434
Missouri's Voice,87,218
Angie Craig,86,429
Elizabeth Dole Foundation,85,426
Pi Yoga Pants,84,428
Eddiction/Headline News,83,416
Advancing Native Missions,83,416
Propeller,83,415
Prompt News,82,432
"Freedom Watch, Inc.",82,412
St. Martin's Press,82,409
Legends of the NBA,81,604
Finance Watchdogs,81,343
Hidden Tips,81,178
Dan Koh,81,163
My Faith Votes,80,475
Shirt Nazi,80,402
ArtProfileratx,80,233
The Western Way,80,160
Roman McAllen for Railroad Commission of Texas,79,397
Chuck Schumer D-NY,78,397
Economy and Markets,78,390
Libertarian Country,78,389
Elizabeth Helgelien for State Senate District 8,78,388
House of Patriots,78,190
AFPF Colorado,78,156
Liberty Justice Center,77,385
Jon Wassom's Art,77,384
Skull Society,77,382
Kenneth Mejia for Congress,77,242
National Geographic Society,77,199
No on SoccerCity,77,182
Military Officers Association of America (MOAA),76,404
Daily Vine,76,381
Conservation Colorado,76,152
The Humane Society of the United States,75,374
Today's Nation,75,152
TradeVistas,75,149
Planned Parenthood Action,74,421
We are mitú,74,387
PETA (People for the Ethical Treatment of Animals),74,373
Freedom Finance Group,74,370
Re-Elect Patty Kuderer,74,149
David Richardson for Congress,74,148
In the Woods with Phil,73,395
Lora Kay Morrow for Alabama House District 2,73,365
Chris Dimond for House,73,365
UPS Rising,73,363
Restoration PAC,72,359
The Eric Metaxas Show,72,358
Keep and Bear,71,379
MJ for Texas,71,364
USO,71,357
Southern Poverty Law Center,71,357
The News and Why It Matters,71,356
Republican Liberty Caucus,71,355
Secure America Now,71,354
Food for the Hungry,71,354
"Tactical Air USA, LLC",71,245
Dan KALB for State Assembly,71,176
PCCC - BoldProgressives.org,70,564
Clinton Inc. The Movie,70,349
Center for American Progress,69,1275
Innocence Project,69,447
Dissent Pins,69,344
Pathway 2 Tomorrow: Local Visions for America's Future,69,343
Rick Green,68,340
TIME,68,338
Rev. Dr. Chuck Currie,68,136
Feeding America,68,136
Colorado Concealed Carry Class,68,136
Unspeakable Crimes,67,334
Assemblymember Jesse Gabriel,67,133
Becoming American Initiative,66,350
Proud Americans Supply,66,331
Shout Your Abortion,65,358
Union Patriots,65,339
Graham Allen,65,326
Protect The Harvest,65,129
Peter Svarzbein For District 1,64,1050
SEAL PAC,64,321
Department of Homeland Security,64,319
Joe Donnelly,64,318
Louder with Crowder,64,220
Girls Inc.,64,127
Stacey Abrams,63,1893
Joe Markley for Lieutenant Governor,63,818
Take On America With OZY,63,329
The Heritage Foundation,63,317
Candidate Command,63,314
MasterClass,63,263
Making Every Vote Count,63,214
Thrasher Coffee,63,179
Will Hurd,63,127
Dean Phillips for Congress,62,317
Environmental Working Group,62,152
Kizito For District 5,61,307
In Search of Liberty,61,173
Great American Era,61,141
Oklahomans Against 793,61,122
Silkies,60,298
Left Out Loud,60,129
Two Flags,60,121
Jess Phoenix,60,120
Better Medicare Alliance,60,120
The N.C. Star,60,119
Joe Walsh,60,119
The Collective PAC,59,339
Chad Benson Show,59,313
ASMDSS,59,181
OpsLens,58,298
Civic Action Network,58,298
Bill O'Reilly,58,292
Sam Harris,58,288
Mark Tippetts for Texas Governor,58,288
Mike Collier,58,258
PolicyEd,58,155
2nd Amendment Supporters,57,287
LGBTQ Victory Institute,57,286
Tom O'Halleran,57,284
Rock Steady Ecommerce,57,284
Native American Rights Fund,57,284
Americans for Food and Beverage Choice,57,237
Expectant Mother Care-EMC FrontLine Pregnancy Centers,57,113
DiversityInc,56,289
The Tuttle Twins,56,279
Climate Facts,56,140
Tee Shirt Palace,56,115
Shiloh Israel Children's Fund,56,111
The Cato Institute,55,277
Intercessors for America,55,274
E. O. Wilson Biodiversity Foundation,55,172
Recycle Cartons,54,271
David Garcia,54,271
Citizens for Tobacco Rights,54,270
Grabien,54,269
Stop UHW Initiative Abuse,54,134
The Committee to Defend the President,53,264
Conrad N. Hilton Foundation,53,132
Creative Action Network,53,106
America Fighting Back PAC,52,260
Dave Lislegard For MN House 6B,52,139
Job Creators Network,52,130
Diane Mitsch Bush for Colorado CD3,51,264
Your Trump Shop,51,260
eq.eco,51,259
Medals Of America,51,256
GreaterHalf.com,51,254
No Cuts to Care: No on Measure 106,51,103
WAPG PAC,51,102
Dear Donald,51,102
iHeartDogs.com,50,252
Ken King,50,250
Election Madness,49,245
Californians for Eleni Kounalakis for Lt. Governor,49,179
Save Animals Facing Extinction,49,123
Topic,49,117
Vote For Hoosier Values,49,97
North Carolina Citizens,48,2215
The Charlie Daniels Band,48,239
theSkimm,48,237
CRTV,48,190
Ian Erix,48,97
Wildlife Conservation Society,48,96
Village Savant,48,96
The Noisy American,48,95
Dan Kildee,47,360
End Animal Cruelty Club,47,267
Wealth Creation Investing,47,233
Shareblue Media,47,214
Jacek Zurada for 2019 IEEE President-Elect,47,184
O'Brien for Iowa House District 21,47,94
For America,47,94
American Kidney Fund,47,94
"It's The Economy, Stupid",47,93
Friends of the IDF (FIDF),46,3950
No Labels,46,252
ACLU of Southern California,46,176
Casey Research,46,143
Dump Trump,46,113
Scamazon,46,111
My Shop Therapy,46,110
Color Of Change,46,93
Save the Boundary Waters,46,92
Natalie Mai for District Judge,46,92
Clarion Project,46,92
Standard News,45,224
Senator Chris McDaniel,45,224
Sean Casten for Congress,45,223
Marsha Holland,45,208
2nd Amendment Rights,45,138
Re-Elect Sheriff Sean Smith,45,129
The Giving Keys,45,120
Cindy Hyde-Smith,45,115
Voice Big,45,90
ATTN:,45,90
Orman for Kansas,44,221
Michigan Online,43,236
RageOn,43,220
Michigan Leadership Committee,43,214
Jon Tester,43,187
Great America PAC,43,122
Ayanna Pressley,43,107
The Andrew Klavan Show,43,99
Arkansans for Jobs and Justice,43,86
BRITE CA,43,85
Rob Davidson for Congress,42,131
Donald Trump Is My President,42,107
John K. Delaney,42,92
GetVokl,42,84
SimonBooks,41,206
"BusinessGhost, Inc.",41,206
Mattress Firm,41,163
GZERO Media,41,83
Scott Walker,41,82
Cornerstone Television Network,41,82
Save the Children US,40,165
gopskateboards,40,81
Micheal Oglesby for Oklahoma House District 43,40,80
Upworthy,39,389
Mikie Sherrill,39,270
Win The Fourth Colorado,39,239
Andrew Wilkow/The Wilkow Majority,39,189
LGBTQ Victory Fund,39,108
Republican State Leadership Committee,39,102
Distractify,38,1592
Tony Hass for Las Animas County Commissioner District #3,38,244
It’s Our America,38,148
act.tv,38,126
Moving Michigan Forward Fund II,38,95
William John Cox,38,75
Likewise Media,38,75
Mike Pence,37,4271
Equal Citizens,37,202
Legal Newsline,37,188
True American Patriot,37,183
Campus Sexual Assault Survey,37,183
Wellness.com,37,126
American Bird Conservancy,37,111
Joe Cunningham,37,104
Eric Bolling,37,98
Lead the Change Now,37,74
Steven Crowder,37,73
Protect The House,36,631
Stephen Silberkraus for State Assembly,36,182
Meraki Journey,36,85
World of Children,36,71
Fuel Freedom Foundation,36,71
Mary Barzee Flores for Congress,35,195
George Hindman TX State Senate,35,176
Trending from NewsDriver,35,175
Bob Weiner,35,171
Mallory Hagan for Congress,35,99
State Representative Nathan Manning,35,69
Danny O'Connor for Congress,34,192
HealthReform 2.0,34,169
Ken Harbaugh for OH-7,34,106
High Ground,34,71
Wake Up World & Smell the Coffee,34,68
America's Health Insurance Plans (AHIP),34,68
22 Words,33,1482
Eric Garcetti,33,172
Modernize Texas Spirits,33,167
Tiffany Jones,33,165
Elect Rob Williamson for Commissioner,33,66
Affordable Medicare,33,65
Online Carry Course,32,333
Pursuit,32,70
MapleTwig,32,64
"Convention of States, Texas, El Paso",31,156
Cleveland Browns on Fanatics,31,153
Finish the Ballot,31,141
Mayor Philip Levine,31,101
Secure Financial Advisory Group,31,62
Denormalizers,30,161
California Secretary of State,30,74
Secular Coalition for America,30,71
Fight the New Drug,30,60
Dave Dodson for Senate,29,138
Yoram Ettinger,29,57
Levi Sanders for Congress NH-1,29,57
Welcome.,28,142
Speech Moves,28,141
Chesapeake Bay Foundation,28,140
Leo Biasiucci Republican Candidate for Arizona House of Representatives LD5,28,139
Vickie Yates Brown Glisson,28,57
Topix Stars,28,56
The Atlas Society,28,55
Greater Texas Ford Dealers,27,703
Phil Bredesen,27,160
Anera,27,154
"Power Zone Equipment, Inc.",27,135
Scott Svonkin For Board of Equalization,27,134
Local Majority,27,134
Lina Hidalgo for Harris County Judge,27,67
The Arena,27,53
Exclusive Apparel,26,755
Healthy Choice For Nevada,26,141
dittymoji,26,90
Los Angeles Mission,26,68
The Leadership Conference on Civil and Human Rights,26,65
U.S. Representative Will Hurd,26,53
The People's Government,26,52
Fanseafit Apparel,26,52
CARE,25,414
Cheapest Health Quotes,25,127
Nathan Dahm,25,51
Jeffrey D. Klein,25,51
Epimonia,25,50
Ocean And Co.,25,49
AARP Advocates,25,49
Raúl Grijalva,24,147
No Kid Hungry,24,145
Karen McCormick for Congress,24,140
Online University of the Left,24,123
The Refugee Center Online,24,120
People For the American Way,24,120
Dr. Kim Schrier,24,82
DC Statesman,24,69
Brut,24,62
Erin Kelley for Colorado House District 60,24,52
Tim Ryan,23,139
Honoring Our Veterans,23,111
Committee to Rebuild Maine's Middle Class,23,78
Ross Spano,23,47
We Are Child Care Illinois,23,46
Stop Soldier Suicide,23,46
Patriot Powered Products,22,294
Emerge America,22,182
Alliance San Diego Mobilization Fund,22,169
Family Policy Alliance,22,144
USA for UNHCR,22,119
Melanin,22,112
GroundUp,22,110
Scribol,22,57
Americans For Prosperity Georgia,22,44
Aspire Fashion,21,445
Moms Clean Air Force,21,270
Kaniela Ing,21,207
Julie Oliver,21,105
The Nazarene Fund,21,103
Family Survival,21,101
Kevin Stitt for Governor,21,63
LAFed Action,21,46
Teamsters United,21,42
The Curtis Report,21,41
Disrupt Aging,20,128
Dana Balter for Congress,20,50
UNAC/UHCP,20,41
Republican Job Insider,20,40
ACCE Action,20,40
Democratic Party,19,33606
National Popular Vote dot com,19,101
Paul Davis,19,97
Florida Sheriffs Association,19,97
Jarrin Jackson for US Congress,19,95
Phone2Action,19,41
Pocket Politics,19,38
Haley Stevens,19,38
Free Charles Erickson,19,38
CRTV Tonight with Gavin McInnes,18,285
Donald Trump For President 2020,18,153
Working Families Party,18,118
Niskanen Center,18,118
Loyal Nine Apparel,18,92
America has a dream,18,92
Color Of Change PAC,18,90
FloridaStrong,18,87
Americans for Prosperity -  Florida,18,74
Republicans Fighting Tariffs,17,615
Lebowski Lovers,17,290
Eric Rutherford,17,87
Spectrum Report,17,86
Republican Governors Association (RGA),17,85
Earth.com,17,85
Bryan Zilonis for NATCA President,17,84
Defending Rural Arizona,17,82
Sevigny for Congress,16,82
The Minuteman,16,81
Texas Organizing Project PAC,16,81
Local 564,16,81
Equality Florida,16,81
The Devil We Know,16,80
John Upchurch for Congress,16,79
Dr. Donna Campbell,16,78
Riverside County Sheriff Stan Sniff,16,71
Wade Carlisle for Senate,16,55
Tahirah Amatul-Wadud,16,47
VotoMigrante,16,36
National Council on Aging,16,33
Josh Pade,16,32
Indiana Senate GOP,16,32
Students for Life of America,16,31
Ben McAdams,15,333
FTC PAC,15,116
Leadership Institute,15,79
Grimnewsreaper,15,78
The Family Store,15,77
INSS - The Institute for National Security Studies,15,77
Johnny Rye for State Representative,15,75
United Against Muslim Ban,15,74
Lower My Bills,15,73
Josh Lowenthal,15,73
Advancing Democracy,15,73
GUNVOTE,15,36
The Fork Lift,15,31
Steve Schuh,15,30
Majority Matters,15,30
White Coat Waste Project,14,580
Animal Petitions,14,76
The Tax You Don't Pay,14,72
Let's Protect Hooksett School Children Together,14,72
Food Bank of Contra Costa and Solano,14,72
Bill Day,14,72
Joe Gruters,14,71
Allie on CRTV,14,71
Movement for a People's Party,14,70
Gyners,14,70
Death To Tyrants,14,70
Andrew Wilkow,14,70
Acorn TV,14,70
Patriot Fire,14,69
Mike Chapman for State Representative,14,69
FWD.us,14,69
Catholics for Choice,14,69
Anthony Brindisi For Congress,14,68
Lesley for CU Regent,14,60
Brian Watson for CO Treasurer,14,56
California Daily,14,35
Ohio Student Association,14,29
The Halfway Post,13,288
Tammy Baldwin,13,211
Renee Hoagenson for Congress,13,126
The Rutherford Institute,13,120
Gathering Together,13,96
People's World,13,85
Let Them Live,13,82
Rich Siegel Author,13,68
Celebrity Voice Changer,13,68
Yes on One,13,67
"Matt Brown, Democrat for Rhode Island Governor",13,67
Marshall Beck,13,67
Darryl Morin For LULAC National President,13,67
Connecticut HRCC,13,67
Angelica Chavis McIntyre for Judge,13,67
Mussab Ali for JCBOE,13,66
Serve America,13,65
Direct Expose,13,65
Vibespring,13,64
One Earth,13,64
Michelle Ugenti-Rita,13,64
Tony Rackauckas,13,63
The Informed Vermonter,13,63
Catalyst Voices,13,61
NC House Republicans,13,43
David Schoen,13,39
BoyerAZ,13,33
Pastrick for Justice,13,27
Cold-Fix,13,27
Sexual Assault Claims,13,26
American Hate: Survivors Speak Out,13,26
David Baria for Mississippi,12,439
LevinTV on CRTV,12,68
The Washington Blade,12,62
Amber Carter For Judge,12,62
The Fighting Forces,12,61
The Donald Stuff,12,61
Raising Tomorrow,12,60
Fierce by mitú,12,60
Conservative Daily,12,60
WomenStrong International,12,59
Letter to Mark Judge,12,59
Walton Family Foundation,12,58
Vote for Mari Barke,12,58
Supporters of America,12,58
Help America Dump Trump,12,58
Dianne Williams-Cox for City Commission Seat 5,12,58
Republican Party of Texas,12,56
Orange County Desal Coalition,12,51
MudbuM Supply Shack,12,25
Mike Kelly for Congress,12,24
"Arizona State Representative Regina E. Cobb, DDS",12,24
Aftab Pureval,12,24
Florida Citizens,11,85
Yale Program on Climate Change Communication,11,73
"Sanford Heisler Sharp, LLP",11,73
PubTalks with Eric & Dave,11,71
The Guide,11,62
Katie Porter,11,61
Sharon Hirsch for Texas HD 66,11,59
Yes She Can - 2018,11,57
Vera Institute of Justice,11,57
State Representative Hal Slager,11,57
Founder of the Day,11,57
Cheryl Baber,11,57
Center for Reproductive Rights,11,57
Shelby County Kentuckians for the Commonwealth - KFTC,11,56
Rick Neal for U.S. Congress,11,56
Madison Jobe Senior Center Pasadena TX,11,56
Zay for State Senate,11,55
Virtual Pace Series,11,55
Stock Market Monitor,11,55
Sculpt Sweat,11,55
BreakPoint,11,54
Store,11,53
No on Prop C,11,53
Just saying.,11,53
Jared Polis,11,53
"I Ain't Marching Anymore: Soldiers Who Dissent, 1754-2008",11,53
Don't believe the hype,11,53
Vote For A Better California,11,48
Healthy Montana Campaign,11,43
Jeff Van Drew: Protecting New Jersey,11,23
Elect Bret Roberts State Representative LD 11,11,22
Ben Toma,11,22
That's Just North Dakota,11,21
Resist Trump's agenda,10,340
Ro Khanna,10,201
Conversations with Bill Kristol,10,103
Your Energy,10,101
TrumpRussia2018 .com,10,88
Kibbe on Liberty,10,78
SupChina,10,77
U.S. National Committee for UN Women (USNC),10,76
Fipple,10,76
Jake Brown for Mesa,10,72
Crowdpac,10,59
Yes On 1631,10,52
VoteVets.org,10,52
Mary González,10,52
George Scott for Congress,10,52
"Educate Our Kids, We Are Grinnell",10,52
American Bridge,10,52
Wildplanetoutfitters.com,10,51
What a Hell of a Way to Die,10,51
Texas Climate News,10,51
Strong Towns,10,51
National Secure Storage,10,51
Issue One,10,51
Allied Progress,10,51
The Free to be Free Podcast,10,50
Keri Ingle for Missouri,10,50
Humanity for Progress,10,49
Catholics for America,10,49
Mary Geren for Congress,10,48
Financial Security Advisory For Tomorrow,10,48
Kathaleen Wall for TX,10,21
SDSU WEST,10,20
Trey Terry for State Representative,10,19
Environmental Voter Project,9,522
Americans for Farmers & Families,9,398
Andrew Gillum,9,109
Music for Resistance and Revolution,9,103
Plan International USA,9,74
Sarasota citizen Martin Hyde,9,66
Dep Nation Apparel,9,58
Buffy Wicks,9,54
Rainforest Action Network,9,51
International Christian Embassy Jerusalem - USA,9,48
Medi-Share,9,47
Tatiana Matta,9,46
Reto Accessories,9,46
Providing Hope Va,9,46
LibertyorDeath1775,9,46
FLAG  - Foundation for Liberty and American Greatness,9,46
Calandra Vargas for County Commissioner,9,46
Becket,9,46
Adam Pollack For Circuit Judge,9,46
She the People,9,45
Emily Sirota for House District 9,9,45
Dakota Meyer,9,45
NJ Kids and Families,9,44
Lauren A. Wright,9,44
Jerad Finck,9,44
Communist Party USA,9,44
Blue Wave Rising,9,44
Balanced News,9,44
Andy Vidak for Senate,9,44
The Wildcard,9,43
SubjectPolitics,9,43
Strong Community Schools - The Dalles,9,43
Steven Palazzo,9,43
Steve Huffman,9,43
Stephanie Gharakhanian For ACC,9,43
Seth Moulton,9,43
Rice Love,9,43
Mad Dog PAC,9,43
Donald Stuckey II for MI State Representative District 9,9,43
Brandon Peters for U.S. Congress,9,43
Lea Marquez Peterson for Congress,9,41
Chris Carr,9,27
Reel4TN,9,19
Christi Craddick,9,19
Anita For Arizona,9,19
Golden State Observer,8,1014
Politicon,8,206
Chris Murphy,8,109
Patriot Style,8,74
Debbie Wasserman Schultz,8,49
Trendchaser,8,48
Azula,8,43
ReformJudaism.org,8,42
John Sarbanes,8,42
Jeff Brandes,8,42
"Happily Outdoors, LLC.",8,42
Auto Wise,8,42
Paul G. Allen,8,41
Home Defense News,8,41
Flip It Blue,8,41
ConsumersTricks,8,41
Cesar Cisneros for President of the United States of America,8,41
Blloomigo,8,41
American Asset Protection Community,8,41
Oregon AFL-CIO,8,40
Linda Coleman,8,40
Ivory Ella,8,40
Steven Rosenbaum,8,39
Newman for Senate,8,39
Life Changing Videos,8,39
Joe Biden,8,39
Catherine Falk Organization,8,39
American Friends of Magen David Adom,8,39
All Above All Action,8,39
Conor Lamb,8,38
Barbara Lee Family Foundation,8,38
ACLU of Northern California,8,38
Jetties Bracelets,8,37
Americans for Prosperity - Colorado,8,37
New York Working Families Party,8,23
Rebecca Francik LD 16,8,16
Chase Kohne for Congress,8,16
Voz Boricua,8,15
Planned Parenthood Advocates of Wisconsin,8,15
Mary Kay Sigaty For State Senate,8,15
Kellyforld23,8,15
Jamie McLeod-Skinner for Oregon,8,15
March of Dimes,7,1021
Mike Levin,7,62
FinancialHealth.net,7,53
Team46,7,40
Public Service Proud,7,39
Sleep Out America,7,37
Mac Schneider,7,37
Deputy Sheriffs' Association of San Diego County,7,37
David Stringer,7,37
AffinityPages,7,37
Wolters Kluwer Tax & Accounting US,7,36
The Christian Broadcasting Network,7,36
Take Back California,7,36
Sector 7G,7,36
LidKings,7,36
Action.GOP,7,36
UPROXX,7,35
Parks Project,7,35
Movement Voter Project,7,35
Matt Morgan,7,35
Janet Garrett for Congress,7,35
Internet Forever,7,35
Elect Dave Wilson,7,35
Dystopian States,7,35
Conservative Investor Daily,7,35
Bill Essayli,7,35
Voters - Not Politicians,7,34
Upthevote901- Memphis/Shelby County Voter Collaborative,7,34
Trump Loves Me,7,34
Shawn Nelson for Congress,7,34
Protect 30,7,34
Odometer,7,34
Louisiana Lawsuit Abuse Watch,7,34
Justice Equality & Economics,7,34
I Need More Space,7,34
Block Bronx Bolshevik,7,34
The Tasteless Gentlemen,7,33
Save Native American Families,7,33
Patrick Windhorst for State Representative,7,33
Organization for Competitive Markets,7,33
McNally for Judge,7,33
John Kasich,7,33
Elect Tanisha Harris,7,33
Bill Schuette,7,29
James Thompson for Kansas,7,25
Orem Families for UVU,7,15
Mick Foley,7,13
Grow America's Infrastructure Now,7,13
Ambassador Delano Lewis,6,3026
Mi Familia Vota,6,303
Lessons from Military History,6,261
Voter Opinion Survey,6,103
Green Matters,6,86
Health Care Voter,6,55
Klean Kanteen,6,51
Ben & Jerry's,6,49
Link20: Act Up for Inclusion,6,41
Recova,6,40
Hillsdale College Online Courses,6,38
Public Safety for a Safer Santa Clara supporting John Hirokawa for Sheriff,6,37
Conservative Writers,6,36
Savage America,6,35
Agnook,6,35
Milo Schwab for Colorado,6,34
Dr. Robert Jeffress,6,33
Republicans for Ted Belleavoine,6,32
Opportunity First,6,32
Not A Nuisance,6,32
NextTribe,6,32
Evan Glass for Montgomery County Council,6,32
Elect Rich Cramsey,6,32
WARRIORS/Brock Turner for Prison,6,31
National Association for Gun Rights,6,31
NTK Network,6,30
Ken Montera for CU Regent At-Large,6,30
Hill Reporter,6,30
Gold Asset Information Group,6,30
Dr Mac MD,6,30
Anthony Bonna,6,30
Alex Cardenas - IID Director-Elect,6,30
State Representative Travis Cummings,6,29
Portfolio Books,6,29
Make Baseball Fun Again,6,29
Earth Clan,6,29
Scott R. Tipton,6,28
National Center for Transgender Equality,6,28
Gold Strategies For Americans,6,28
Bruce Johnson,6,28
Avanos Medical,6,28
Brandon Martin for Congress,6,26
One Nation,6,25
Linda Koop,6,24
Russian America TV,6,19
United Association,6,16
Colorado Values Project,6,16
Treasurer Michael Frerichs,6,12
State Farm,6,12
Shane Stolarczyk 4 Justice - Place 7,6,12
Oaklanders for Responsible Leadership,6,11
Support The 2nd Amendment,5,1241
Trump 2020,5,35
Support Our Schools,5,34
Nate McMurray for Congress,5,32
The Libertee Company,5,31
President Donald Trump Fan Club,5,31
UsAgainstAlzheimer’s,5,28
Connect Americans Now,5,28
Texas Nationalist Movement,5,27
Patriots Den,5,27
Ocean  Township Democrats,5,27
Makeamericatees,5,27
Cyndi Lauper,5,27
Clone Evolution,5,27
Unmmgh,5,26
Trading Tips,5,26
Recovery PAC,5,26
John Lorenzo for Rostraver TWP Commissioner,5,26
EveryDistrict,5,26
iAmerica Action,5,25
Physicians Committee for Responsible Medicine,5,25
OurStates,5,25
Normals Are Pissed,5,25
John McCann,5,25
Barrett Davie for Illinois Senate,5,25
American Heart Association - South Texas,5,25
Ryan Moran,5,24
Mississippi Development Authority,5,24
Invisible People,5,24
Andy Barr,5,24
Trump Rules,5,23
Tisha Black,5,23
Mobile DA,5,23
Mark Pinsley,5,23
Elk River Brand,5,23
Carlos Calleja,5,23
Annoying Orange President,5,23
RALI Nevada,5,13
American Academy of Ophthalmology PAC,5,12
Nathan Fletcher for County Supervisor 2018,5,10
Jimmy Lindblom,5,10
Gideon Oakes for District 30 Senator,5,9
Change vs. More of the Same,5,9
2atees1,4,195
Portside,4,75
Janet Mills,4,58
Personal Capital,4,29
Flood Control District,4,28
Debbie Stabenow,4,27
The Arc of the United States,4,26
Jess King for Congress,4,23
Protect Missouri Workers,4,22
Habit,4,22
The Federal Practice Group Worldwide Service,4,21
Stop Lago Verde Mine,4,21
News Procession,4,21
The Emporiyum,4,20
Protect the 2ND,4,20
Mary Jane Caylor for City Council,4,20
Dr. Josh Green for Lieutenant Governor,4,20
Citizen Ed,4,20
Cat Brooks For Oakland,4,20
Camaron Stevenson,4,20
Anna Caballero for Senate,4,20
The Republican Party of Riverside County-Official,4,19
PredictIt,4,19
Jason Hunt,4,19
James Ramos for Assembly,4,19
Americans for Prosperity - Louisiana,4,19
North Cook News,4,18
Matt Doell for State Representative,4,18
John Talley,4,18
Dustin Tanner for State Senate,4,18
Andy Manar,4,18
Kim Olson for Commissioner of Agriculture,4,17
Kate Brophy McGee - State Senate,4,17
Yahya Yuksel,4,16
Senator Marty Knollenberg,4,15
Shannon Latham,4,10
Just Fix Our Roads 2018- Prop 463,4,8
Gentner Drummond,4,8
Connor Caudill for IU Trustee,4,8
Joe Bisaccia for AZ,4,7
Gator PAC,4,7
Fred Costello For Congress,4,7
Kentucky Family Values,3,85
Askov Finlayson,3,63
South Florida Wildlands Association,3,51
Kathy Hoffman,3,36
Sam Bell,3,33
Andrew Yang for President 2020,3,33
Our Lady of Victory Homes of Charity,3,32
Ginger Garner for NC Senate,3,30
Lone Star Tribune,3,23
Utah Education Association,3,21
State Senator Yvanna Cancela,3,21
North Cal Wire,3,20
Senator Robert Nichols,3,18
Ron DiNicola for Congress,3,17
PRI's The World: Livable Planet,3,17
Mark Yarbrough for Mesa District 3,3,17
Kerri Evelyn Harris,3,17
Julie Grand for City Council,3,17
Joshua Svaty,3,17
Jacob Turk for Congress,3,17
Henry Gaudreau,3,17
HIAS,3,17
Game Alert,3,17
"Edward ""Eddie"" Neal For Supervisor",3,17
Donald Trump Dog Poop Bags,3,17
Torat Chayim,3,16
Sunlight Arizona,3,16
Sarcasm,3,16
Representative Ed Thompson,3,16
Open and Affirming Coalition UCC,3,16
Molle & Alice,3,16
Fight for Free Speech,3,16
ElyseRyan Jewelry,3,16
David Seman for Delegate,3,16
Central City News,3,16
Adam Milasincic for Texas State Representative,3,16
Texas Campaign for the Environment,3,15
Shareable,3,15
Rise California,3,15
Rhonda Cole Schandevel,3,15
Responsible First Step Newton,3,15
Partnership for Oregon Communities,3,15
Howard Slugh,3,15
Vote Bronsten Kossow,3,14
Suburban Virginia Republican Coalition,3,14
Sonoma Land Trust,3,14
Jumaane D. Williams,3,14
Jill Norgaard for AZ House,3,14
Elect Janice Assembly District 34,3,14
Chubb North America,3,14
Campus Vote Project,3,14
Bridget Ziegler,3,14
Alex Valdez for House District 5,3,14
UAW International Union,3,13
Ted Wheeler,3,13
Senator Dan Zumbach,3,13
"Philly Women Rally, Inc.",3,13
Perez For Judge,3,13
Kevin Powers,3,13
Janet Nguyen,3,13
James Linwood Schulman for Florida House,3,13
Giovanni Capriglione,3,13
Forest Fire Facts,3,13
Film Florida,3,13
Fatherly,3,13
Democrat Kathy Gillespie for 18th District - 2,3,13
Sam Jammal For Congress,3,12
Michael Allman,3,7
Invest in Education Arizona,3,7
Rocky Chavez,3,6
Re-Elect Dronenburg for Assessor/Recorder/County Clerk 2018,3,6
Nancy de Pastino for Montana House,3,6
Dave Ernst,3,6
Vote Koohan Paik-Mander,3,5
Right on Crime,3,5
Julie Brixie for State Rep,3,5
Fentrice For Florida House District 63,3,5
Colin Schmitt,3,5
Clarke Tucker for Congress,3,5
AFSCME Council 28 WFSE,3,5
Progress Michigan,2,299
Congressional Leadership Fund,2,51
Tim Greimel,2,20
Colin Allred,2,14
Early Ed,2,13
YOON,2,12
Word Brothel,2,12
Thomas P. DiNapoli,2,12
Stop Deceptive Amendments,2,12
Scary Mommy,2,12
NumbersUSA,2,12
National Horizon Action,2,12
LaunchGood,2,12
Kasey Reynolds for Chico City Council,2,12
Jennifer Hayden for Huntington Beach Schools,2,12
Jana Lynne Sanchez for US Congress,2,12
Housing For Everyone,2,12
Ditch the Estate Tax,2,12
Dana Young,2,12
Chuck Pollock for School Committee District 2,2,12
Theresa Stegman for Democratic Central Committee,2,11
"State Representative Shane Sandridge, House District 14",2,11
Sharen Wilson,2,11
New Yorkers Together,2,11
Merlin Klotz,2,11
Lettuce Wars  -  Guerras de Lechuga,2,11
JohnCheckforhouse,2,11
I Finally Quit,2,11
Humble Household,2,11
Gretchen Whitmer,2,11
Diane Franklin,2,11
Denyc Boles for HD 19,2,11
Defend Birth Control,2,11
Debbie Wood State Representative District 38,2,11
Working America,2,10
We Must Resist,2,10
Valerie Horsley for CT State Senate,2,10
Texas Citizens Coalition,2,10
Patients For Affordable Drugs Action,2,10
Nick DiCeglie,2,10
Kyle Mullica for House District 34,2,10
Josh Hawley,2,10
Chris Evans for Missouri District 9,2,10
Beatie for Colorado,2,10
Batman for Assembly,2,10
SUJO Home,2,9
Natalie Iwasa for Honolulu City Council,2,9
Mi AZ Campaign,2,9
Kevin Kensinger for Congress,2,9
Justice Brett Busby,2,9
Great Financial Workshops,2,9
D.J. Byrnes for Ohio House District 80,2,9
Curt Benson for Judge,2,9
Colorado Rural Electric Association,2,9
Brenda Gilmore for Senate District 19,2,9
Bill Lee,2,9
ANCA,2,9
We RISE for ROOSEVELT,2,8
Speak Up,2,8
Solar Rights Alliance,2,8
Shady Bill Schuette,2,8
Sean Patrick Maloney,2,8
Progress NC Votes,2,8
Press TV UK,2,8
Mariannette Miller-Meeks,2,8
Larry Hogan,2,8
Jason Rittereiser for Congress,2,8
Deb Fischer,2,8
CaringBridge,2,8
Captains for Clean Water,2,8
Alessandra Biaggi,2,8
Susie Lee,2,6
Michelle Deatrick,2,6
Tom Wolf,2,5
Terry Power for Florida House,2,5
Lisa Rodvien for County Council,2,5
Kansas Chamber PAC,2,5
DefendArizona,2,5
"Councilmember Tasha Boerner Horvath, Candidate for Assembly District 76",2,5
Colton Buckley,2,5
Beej Das for Congress,2,5
Yes On A - Missouri Freedom To Work,2,4
Republican Party of the United States Virgin Islands,2,4
Nuchhi for Delegate,2,4
No Labels Action,2,4
National Karate & Tae Kwon DO,2,4
Mik Chester for State Rep,2,4
Manka Dhingra,2,4
Madison County Republicans,2,4
Jeff Shipley,2,4
Brian Curran,2,4
Karen Katz For Judge,2,3
Florida Sunshine News,2,3
Delegate Maggie McIntosh,2,3
Boston Rescue Mission,2,3
Kyrsten Sinema,1,1068
Planned Parenthood Advocates of Michigan,1,269
Cort VanOstran for Congress,1,253
Alliance for a Better Minnesota,1,100
LCV Victory Fund,1,80
Dr Herbert Lee for 39th Congressional District,1,45
Mark Mantovani,1,35
Phil Weiser,1,27
Kulkarni for Congress,1,21
"Elizabeth Weight, Utah Representative",1,19
Elect Lori Saldaña for Supervisor,1,19
Jonathan Porter for Delegate,1,9
Diane Lewis,1,9
Build CT,1,9
Oregon Forests Forever,1,8
Who is the REAL John Brooks?,1,7
State Representative David Leland,1,7
Shelley Hurles for Walton Verona School Board of Education,1,7
"Scooter Park, State Representative District 65",1,7
Rev. Desmond Wallace - School Board District 14,1,7
Pennsylvania Chamber of Business and Industry,1,7
Opinion Research,1,7
McDonough for Judge,1,7
"Manuel ""Manny"" Perez for County Supervisor",1,7
Jim Ryan for State Representative,1,7
Jeff Pravato for Senate,1,7
Bali Necklaces,1,7
Alfred Twu for Berkeley City Council,1,7
Vote Tristen,1,6
Trey Caldwell,1,6
The Committee for Ranked Choice Voting,1,6
San Diego County Democratic Party,1,6
Rep. Lou Correa,1,6
Protect CA Health Care,1,6
No On AB 2107,1,6
Nathan Evershed for District Attorney,1,6
Katherine Cabaniss,1,6
Josh Kaul,1,6
Gabby Salinas for TN Senate- District 31,1,6
Fresno County Young Democrats,1,6
Fauzia4Corona-District4,1,6
E. Michael Isaak for Judge,1,6
Diane Seaman for Ky House,1,6
Committee to Elect Linda Leali for Circuit Court Judge,1,6
Christopher Turner for Alabama State House,1,6
Chris Paddie For Texas,1,6
Chad Stachowicz for NC Senate,1,6
California Republican Party,1,6
CLSA - California Life Sciences Association,1,6
Bob Casey,1,6
Vote4JohnOlsen,1,5
The Soldier Network,1,5
Stop Trial Lawyer Greed,1,5
Social Math® Initiative,1,5
Otha Thornton For Georgia State School Superintendent,1,5
New Mexico For Equine Rights & Open Government,1,5
Michela Skelton for the 50th,1,5
Matt Cartwright for U.S. Congress,1,5
Matt Baltsar for PA House,1,5
Mark Shelley for NC Senate,1,5
Judge Kenyon for Ontario County Court,1,5
Jesse Gabriel for Assembly,1,5
Frank LaRose,1,5
Fighting for our future,1,5
Faith Johnson For District Attorney,1,5
Dr. Jeff Colyer for Governor,1,5
David Chiu,1,5
Coqui Aqui,1,5
Citizen Kelly,1,5
Cindy Neighbor for Kansas,1,5
Bestsolarpowertoday,1,5
Aloyse Brown for County Mayor,1,5
30A,1,5
"Yes on Measure V, Vote Affordable San Jose",1,4
Trinity University,1,4
Steinberg for State Representative,1,4
State Representative McKenzie Cantrell,1,4
Stan May for State House,1,4
Solarrebatesloving,1,4
Scott Dianda,1,4
SEIU,1,4
Republican Committee of Lancaster County,1,4
"Political Action, DC37",1,4
Penny Newman for Riverside County Supervisor,1,4
My Brother Vinny,1,4
Laura Kelly,1,4
Kelso Longview Chamber of Commerce,1,4
Jim Grego,1,4
James Howard for Delegate,1,4
Ja'Mal Green,1,4
JP Kemp for Nevada Assembly District 13,1,4
Gaylon Kent For Congress,1,4
Friends of Jared Mead,1,4
Fight for $15,1,4
Equality Texas,1,4
Drew Buchanan,1,4
Danny Mackey for Howard County Board of Education,1,4
Corazon Coqui,1,4
Citizens Clean Elections Commission,1,4
Arizona List,1,4
Amy Scott Wasyluka for State Senate,1,4
Allison Gilman For Judge,1,4
Alexis Hansen,1,4
Zahra Karinshak,1,3
Washington Independents,1,3
The New Arab,1,3
State Representative Corey Harbison,1,3
Senator Joan Carter Conway,1,3
SEIU Healthcare Illinois & Indiana,1,3
Rep. Tom Reed,1,3
REVOLT TV,1,3
Progress Iowa,1,3
Pacific Sun Chronicle,1,3
No Nuke Bailout,1,3
Morgan Eaves for District 81 State Representative,1,3
Mike LiPetri for State Assembly,1,3
Mark Welker for Prosecutor,1,3
Mark Jennings WY State Representative House District 30,1,3
Maria Horn for State Representative,1,3
Lorie Zapf for City Council,1,3
Kirby Delauter,1,3
Kim Bost for NC House,1,3
Kansas Values Institute,1,3
Joe Lahiff for State Representative,1,3
Jeff Jackson,1,3
Jeff Irwin for State Senate,1,3
Future Generations Advocacy Project,1,3
Environment America Action Fund,1,3
Darrell Weaver for State Senate District 24,1,3
Dana Nessel for Michigan Attorney General,1,3
Clean Energy Jobs Ohio,1,3
Children's Action Alliance,1,3
Brian Mast,1,3
Todd Kaminsky,1,2
Taylor Sappington for State Representative,1,2
Steck for Assembly,1,2
Radical Kyrsten,1,2
National Security Action,1,2
Dave Yost,1,2
Choose God,1,2
Save Idaho Horse Racing,1,1
New Jersey Education Association,1,1
GOP,0,389192
NTD Television,0,14027
Truth Examiner,0,13507
Committee to Elect Elizabeth Allen for Municipal Judge,0,12987
New Mexico Political Journal,0,10989
Vote Christopher P Schoonover County Assessor,0,6993
New Mexico Local News,0,4995
John Bliss for Los Alamos County Council,0,3996
Cielo Heavenly Home Decor,0,2997
Blue Cross and Blue Shield of New Mexico,0,2997
Nuclear Hotseat,0,2980
Newsweek,0,2508
NTD News,0,2381
Moms Power Elections,0,2006
West Side Dems of Bernalillo Co.,0,1998
Two Broads Talking Politics Podcast,0,1998
Ryti 4 Council,0,1998
Retirement Taxes Today,0,1998
Medicare Supplement Plans,0,1998
Hilarious Texts,0,1998
Aubrey Dunn,0,1998
Accurate,0,1998
28th Amendment Foundation,0,1998
BLM Wild,0,1994
Daily Kos,0,1016
Zodiac Rules,0,999
United American Initiative,0,999
Thomas Salisbury for District Judge,0,999
Ten word story,0,999
Taos Community Foundation,0,999
Talk 1260 KTRC,0,999
Stewart for Sheriff,0,999
Somos Acción,0,999
Six word story,0,999
Santa Fe Council on International Relations,0,999
Rio Rancho Yoga,0,999
Rio Grande Foundation,0,999
Representative Jane E Powdrell-Culbert,0,999
Outlook New Mexico,0,999
OZY FEST,0,999
New Mexico Term Limits,0,999
New Mexico Rural Library Initiative,0,999
New Mexico Historic Sites,0,999
New Mexico Acequia Commission,0,999
NMPolitics.net,0,999
"Mizael ""Miz"" Carrera",0,999
Legacy Church,0,999
LavineLTCINS,0,999
Landslide Poilitical,0,999
John R. Chavez,0,999
Jo's Style,0,999
Jerry Partin for NMPRC,0,999
Halt Holtec,0,999
Guff,0,999
Guenevere McMahon,0,999
Get MAD with Mad Hildebrandt,0,999
Full Medicare,0,999
Frontline Source Group Oklahoma City,0,999
EpicLOL.com,0,999
Elect Donna Bevacqua-Young To District Court,0,999
Earth Care,0,999
Duke City Fix,0,999
Drilling Mora County,0,999
"Democratic Party of Lincoln County, New Mexico",0,999
Antoinette M Reyes for Doña Ana County Commissioner District 1,0,999
Anthony Allison for New Mexico,0,999
Alerta Política,0,999
Albuquerque Chapter of the Democratic Socialists of America,0,999
Alamosa Neighborhood Association,0,999
Ben L Hall for PRC,0,991
Mary Martinez White,0,988
Memes,0,750
Being Teen,0,611
Little Dictator Game,0,541
Zodiac Signs,0,500
Whisper,0,500
We Are Humanity,0,500
Virtual Strides,0,500
TopBuzz Advertising En,0,500
Opportunity PAC - Progressives Support Mike Eng,0,500
Make My Vote Matter,0,500
Intelligence is sexy,0,500
La Plata County Democrats,0,483
The Center for Sustainable Community,0,445
US-Mexico Border Energy,0,335
Stand with Parkland,0,282
Jonathan Nez for Navajo Nation President,0,281
Memes That Are Right,0,252
Tip Hero,0,250
The Magic Show,0,250
The Lipstick Lobby,0,250
Jack Murphy,0,250
Blue Future,0,250
24/7 Wall St.,0,250
OZY Future,0,231
Proud To Be A Republican,0,224
Doctor ASKY,0,200
Cemper Scott for Representative District 77,0,200
Our Tiny Shoppe,0,191
Save the Redwoods League,0,189
Family Protection Association,0,180
CANVAS Unplugged,0,180
Kiwi Report,0,170
Lalit mohan teespring,0,167
Funny Texts,0,167
BeAntiterrorist,0,167
350.org,0,167
Shireen for Congress,0,160
Bruce Rauner,0,143
Chris Pappas for Congress,0,142
Women's March El Paso,0,139
"Duncan Valley Electric Cooperative, Inc",0,139
Coverage of the Trump Presidency by The Epoch Times,0,132
Gavin Newsom,0,128
Cynthia Nixon for New York,0,128
Mixed Messages,0,125
WhyHunger,0,124
John W. Coleman II,0,112
Essure Birth Control Claim,0,111
Blue Lives Collection,0,111
Affordable Fashion,0,111
Mercy Corps,0,104
Slickview Studios,0,100
Be Conscious. Be Kind.,0,97
Decaying In The Void,0,92
President Trump Fans,0,91
Hanging With Trump,0,89
Utah Diné Bikéyah,0,88
Democrats.com,0,88
Law Business Mentors,0,82
Practical Water Solutions,0,80
Steve Sisolak,0,77
SpeakEasy Political,0,77
Save The Animals,0,77
Ranker,0,76
Repair Our Schools Now,0,74
OMGFacts,0,72
Vicente Reid for West McDowell Justice of the Peace,0,69
Rep. Lucille Roybal-Allard,0,67
Homemaking.com,0,67
Global Warming for Busy People,0,67
Committee for Justice,0,65
Family Guy: AFMG,0,62
Barbara Lee,0,62
ThoughtFull,0,60
Brady PAC,0,57
Society To End the Entitlement Mentality - STEEM,0,56
Veterans and Affordable Housing Act,0,54
Make America Kind Again,0,53
John Cook For County Judge,0,53
Proud American Patriots,0,52
Flip Wyoming,0,51
Sustainable Sippin’,0,48
Go Patriotic,0,48
Water Lifestyle Co.,0,47
Trends,0,46
Carlos Corral for District 1,0,45
My Gender Pride,0,43
Alamo Outdoor World,0,43
SAM - Serve America Movement,0,40
Mercy Home for Boys & Girls,0,40
Fight For Good,0,40
TaxAct,0,39
peacebuttons,0,38
Trade For America,0,38
Wild Horse Education,0,37
Política para mí,0,37
Concerned Veterans for America,0,36
Clean Energy Project,0,35
End Party Politics,0,34
Anybody seen my slippers ?,0,33
The #News,0,31
Fred Infortunio,0,31
Did I Offend You?,0,31
Count on Coal,0,31
Ammar Campa for Congress,0,31
Restore the Mississippi River Delta,0,29
Denton Progressives,0,29
Boog Highberger - State Representative,0,29
Military Spouse,0,28
Elaissia Sears for West Mesa Justice of the Peace,0,28
Divided We Stand,0,28
BankTEL Systems,0,28
Arizona Nature Conservancy,0,28
American Jewish World Service - AJWS,0,28
Occupy Dims,0,27
Marc Snyder for House District 18,0,27
Drew Daniels For Nebo School Board,0,27
Come Back Obama,0,27
The Buffalo Tree Festival,0,26
Mobile Conservative,0,26
Haoma Zartoshti Order,0,26
Everything Veterans Day,0,26
Climate Fest,0,26
BPA Family Network,0,26
ACT Foundation,0,26
Together We Thrive,0,25
Texas Civil Rights Project,0,25
Safe Horizon,0,25
"Important, Not Important",0,25
Fluxx Paradise,0,25
The Dean Obeidallah Show,0,24
Surviving Retirement,0,24
Lupe Valdez,0,24
"Bioceutica, LLC.",0,24
Top Secret Gadget,0,23
The World Is Crazy,0,23
Skylite Logistics LLC,0,23
Rocket Facts,0,23
Promote Oregon,0,23
Chuck Brannan for State Representative,0,23
Cathy Roes for PCSD6 Trustee,0,23
Business Forward,0,23
Bill O'Reilly -dot- Net,0,23
Political scrapbook,0,22
Jordan for Governor,0,22
Insurance Line One,0,22
Experience Grand Canyon,0,22
End the NRA,0,22
Elect Adam Alba to House District 18,0,22
AimsPoll,0,22
SplitMetrics,0,21
Factory for Innovative Policy Solutions,0,21
Scott Peters,0,20
Politrip,0,20
Irfan M Ibrahim 4 DuPage Forest Preserve commissioner,0,20
Fortress Credit Pro,0,20
Dann Clothing,0,20
Armor Concepts,0,20
American Clothing Co.,0,20
Liberal SpecialTees,0,19
Kathleen Clyde,0,19
"Jim Pikl for Justice, 5th Court of Appeals, Place 12",0,19
Heritage Africa Safaris,0,19
America First Action,0,19
Alaska Wilderness Action,0,19
AFSCME Retirees,0,19
The REAL Kanda Calef,0,18
MN350: Building a Climate Movement in Minnesota,0,18
Jason Knight for County Commissioner District 18,0,18
Huru International,0,18
Hughes For House,0,18
Ellis for Missouri 8th Congressional District,0,18
Cory Wolbach,0,18
Access Fund,0,18
SparkiCreative,0,17
NAACP Legal Defense Fund,0,17
Christian Democrats of America,0,17
Bill Cochran Real Estate,0,17
Advance California,0,17
350 Philadelphia,0,17
WorldLifestyle,0,16
We Built This,0,16
Vote With Me,0,16
Red Ink,0,16
Ploughshares Fund,0,16
Organizing for Action,0,16
Lyn Franks For State House,0,16
Janice Schakowsky,0,16
Independent Women's Voice,0,16
American Friends Service Committee,0,16
University of Virginia Press,0,15
The Policy Aide,0,15
Stop the wall,0,15
Steve Peterson,0,15
Placer Women Democrats,0,15
Matt Longjohn,0,15
Jewish Leadership Conference,0,15
I'm so weird,0,15
Heritage Wealth Planning,0,15
Columban Center for Advocacy and Outreach,0,15
Clowns Superpac,0,15
Bakersfield Chamber of Commerce Political Action Committee,0,15
American Freedom,0,15
Alton Wright,0,15
Theresa Gasper for Congress,0,14
The Patriot Center,0,14
Pope for HD65,0,14
PathWater,0,14
Open The Books,0,14
Mark Haase for Hennepin County Attorney,0,14
MagiQuiz,0,14
"Magellan Financial & Insurance Services, Inc",0,14
Liker,0,14
International Crane Foundation,0,14
Chris Baecker,0,14
Catskill/Palenville Toxic Landfill Experience,0,14
Capital Research Center,0,14
Background Check: Lee Zeldin,0,14
Aaron Matteson for Assembly AD22,0,14
We Make America,0,13
USA Proud Tees,0,13
The Freeing Energy Project,0,13
"Steve O'Dorisio, Adams County Commissioner",0,13
Roberto Sanchez Garcia for State House,0,13
Prescription Hope Inc.,0,13
Kastinovich,0,13
Justice Democrats,0,13
John Dishwasher,0,13
First Liberty,0,13
Eddie Zipperer,0,13
Diana Lawrence for State Assembly,0,13
Andrés Cano,0,13
Anatomically Correct,0,13
VICELAND,0,12
Sundberg4Supervisor,0,12
Solid Blue Strategies,0,12
Real Justice,0,12
Politicallyincorrecthumor.com,0,12
PSA Supply Co.,0,12
Newday Impact Investing,0,12
Linda Wade for Oklahoma SD 42,0,12
Libertarian Coalition,0,12
Law Offices of Miguel J. Cervantes/Alexa A. Hernandez Paralegal,0,12
Joe Webster for PA,0,12
Joanne Powell for Worcester County Clerk of Courts,0,12
Jen Jordan - GA State Senator District 6,0,12
James Smith,0,12
It Was My Turn: How I Lost And Why It's Your Fault,0,12
Hill for the Kansas 120th,0,12
Headline Shirts,0,12
Facing History and Ourselves,0,12
Emerson College Polling,0,12
Darwin Investing Network,0,12
Chrissy Houlahan,0,12
Caremob,0,12
Alt National Park Service,0,12
1stdog.net,0,12
大紀元&新唐人－舊金山（EpochTimes & NTDTV - San Francisco）,0,11
TruOcean,0,11
Topix Rewind,0,11
Speaking Fiction To Power,0,11
Rex for Manassas,0,11
Paul Mosley,0,11
Other Side of Texas,0,11
National Clean Energy Week,0,11
Mariana Boia,0,11
Maple Heights African American Gazette,0,11
Lt. Colonel Steve Fitzgerald - Ret.,0,11
John Carroll for Lumberton City Council Precinct 3,0,11
HesGotASecret,0,11
Go Africa Harlem,0,11
George Franklin,0,11
Essentially American,0,11
You Ready Grandma,0,10
Triangle Blade,0,10
SameSide,0,10
Not My NRA,0,10
Laura Sturgeon,0,10
Keep Natick Beautiful,0,10
Investing Shortcuts,0,10
Heavy Construction Academy,0,10
Gen FKD,0,10
FINCA,0,10
DuPage Libertarians,0,10
Connie Munk for Nevada Assembly District 4,0,10
Complete Credit Counselors,0,10
Center for Environmental Health,0,10
BLEND,0,10
Adan Gonzalez,0,10
Rob Brooks For Assembly,0,9
Population Connection,0,9
Nina Lee,0,9
Mary's Faith,0,9
"Marchon Tatmon, Mayor of Oakland 2018",0,9
Lion Studios,0,9
Kevin Price,0,9
Keep America Great Memes,0,9
Jena Griswold for Colorado,0,9
GreaterGood.org,0,9
Dugout,0,9
ClubResist,0,9
Civic Shout,0,9
Caracal Reports,0,9
Campaign Zero,0,9
BodyMind Science,0,9
Beverly Powell,0,9
BabyGaga,0,9
B12 Bombshells,0,9
American Resilience Initiative,0,9
America's Future Foundation,0,9
9/11 Truth Awareness Project,0,9
2018 Hot Deals,0,9
World Food Program USA,0,8
We Are Nazarene,0,8
"Walker Stapleton: Wasteful, Incompetent",0,8
Vote No on Janet Nguyen,0,8
UnCut Report,0,8
THE SPACE PAGE,0,8
"Race, Racism and the Law",0,8
ROUND PLUS SQUARE,0,8
PLUR TECH,0,8
Martha McSally,0,8
Lindsay James for Iowa House,0,8
Karen Mayne for Utah Senate 5,0,8
Jen Duff,0,8
Guardian Labs,0,8
Emma Pinter for Adams County Commissioner,0,8
Elect Will Chandler,0,8
Elect Republicans Everywhere,0,8
Anarchist Luke Tatum,0,8
American Independence,0,8
American Deep State Movie,0,8
AFGE,0,8
Tim's Timely Topics,0,7
T.J. Shope,0,7
RedefinED,0,7
Reaching the Summit: Coloradans for Mike Johnston,0,7
Radiolab,0,7
Political Laboratory,0,7
Peter G. Peterson Foundation,0,7
No Action No Peace,0,7
New York Bully Crew,0,7
My America,0,7
Make Change,0,7
Just Vote Colorado Election Protection,0,7
Jerry Taylor,0,7
Impeach Trump Run,0,7
Idiocracy News Media,0,7
Gregory Nesmith UNderdogStuff,0,7
Greg Abbott,0,7
G.W. Apparel,0,7
Financial Repair,0,7
Covenant House International,0,7
CMMB,0,7
CFT - California Federation of Teachers,0,7
Beto'ween,0,7
Aspiration,0,7
Arnold For Texas House 12,0,7
April Sither for Scarborough Board of Education,0,7
Angelpac,0,7
America First Policies,0,7
ASEC - African Sisters Education Collaborative,0,7
Your South Florida,0,6
Wisconsin Red to Blue,0,6
Vote Jessica Jordan And Riley Ormond For SOCIAL CONVENERS,0,6
Verl Farnsworth for Mesa City Council,0,6
United States Holocaust Memorial Museum,0,6
Say No to impeachment,0,6
Roaming Millennial Uncensored,0,6
Refi Marketplace,0,6
Premiere Collectibles,0,6
Pink Ribbon Army,0,6
Pantsuit Nation,0,6
Nallely C. Zehrbach,0,6
NOGU,0,6
Mostly Pillows,0,6
Michelle Malkin Investigates,0,6
Julie Willoughby for LD17,0,6
HomeGrown Tees,0,6
George Thomas Clark Page,0,6
Gates Foundation,0,6
Foto by Sara Napolitano,0,6
FinGlobal,0,6
Elect Bridgette M. Morgan For Judge,0,6
Educaid,0,6
Dr. Eliz Markowitz for Texas State Board of Education - D7,0,6
Dead & Company,0,6
D'Alessio Law Group,0,6
Connected Commerce Council,0,6
America Pride,0,6
African Wildlife Foundation,0,6
Vote New York State Senate,0,5
Unique Pockets,0,5
Top Conservative,0,5
The Straw Poll Report,0,5
The People For Bernie Sanders,0,5
The Help Center Finance,0,5
Supply Deco,0,5
Screen Rant,0,5
Ruben Colon for School Board,0,5
Rick Lax,0,5
Rescues Of America,0,5
Rednecknationco,0,5
Reason To Believe,0,5
Progressive Reality Check,0,5
PASA Primates: Pan African Sanctuary Alliance,0,5
Nate for State,0,5
Multiply Your Vote,0,5
Maya Wrap,0,5
LocalSaver,0,5
Lizzie Pannill Fletcher for Congress,0,5
Krystal Valdez for Ellis County Clerk,0,5
Jen Mangrum for NC Senate,0,5
Ikaika Hussey for the Honolulu City Council,0,5
Great Schools Now,0,5
Factinate,0,5
Elect Hof,0,5
Elect Garrick McFadden,0,5
Dr. Rollan Roberts II,0,5
DUH - Demand Universal Healthcare,0,5
Commemorate Number 45,0,5
Cindy Zeldin for Georgia,0,5
Caleb Howe,0,5
Blessapp,0,5
American Totem,0,5
American Greatness Apparel,0,5
American Chemistry,0,5
Adam Laxalt,0,5
West Davis Active Adult Community,0,4
Urban Intellectuals,0,4
The Pop Topic,0,4
The National Memo,0,4
The Muslims Are Coming,0,4
Texas Charter Schools Association,0,4
Terrible T-Shirt Store,0,4
Signs On The Cheap,0,4
Representative Dane Eagle,0,4
Penguin Kids,0,4
Paul Stoddard for State Representative: IL-70,0,4
OceanCleanup,0,4
National Women's Law Center,0,4
Mike Gierau,0,4
Mickie's Miracles,0,4
Melanie Nutter - 陸美蓮 - for BART Board,0,4
MedicareAdvantage.com,0,4
Love Drinking Beer,0,4
Jane Raybould,0,4
Harry He For Assembly 2018,0,4
Hanlon for Colorado,0,4
Garrett Riggio,0,4
Expanded Consciousness,0,4
Dr. Dale Coco,0,4
Cresent Hardy,0,4
Capitalism In Crisis,0,4
BuzzyShare,0,4
Birthright: A War Story,0,4
Arizona House Victory PAC,0,4
Alex Padilla,0,4
Addicted to Golf,0,4
Aaron Harris Sr.,0,4
realtor.com,0,3
Vote Jen Plumb,0,3
Veterans Campaign,0,3
Tony T. Smith for Nevada Assembly District 4,0,3
The Rick & Bubba Show,0,3
The Market Urbanism Report,0,3
Sunday Gover for Assembly,0,3
State Representative Jason Chipman,0,3
Silvio Palermo for Sheriff 2018,0,3
Rafael Perez for San Diego Community College Board 2018,0,3
Q wins,0,3
Omar Fateh for MN House 62A,0,3
Notorious Rbg - Protect Women Power,0,3
NoTaxForTracks,0,3
NYU Robert F. Wagner Graduate School of Public Service,0,3
Livingston County Progressives,0,3
Linda Gross for the Az House- LD8,0,3
Leslie Pico,0,3
Kanew for Congress,0,3
Josh Harder,0,3
John Carter,0,3
I Support Jeff Davis for SUHSD Board Trustee,0,3
Gary Siegwarth for IA Governor,0,3
Friends of Glenn Thompson - Team GT,0,3
For Our Future FL,0,3
Equality Florida Action PAC,0,3
Energy Justice For All,0,3
Dennis D Degenhardt for Assembly,0,3
Dan Kohl,0,3
Cracked.com,0,3
Change to Win,0,3
Candy Scratch,0,3
Bobby Dyer for Mayor,0,3
BioSpace,0,3
Ben Jealous,0,3
AARP Foundation,0,3
Vote Pinky Vargas,0,2
Vincent Goldsmith,0,2
Travis Allen,0,2
Tish James,0,2
TheRichest,0,2
The Story of Stuff Project,0,2
The Bad Seed,0,2
The Animal Pack,0,2
Teri Lyn Bernero,0,2
Support Our Firefighters PAC,0,2
Steve Farley,0,2
Star West Virtual Services,0,2
Save Your Home Now,0,2
Re-elect Assemblyman Ed Ra,0,2
Ray Guillory For Escambia County School Board District 2,0,2
PushBlack,0,2
Providence: A Journal of Christianity & American Foreign Policy,0,2
Progressive Zionists of the California Democratic Party,0,2
Paula for Kentucky Senate,0,2
Patrick McIntire for Senate District 11,0,2
Partnership for Texas,0,2
Our Lives Our Vote,0,2
Old Glory Apparel,0,2
Molly Neuman for Associate District Judge,0,2
Missouri National Education Association,0,2
Mike Hanna for State Representative,0,2
Middle Class Voices of Pennsylvania,0,2
Mayor Sam Abed,0,2
Marijuana Leadership Campaign,0,2
Make Tee Great Again,0,2
Maine Conservation Voters Action Fund,0,2
Lmao Mommy,0,2
Levi's,0,2
Legal Aid for Survivors of Sexual Assault - LASSA,0,2
Laci LeBlanc for Catawba County Commissioner,0,2
Kennett Democrats,0,2
Kathleen Rice,0,2
Jonathan Boos for State Representative,0,2
Joanne Osborne for AZ House,0,2
Jenny Hill for School Board District 6,0,2
Jennifer Santana for Water Board,0,2
Jay Bush,0,2
Jason Harris For House District 27,0,2
Helen Probst Mills,0,2
Gunnigle for State House LD15,0,2
Go Green Save Green,0,2
Gary Broderick for School Board Member,0,2
Friends of Gail Bates,0,2
Friends of Allan Hancock College - Yes on Measure Y,0,2
Freedom Club,0,2
Everytown for Lucy McBath,0,2
Elect Marcia Morgan,0,2
David Dambroso,0,2
Cynthia Kaump for WI State Treasurer,0,2
Craig Christenson for Alaska House District 13,0,2
Colorado Liberty PAC,0,2
Civil Justice Association of California,0,2
Chris Elliott for State Senate,0,2
Campbell For NC Senate,0,2
Bold Nebraska,0,2
Bobby Kuppers for NC Senate,0,2
Better Off Red Podcast,0,2
Aurelio Mattucci For Torrance City Council,0,2
Alice Cain For Delegate,0,2
Alex Villanueva,0,2
Yes to SF Teachers,0,1
World Relief,0,1
Vote Matt Coleman - TN GOP Executive Committee #6,0,1
Tom Suozzi,0,1
The Flyover Press,0,1
Sandra Kennedy,0,1
Sabrina Cervantes,0,1
SC Club for Growth,0,1
No Prop 8 - Stop the Dangerous Dialysis Prop,0,1
NRA Institute for Legislative Action,0,1
Maine Center for Economic Policy,0,1
Jamie Smith,0,1
JD Wooten for NC Senate,0,1
Heartland Gazette,0,1
Dr. Letitia Plummer,0,1
Colorado Democratic Party,0,1
Clean Natural Gas,0,1
Vote Yes for Galgiani,0,0
Vivianne del Rio,0,0
Virginia Hospital & Healthcare Association,0,0
Tiffany Shedd,0,0
State Representative Tim Wadsworth,0,0
Scott Wagner,0,0
Ron Kind,0,0
Rep. Neal Collins,0,0
Re-Elect Rep. Dickie Drake,0,0
Raising Colorado,0,0
Protect Our Workers' Earned Retirement Coalition,0,0
National Shooting Sports Foundation | NSSF,0,0
Mike Sparks for Alabama State Senate,0,0
Maryland House DEMs,0,0
John Knight for Alabama Senate District 26,0,0
Jack Rushing for Sheriff,0,0
Grunt Style,0,0
Greg Waring,0,0
Facebook,0,0
Energy Bill Cruncher,0,0
Elect Ben Fu,0,0
Dr. Brent Moody for State Representative,0,0
Derek Kent,0,0
Coloradans for Fairness,0,0
