Jay Gonzalez,11229418,35026394
Coalition to Protect Patient Safety,5097805,11575989
Josh Zakim,3815000,9773880
John Kingston,3566932,10578343
Freedom for All Massachusetts,3441866,9133716
Elizabeth Warren,2185309,8073936
Ed Markey,1833000,4430579
Safe Patient Limits Save Lives,1730949,3847715
Geoff Diehl,1505078,4377865
Greg Henning,1448000,3364969
Ayanna Pressley,1423994,4847531
Rick Green,1279469,4400712
Bob Massie for Governor,1257435,2922295
Make Healthcare Affordable Coalition,909022,4095079
Solar Energy Today,861161,2984478
Joe Kennedy III,860359,2493520
Donna Patalano,859000,2098956
Eastern Bank,837442,1922056
Indivisible Guide,826449,2335528
Jeff Ballinger for Congress,714698,1568809
Raise Up Massachusetts,664000,2111808
A Hopeful America,661000,1976830
Massachusetts Coalition for Sustainable Energy,610000,1249996
My Pay My Say,598673,1563320
Massachusetts Fiscal Alliance,541000,1324984
Bay State Opinion Research,373000,1227943
Beej Das for Congress,371067,1498638
Mayflower Polling Group,330000,1116960
Deb Goldberg,323353,1587728
Dan Shores for Attorney General of Massachusetts,264000,668976
NARAL Pro-Choice Massachusetts,254000,1834119
Jimmy Tingle,250771,1077179
Marian Ryan,242000,582987
Patrick Kearney,233920,754563
NRDC,228453,527724
Human Rights Campaign,224465,815516
CREDO Energy,215000,563383
Lori For US Congress,212469,457107
ELM Action Fund,210998,777841
WorkingNation,200000,499999
Karyn Polito,200000,499999
Hildreth Institute Action Fund,194981,659950
Linda Champion,181931,432831
Barry Finegold for State Senate,174753,665722
Maura Healey,173573,1136829
Nick Carter for Governor's Council,172000,529988
Amaad Rivera For State Senate,162955,508744
Professional Fire Fighters of Massachusetts (PFFM),150874,306736
Sean Garballey,139385,501904
Barbara L'Italien,135722,511002
Jo Comerford for State Senate,128000,427955
Citizens for Responsible Energy Solutions,128000,334982
Boston Climate Action Network,124706,536783
Seth Moulton,116114,385560
Frank Durant for Bristol County,115000,403931
Quentin Palfrey,111000,376980
Richard Neal,110000,249998
John Flores for State Senate,106000,366990
John MacDonald for State Senate,104891,650599
Think Blue Massachusetts,100000,199999
John Legend,100000,199999
National Taxpayers Union,98911,462547
Sierra Club,98900,203239
The Alliance for Solar Choice,94611,428028
Americans for Peace and Tolerance,93209,410141
Peter Tedeschi for Congress,92548,293363
Auditor Suzanne Bump,90661,457389
United Steelworkers,87972,176748
NEA Today,83116,217479
Jim Welch for State Senate,83000,250987
War Against Racism,79681,199203
Pina Prinzivalli for State Representative,76000,316968
Blake Rubin For District Attorney,75998,261977
Joe Armstrong for State Representative,73000,272960
District Attorney Tim Cruz,72978,154884
Global Warming Solutions,72000,301956
Kevin Kuros,71839,315708
Natalie Blais for MA State Representative - 1st Franklin District,68738,299459
Committee to Elect Tom Merolli For State Senator,67893,242424
Beth Lindstrom for U.S. Senate,66924,305503
Jim McGovern,65969,306825
NRATV,64290,160333
Andrea Harrington,64035,283562
Christina Minicucci for State Representative,64000,290988
Representative Jeffrey Sánchez,62000,286984
Bopha Malone for Congress,61894,309460
Diana DiZoglio,61000,245990
Jobs First IE PAC,60990,246956
DoSomething.org,60309,151615
Joseph Schneider for Congress,60000,149998
4ocean,59976,133964
Matthew Cohen for State Representative,58999,221964
Daniel Fishman for Auditor,58866,130659
Alex Mendez for State Senate,57962,250763
Rich Haggerty for State Representative,56997,264953
Sarah Hewins,56000,210967
UMass Lowell Union of Adjunct Faculty (UAF/UAW),55454,233284
Fan Freedom,53000,234991
William Sweeney for State Representative,52000,264988
Beto O'Rourke,51865,116410
Gerly Adrien for Everett,51000,232956
AARP MA,51000,224993
ELM Action Fund Independent Expenditure Political Action Committee,51000,107995
Patients For Affordable Drugs Action,50000,219994
Ted Steinberg for State Representative,50000,205988
Sara-Lynn Reynolds for State Rep.,50000,193980
NRG Energy,50000,99999
Shannon McAuliffe For DA,49938,258641
Boston Public Library,49063,206175
Environmental Voter Project,48935,316008
State Representative Michael Day,46956,212663
Jay McMahon for Massachusetts Attorney General,46906,220523
EduMom,45953,193725
Sue Chalifoux Zephir for State Senate,45000,179994
Sam Meas for State Representative,43435,162151
"Massachusetts Gun Rights, Inc.",43000,185991
Support the Marlborough Airport Redevelopment Project,42000,210993
Will Brownsberger,41956,155761
Dan Koh,41780,236249
Tom Steyer,41726,145172
AirbnbWATCH,39982,155897
Planned Parenthood,39075,99144
Denise Garlick State Representative,38000,114991
Katherine Clark,37000,170993
Mike Soter for State Representative,36972,141771
Kate Albright-Hanna for State Rep,36947,170728
Marjorie Decker,36675,169386
Pharmacists United for Truth and Transparency,35000,159996
Marie McCourt for State Representative,35000,149977
David Biele for State Representative,33998,140979
Patients for Prescription Access,33000,167991
Elect Ivette Hernandez,33000,135992
John Bradley For Plymouth County District Attorney,32959,136695
Sam for MA Senate,32000,137968
Donald J. Trump,31976,233430
Representative Kate D. Campanale,31105,127514
Dan Carey for State Representative,31000,125985
Mass Sierra Club,30000,149997
Vote David Steinhof for State Representative,30000,138853
Florida Citizens,29936,195828
Mike Armano for State Senate,29000,133944
ACLU,28941,80961
Matt Rusteika for State Representative,28511,123599
John F. Kennedy Presidential Library and Museum,28203,142288
Solar Rebate,28014,100041
Michelle Ciccolo for State Rep,28000,262781
Patagonia,26665,118667
PragerU,26478,57813
Sandy Hook Promise,26200,64541
Allin Frawley For State Representative,26000,119973
Fix Politics Now,25641,124140
Paul Caccaviello,25425,84547
Shaun King,25274,101928
Toxics Action Center,24891,109450
Responsible First Step Newton,24882,111449
Boston Children's Hospital,24509,49018
Tommy Vitolo for State Representative,24098,106053
"John Hine, State Rep - 2nd  Hampshire",23797,141840
Moms for Massie,23000,54993
Patrick O'Connor,22000,136895
Ruby Rose Fox,22000,110995
Sean Costello for State Representative,22000,82992
Ryan Chamberland for State Representative,22000,53990
Mike Maloney for Suffolk County District Attorney,21999,93969
Juana Matias,21000,105996
Benjamin Bloomenthal for State Representative,21000,75995
Dr. Katie McBrine for State Senate,20990,123789
"New England, New Energy",20893,137700
No to Northern Pass,20650,43306
Boston Rescue Mission,20280,72007
Greg Eaton For State Representative,20000,123956
The Committee to Elect Anne Landry,20000,109970
Byron Rushing,20000,99998
Bourne Residents for Small Business,20000,99998
Joe Early Jr for District Attorney,19996,87971
Coalition for Strong Community Hospitals,19955,99772
Helen Brady for State Auditor,19000,86987
Jacob Ventura for State Senate 2018,19000,79994
Christopher Voehl for Congress,18000,75994
Mayor Brian Arrigo,18000,44994
MoveOn,17392,82660
Massachusetts Right to Repair Coalition,17000,71994
Liz Miranda,17000,70995
Bridgewater Savings,16997,69980
Alexandra Chandler for Congress,16982,70945
Bill Cimbrelo for Congress,16949,55735
International Rescue Committee,16893,38315
Voter Choice Massachusetts,16877,77349
Cape Cod Women for Change,16814,97934
Kamala Harris,16514,73331
Alex Bezanson for State Representative,16000,83980
Carole Fiola,16000,69983
Clean Water Action Massachusetts,16000,65996
Judy O'Connell - Candidate for State Representative - 19th Middlesex,16000,64997
Joe Espinola For State Senate,16000,57984
Liberty Justice Center,16000,51990
Pioneer Institute for Public Policy Research,15998,64987
Senator Adam Hinds,15775,64542
Be A Hero,15039,46305
Pat Malone for State Rep,15000,63949
Ocean City Development LLC,15000,59998
No Tax Solutions,15000,59998
Kristen Mobilia for Boston City Council - District 8,15000,59998
Energy Bill Cruncher,15000,59998
Opt Out Newton,15000,46991
We the People Sounding Board,15000,44993
Edward M. Kennedy Institute for the US Senate,14991,59954
Vincent for Boston,14915,68595
Swing Left,14356,58658
Joanne Powell for Worcester County Clerk of Courts,14000,77987
State Representative Joe McGonagle,14000,65832
"Scott Wood, Jr. Haverhill School Committee",14000,44989
Feng Shui Sushi & Dumplings,14000,41992
Richard Howe,13999,39992
Segun Idowu,13995,64957
Elect Paul J. Fullen,13971,59842
Joe Truschelli,13961,44888
Mark Kratman for State Representative,13907,71527
T. George Davis for Clerk of Courts,13790,87589
WERS 88.9FM,13759,76438
NowThis Politics,13578,28905
Senator Paul Feeney,13527,100263
The Young Turks,13370,36720
The Daily Show,13049,28504
Massachusetts Workplace Anti-Bullying Healthy Workplace Bill,13000,65995
Drew Russo for State Representative,13000,65995
Amherst College Conferences and Special Events,13000,64996
FLAP TV,13000,64987
Joe Lahiff for State Representative,13000,36993
Nurx,12493,29837
Patrick Casey for State Representative,12181,36357
New Hampshire Democratic Party,12067,52730
Paul DePalo,12000,67958
Nathaniel Waring for State Representative,11997,46985
Senator Dean A. Tran,11740,59697
Freedom for All Americans,11187,56932
Patriotic Drop Shop,11181,24743
National Republican Congressional Committee,11161,43815
ExxonMobil,11034,23589
State Representative Will Crocker,11000,62981
Colleen Garry,11000,58985
David Cormier for Register of Deeds,11000,56996
Up To Boston,11000,54998
John Mahoney for State Representative,11000,54998
JVS Boston,11000,54998
Casey Pease for State Representative,11000,54998
Elect Kathy LaNatra for State Rep,10981,39899
American AF,10888,30053
Fahrenheit 11/9,10869,58898
Allison Werder for State Representative,10746,44612
"Lindsay Sabadosa for State Representative, 1st Hampshire",10714,40278
America's Navy,10605,26279
PETA (People for the Ethical Treatment of Animals),10441,23186
Terry Ryan for State Senate,10347,53711
Maurahealey.exposed,10000,74924
Nika Elugardo for State Representative,10000,52996
Matt Roland for Southampton Select Board,10000,51988
We the People Massachusetts,10000,49999
"Veterans Benefits Administration (VBA), U.S. Department of Veterans Affairs",10000,49999
Turtleboy Sports Returns,10000,49999
The BeatHeart Foundation,10000,49999
Stephen F. Lynch,10000,49999
South Shore Democratic Caucus,10000,49999
South End Soccer,10000,49999
Renew MA Coalition,10000,49999
Mothers Out Front - Jamaica Plain,10000,49999
Massachusetts Citizens For Life,10000,49999
Keep My Rx,10000,49999
Jon Santiago,10000,49999
Paul Heroux,10000,35993
Patients Rising Now,10000,34994
Marc Lombardo,10000,19998
MIRA: Massachusetts Immigrant & Refugee Advocacy Coalition,9994,35963
Margaret Busse,9975,49874
FedScoop,9818,19635
ReElect Atty M. Paul Iannuccillo Register of Deeds,9766,48827
Heywood Hospital,9752,19503
Dissent Pins,9704,26332
The Brad Chadford Show,9659,22316
Finance Watchdogs,9482,21275
John Legere,9469,23328
Steve Negron for Congress,9240,41301
"I'll go ahead and keep my guns, Thanks",9067,18939
Chris Harris Presents / Gay Mafia Boston,9014,45067
NRA - National Rifle Association of America,9008,19578
Sabrina Heisey for State Rep,9000,59976
Kinnon For Malden,9000,55980
PHENOM (Public Higher Education Network of Massachusetts),9000,32992
Maria Robinson for State Representative,9000,29995
"Christine Doktor for MA State Representative, 1st Franklin District",9000,29995
Yes for Belmont,8999,51979
"Diana Szynal for State Representative, 1st Hampshire District",8854,49255
Everytown for Gun Safety,8762,22277
Oz Griebel,8081,16343
Kency Gilet,8000,48983
Rep. Nick Boldyga,8000,42989
Rep Bill Straus,8000,41990
Bernie Sanders,7960,19595
Civiqs,7958,16432
Drinkwater for State Senate,7918,27535
Concealed Online,7807,25881
HRC New England,7786,25925
Live Nation Concerts,7579,16620
Farnum,7480,37399
Keiko Orrall for State Treasurer,7114,21603
Mary Kate Feeney for State Representative,7000,48979
Jared Valanzola for Selectman,7000,22994
"Allin Frawley, Middleboro Selectman",7000,21995
Science for Humans and Freedom Institute,6874,27788
Erin Buckley for State Representative,6863,19314
Oxfam,6780,37550
Hernandez for Congress,6697,21059
Live Action,6688,13403
Taxotere Lawsuit Information,6605,14903
Allison Gustavson for State Representative,6527,19811
The People For Bernie Sanders,6510,16426
Ben Shapiro,6309,15044
PrintedKicks,6245,14424
VoteTogether,6143,20002
Musa-Obregon & Associates NYC Criminal & Immigration Lawyers,6049,12098
Nantucket Coastal Conservancy,6000,74949
Francia Wisnewski for 1st Franklin District State Representative,6000,32991
Steven Hall for MA State Senate,6000,16996
Belchertown News,6000,16996
John Page for Amherst Town Council: District 3,6000,15997
Defend Our Constitution,6000,14998
Alexandria Ocasio-Cortez,5980,17716
Tony Evers,5971,16195
Reason To Believe,5955,29786
"Northeast Law Group, LLC",5951,14900
Demand Justice,5873,15221
I Am An Immigrant,5805,13967
Turning Point USA,5736,12824
EMILY's List,5715,17181
Conservation Law Foundation,5711,17808
Convention of States,5612,11287
Working Maine,5609,11218
Stephanie Smith Music,5578,13944
Ryan Hampton,5554,12461
End Citizens United,5532,15573
Save Animals Facing Extinction,5527,13281
Andrew Janz,5471,20900
Oceana,5385,15041
Merrimack College,5212,13030
Rodney Elliott for State Senate,5150,25741
Environmental Defense Fund,5079,17503
United States Constitution,5016,14112
Deb Rudolf,5000,29990
Charlie Morano for Clerk of Courts,5000,27992
Lavoie For Councilor At Large,5000,26993
Committee To Elect Mike Gatlin,5000,26993
Ray Henningson for Brockton City Council,5000,25994
Dan Rizzo for Revere,5000,24995
Wolf-PAC Massachusetts,5000,10998
Improving Andover,5000,10998
Chelsea Kline for State Senate,5000,10998
Will Reichelt for Mayor of West Springfield,5000,9999
VoteKathyLynch,5000,9999
Somerville News Weekly,5000,9999
Old Sturbridge Village,5000,9999
New England Regional Council of Carpenters,5000,9999
Neponset River Watershed Association,5000,9999
Medigap.com,5000,9999
Harvard Book Store,5000,9999
Community Labor United,5000,9999
Steve Connor for State Senate,4995,25970
Vote for Madhavi,4977,28878
Democrats,4948,16116
Danny O'Connor for Congress,4886,14867
The Arena,4866,11734
Circa,4855,18399
Defenders of Wildlife,4853,10781
Nuclear Energy Institute,4852,12129
Center for Biological Diversity,4845,10447
Penzeys Spices,4819,11072
All of Us New England,4779,9558
Hildreth Institute,4747,9493
League of Women Voters of Andover/North Andover,4646,24044
The Heart of Nuba,4635,9269
Gareth Rhodes for Congress,4486,8977
Newton Residents for Fairness,4468,13892
Omaze,4460,9765
UAW International Union,4023,16754
The Jim Jefferies Show,4022,11652
NextGen New Hampshire,4016,20079
Sam MacLeod for Amherst Town Council,4000,29986
Darryn Remillard for State Representative,4000,24991
Committee to Elect Alison Demong,4000,24991
Jake Auchincloss,4000,23992
Evan Ross for Town Council,4000,22993
State Senator Mike Barrett,4000,20995
Julie Hall,4000,20995
"Tami Gouveia for State Representative, 14th Middlesex",3999,31978
Outvote,3999,19990
Maura Sullivan for NH,3994,13681
Smarter Housing for Cape Codders,3973,22849
The Live Free or Die Alliance,3934,19672
NowThis,3900,9692
The Wilderness Society,3894,9882
Security Finance Initiative,3783,9732
Charlie Kirk,3694,8231
Melanie4NHSenate,3681,15323
Monterey Bay Aquarium,3553,8882
Kirsten Gillibrand,3523,12740
We The People Holsters,3511,7898
Hello Resistance,3494,7010
Amnesty International USA,3405,12962
Friends of the Earth U.S.,3363,11375
Smart Cities Prevail,3326,9314
SEIU,3255,6596
NRDC Action Fund,3244,10532
Clarion Project,3200,8144
FCTRY,3117,9235
Patricia Morgan,3109,8469
Airbnb,3059,6119
Human Life Action,3041,7602
Life Changing Videos,3036,8003
Don Turner Jr. for VT Lieutenant Governor,3034,12269
45 Hats,3010,13369
Chris Tribou for State Representative,3000,25986
Mary Ann Stewart for State Representative,3000,21928
Worcester Democratic City Committee,3000,15996
Jonathan Edwards for State Representative,3000,14997
Sand Cloud,2982,9275
Print For Progress,2935,14726
"Rodneyse Bichotte, New York State Assembly",2897,14487
Dakota Meyer,2866,5773
Donald J. Trump - Keep America Great,2853,7133
Retired Republicans,2792,6687
Peter G. Peterson Foundation,2790,13948
Weird History,2764,6585
Senate Majority PAC,2762,5523
"Martha Marx For CT State Senate, District 20",2752,6246
Fed of American Hospitals,2716,13690
Patriot Depot,2694,6681
Chris Murphy,2673,6432
National Domestic Workers Alliance,2661,7503
Jeff Merkley,2660,13509
NRSC,2614,7842
Paramount Network,2586,5173
Disability Over 50,2579,6447
March For Our Lives: Boston,2561,5122
Veteran Loans Online,2533,6333
Conservative Gear,2520,8811
The Young Jurks,2503,12510
Greenpeace USA,2498,9879
theSkimm,2485,4969
AIPAC,2434,7606
charity: water,2421,4843
Global Trade Watch,2334,4711
Steve Marchand,2322,5430
BOLD PAC,2320,4703
When Democrats Turn Out,2307,4613
Proud Right Winger,2304,7733
CRTV Tonight with Gavin McInnes,2291,5680
Spectrum News Capital Region,2271,10506
Greg Palast,2257,4514
National Democratic Redistricting Committee,2235,7458
Karen Katz For Judge,2225,4450
Energy Citizens,2216,10380
Energy Transfer,2210,5524
Sean Patrick Maloney,2199,5964
Home Ownership Matters,2184,4368
LifeDaily,2179,5959
Independent Voter,2155,10890
Recirculating Farms Coalition,2150,4300
Chad Benson Show,2148,4480
National Park Foundation,2138,5428
Abdul El-Sayed,2115,6916
Chuck Massahos for Rockingham County Sheriff,2108,7053
GraniteGrok,2056,10277
Teamsters Joint Council 10,2048,13698
Barbara Lee Family Foundation,2048,11235
Romper,2033,4065
Parks Project,2022,4232
PolicyEd,2012,4406
Comedy Central,2011,4022
Dianna Ploss,2000,40850
Massachusetts Voters for Animals,2000,22985
News Break,2000,16991
Rachael Rollins for Suffolk County District Attorney,2000,15992
Emily Farrer for State Representative,2000,14993
Ed O'Connell for State Representative,2000,13994
Data for Donkeys,2000,13994
Steve Ultrino for State Representative,2000,12995
Diana Holmes City Councilor Ward 6,2000,12995
State Representative Natalie Higgins,2000,11996
"Mindy Domb for MA State Representative, 3rd Hampshire District",2000,11996
Support Cheshire Solar Energy,2000,10997
Win Farwell - Brockton City Councilor at Large,2000,9998
Vote 4 Vic : Amherst Town Council District 2,2000,9998
UUSC: Unitarian Universalist Service Committee,2000,9998
Students For Liberty,2000,9998
Stand UP for Brockton,2000,9998
SEIU Local 888,2000,9998
Regulate Cape Cod,2000,9998
Progressive Needham,2000,9998
Mercier for Governor's Councillor,2000,9998
Matthew P. Crescenzo for State Representative,2000,9998
Kristen Arute for State Representative,2000,9998
Jeff Roy for State Rep,2000,9998
"David J. Murphy, Candidate for State Senate, Hampshire,Franklin & Worcester",2000,9998
Dave Robertson for State Rep,2000,9998
The American Promise,2000,9997
Mike Mullen,1994,12902
Rebuilding America Now,1970,5260
Health Care Workers Rising MA,1959,9794
Elect Elmer Eubanks Archbold State Rep,1954,9767
Brad Hill,1943,9711
Pela Case,1926,4851
Cheddar,1911,3823
Better Medicare Alliance,1893,3855
Heidi Heitkamp,1889,9004
Boredom Therapy,1879,5777
Democratic Climate Action,1845,5715
Celebrity Voice Changer,1843,4029
Stand Up America,1841,21578
Nine Line Apparel,1841,6982
Let Us Vote For A Balanced Budget Amendment Citizen's Campaign,1836,4646
Environmental Working Group,1834,8116
Newton for Fair Process,1814,14061
ClearPath Action Fund,1789,4836
League of Conservation Voters,1786,3645
Ocean Conservancy,1775,22542
LemonyTree,1726,3481
The Western Journal,1724,5165
DiversityInc,1686,4767
Link TV,1665,3330
Union of Concerned Scientists,1657,4253
Bench.co,1649,3298
Florida Democratic Party,1639,3598
Claire McCaskill,1638,5533
Democratic Governors Association (DGA),1624,6548
All Def Nation,1608,3215
Mercy For Animals,1600,6505
Breaking Big,1592,5435
Make America Great Again - Republican,1577,7937
The Lone Liberal Republican,1573,7152
Human Coalition,1534,4369
ASMDSS,1528,3856
Senator Dave Valesky,1514,3040
Dr. Tom Sherman,1513,7577
Topic,1501,5037
Gates Foundation,1484,7416
Levi Sanders for Congress NH-1,1480,7397
Young America's Foundation,1444,3548
Pfizer,1442,3914
"Something has to change, and NOW",1429,2858
Shield Republic,1412,4156
FreedomWorks,1380,3358
Department of Homeland Security,1379,2758
Wholesome Culture,1365,3790
Animal Matters,1332,5266
NARAL Pro-Choice America,1328,8831
Conservation International,1299,2917
"Barry Newcomb for Sheriff of Rockingham County, NH",1288,6333
The Brookings Institution,1250,3798
Share Better,1241,6207
Meraki Journey,1240,2479
Democratic Party,1209,131530
Free Together,1190,2844
FreightWaves,1189,2812
Stand for the 2nd Amendment,1188,4466
Republicans for the Rule of Law,1185,4795
Association for Accessible Medicines,1183,8362
Kevin Lembo,1172,2344
Tim Ryan,1139,2277
Hollis NH Democrats,1131,6248
Bill Nelson,1120,4462
Giffords,1114,7959
America with Eric Bolling,1110,3744
Make Comedy Great Again,1091,4965
American History TV,1075,2772
Americans for Prosperity,1063,2414
Bluestem Kansas,1053,2107
Winning For Women,1050,4022
Mindi for Congress,1047,5131
Charity Mobile,1040,2080
Eric Brakey for U.S. Senate,1035,5173
Humane Society International,1026,2552
News Procession,1023,5116
Project ChildSafe,1020,2041
NAACP Legal Defense Fund,1016,6088
Public Citizen,1016,2032
Armed American Supply,1015,8207
MedicareAdvantage.com,1012,5072
Home Professionals,1000,31972
Relay Power,1000,26975
Jack Patrick Lewis,1000,18985
The Franklin Democratic Town Committee,1000,17986
NTD Life,1000,13241
Elect 435,1000,9994
Salem Democrats,1000,8995
Procon USA LAW,1000,8995
Rep. Jack Patrick Lewis,1000,8959
State Representative Tim Whelan,1000,7996
Charles River Bistro,1000,7996
Suffolk Register of Deeds Stephen J. Murphy,1000,6997
Paul R. Ferro for State Representative,1000,6997
Mass Retirees,1000,6997
Marc McGovern,1000,6997
The Market Urbanism Report,1000,5998
Stand Up for Candy,1000,5998
New England First Amendment Coalition,1000,5998
Grand Opportunity USA,1000,5998
Dorchester Post,1000,5998
Cross Rip Gallery,1000,5998
City of Revere: Veterans Service Office,1000,5998
Bay State Stonewall Democrats,1000,5998
Yoga for Healing,1000,4999
YIMBYtown,1000,4999
Why do We Stand,1000,4999
VoteBrownsberger,1000,4999
United Way of Massachusetts Bay,1000,4999
Tobacco21,1000,4999
The Jewish Alliance for Law and Social Action,1000,4999
Teach Plus Massachusetts,1000,4999
Sustainable Practices,1000,4999
State Representative Bill Galvin,1000,4999
Startup Cuba,1000,4999
Special Education News,1000,4999
Solar Solutions,1000,4999
Sherry Horeanopoulos for APA President,1000,4999
Sex & Circumcision: An American Love Story,1000,4999
Scholar Athletes,1000,4999
Patti Buckley Malcolmson - Register of Deeds Campaign Committee,1000,4999
PatforAmherst,1000,4999
Our Revolution Somerville,1000,4999
"Office of Economic Empowerment, Massachusetts State Treasury",1000,4999
Nicola Usher for Amherst Town Council,1000,4999
"New Jobs for Massachusetts, Inc.",1000,4999
Nantucket Island Chamber of Commerce,1000,4999
Mayor Carlo DeMaria,1000,4999
Mark Gallivan Walpole Selectman,1000,4999
MAPIE - Massachusetts Parents Involved in Education,1000,4999
Learning to Die in the Anthropocene,1000,4999
Kevin Powers,1000,4999
Indivisible Southeast Mass,1000,4999
"Immigration Law Office of Carmen Bello,PC",1000,4999
I Fuggin Hate What's Happening To The US,1000,4999
Gretchen Van Ness for State Representative,1000,4999
Global Business Travel Association - GBTA,1000,4999
Effective Activism 101,1000,4999
"Downtown Framingham, Inc.",1000,4999
Cape Cod & Islands Association of REALTORS,1000,4999
Boston's Talking With Brian Dalton,1000,4999
Boston University School of Public Health,1000,4999
Boston Teachers Union,1000,4999
"Boston Quality Cleaning Services, Inc.",1000,4999
"Bill Burke for Quincy State Rep., 2nd Norfolk District",1000,4999
Andrew Smith for Councilor At-Large,1000,4999
Alma del Mar Charter School,1000,4999
Northampton Democratic City Committee,999,4995
Faith in Action Fund,996,6979
Mayor Jackie Biskupski,996,4977
Independent Women's Voice,995,2078
Jane Fund of Central Massachusetts,994,4971
Military Officers Association of America (MOAA),993,4015
Worcester Telegram & Gazette,984,4919
Elders Climate Action - Massachusetts Chapter,972,8759
Atlantic Fish Co,970,4847
If Americans Knew,969,1937
La Cucina di Hampden House,959,4795
Marshfield Democratic Town Committee,933,4662
Help for Essure Victims,930,2314
Cheddar Live,927,1854
City Council President Orlando Ramos,926,5630
In Shifra's Arms: Jewish Pregnancy Help,926,4715
Roger Stone - Stone Cold Truth,912,1824
HILL TV,900,6526
USA for UNHCR,886,3449
Critical-MA,882,6405
Patients' Rights Action Fund,882,1825
Jennifer Rocco Runnion for State Representative,872,4360
Henrie for 61st,872,4360
PopSugar,855,4273
Ryan Losco for State Representative,854,7146
Hoover Institution,854,1708
CREDO Mobile,831,4823
Stand,822,2760
Start Here,818,1636
Proud To Be A Republican,805,4026
Citizens for Tobacco Rights,805,3870
John Ward,804,1608
UnitedVoice.com,797,1747
Premiere Collectibles,795,1619
Fenway Health,794,3970
Exclusive Apparel,792,6126
James Thompson for Kansas,756,1610
Ben Ferguson,756,1511
FEE,748,3741
Tina Smith,736,4112
Upworthy,722,5159
Human Rights Watch,714,4043
When We All Vote,714,2001
Medals Of America,711,3555
Mikie Sherrill,708,4316
Synthisophy,705,3527
Judicial Watch,705,1801
John James,701,1639
World Animal Protection USA,694,4563
Drug Injury News,688,2177
Justice Democrats,674,3455
Bird + Stone,670,3558
Rhode Island Coalition Against Gun Violence,670,1912
Center for Union Facts,668,3339
UltimateStraw,667,2162
PCCC - BoldProgressives.org,664,4329
National Network of Abortion Funds,664,2647
Larry Hogan,658,1590
Hornet Stories,654,3268
Emerson College Polling,652,3259
AARP Rhode Island,648,3244
Taglit-Birthright Israel,643,3217
Giving Brush,631,4779
NYC Pride,624,3118
CarsonWatch,622,3108
Zephyr Teachout,621,2969
Save the Storks,621,1241
Riverside County Sheriff Stan Sniff,616,1463
Ryan Holt for Providence City Council Ward 2,614,1797
UnitedHealthcare,612,2907
Cold Dead Hands,609,2623
LifeZette,606,20202
History Uncovered,602,1204
Dinesh D'Souza,600,13155
Don Boyajian for Assembly,598,1674
No Kid Hungry,597,3445
Lee Saunders,597,2983
"Matt Brown, Democrat for Rhode Island Governor",594,4222
GoLocalProv,589,2946
Jacky Rosen for Nevada,588,3007
Goods Unite Us,585,2925
Jack Burkman Radio,577,1154
Krysten Evans for NH State Representative,572,3339
End Animal Cruelty Club,567,2852
Tax March,551,2781
James Skoufis,550,1099
32BJ SEIU,548,2741
The Nib,548,2473
Kyrsten Sinema,545,3161
Rhode Island Coalition Against Domestic Violence (RICADV),535,2674
Bonner & Partners,535,1071
Smart Customer,534,2792
Julie Tucker for NH State Representative,534,1326
The Shadow League,533,2200
Randy Bryce,531,2691
Conor Lamb,530,2649
Burma Task Force,528,2639
Dean Phillips for Congress,526,2365
Liuba Grechen Shirley-Congress,523,2278
True Conservative,521,1042
Republicans For Making America Great Again,521,1041
Abortion On Our Own Terms,514,2663
Lessons from Military History,513,4910
Jewish Voice Ministries International,508,2442
GroundUp,498,1548
Nasty Scientist,496,2883
Your Trump Shop,496,2235
California Consumer Privacy Act,495,990
John Cox for Governor 2018,492,1171
Lets Make USA Great Again,482,2182
Narconon Suncoast,480,2401
Jay Sekulow,479,1291
Donald Trump Is My President,473,1827
Luis-Daniel Muñoz for R.I. Governor,460,2299
The Boeing Company,453,2264
dittymoji,449,3261
Angie Craig,449,942
World Mercury Project,448,1975
Macaione for Sheriff,440,879
The Years Project,435,1681
We Are The Mighty,433,1746
Theodore Roosevelt Conservation Partnership,429,858
Courage Campaign,420,2243
Kialo,420,1084
E. O. Wilson Biodiversity Foundation,415,1638
Portfolio Books,414,2070
Planned Parenthood Action,411,2117
Clarent Consulting LLC,411,2055
Trumped Tweets Game,411,2054
Louder with Crowder,405,2090
New York Working Families Party,404,807
Ro Khanna,401,2288
Ted Wheeler,396,2787
Circa Pop Live,394,1987
Anera,394,1064
Poor People's Campaign: A National Call for Moral Revival,393,1665
Unite America,393,1525
Times Union Jobs,390,1950
Speech Moves,387,2115
Color Of Change,384,768
Main Street Investors Coalition,378,1823
Cathy Myers,374,4184
CARE,371,3273
Reproaction,371,2348
Rhode Island Mushroom Co.,370,1849
SpeakEasy Political,368,1852
Carolyn McCaffrey For Probate Judge,366,1828
UNICEF USA,365,1824
Mercedes Monitor,365,730
DuPont for Congress,364,1805
American Friends Service Committee,363,1813
The People's Trumpet,363,1430
Coastalteesfashion,362,724
World Peace Placards,358,1789
Serve America,357,1783
Jon Morgan for NH,355,1286
Paul Nicklen Photography,353,1763
League of Women Voters of the U.S.,349,1745
Patriot News Alerts,349,699
Maine Coast Heritage Trust,347,2299
Save the Children US,344,1722
I Love My Freedom,343,1231
Compassion & Choices,341,1705
John Catsimatidis,337,1503
Erase The Hate,334,1363
Democratic Coalition Against Trump,331,1295
Kyle Reyes,329,1645
Lebowski Lovers,327,2867
Mercy Corps,326,1739
LGBTQ Victory Fund,326,1353
Conservative Alert,324,647
Trump - the Opera,321,1605
Markwayne Mullin,320,639
GreaterHalf.com,319,1386
Democratic Attorneys General Association,318,1649
Green Challenge,318,1588
Stain on America,314,1360
Andrew Gillum,313,1530
Free Press Action Fund,309,1545
Lincoln Soldati for Congress,307,1534
WomenStrong International,305,1697
Future Now USA,304,1602
Nate McMurray for Congress,301,1558
BRITE CA,298,596
Howstuffworks,297,1662
Daily Wire,297,1498
Cory Booker,296,1482
Common Ground Committee,295,1779
Takeout Guys,295,735
Amie Hoeber for Maryland,295,591
MI Senate Republican Campaign Committee,295,590
Protect The House,294,2060
State Rep. Brian M. Ohler,294,1470
artnet,292,1580
Chris Pappas for Congress,289,12094
Democratic Senatorial Campaign Committee (DSCC),288,1310
Mayor Philip Levine,288,792
Care Net,287,1433
Catholic Relief Services,285,1441
Great American Era,283,1247
House of Patriots,278,802
Shatterproof,273,2001
Forbes,273,1400
Save the Children Action Network,272,1588
Philadelphians for a Fair Future,267,589
UPROXX News,267,534
Patrick Donovan for Congress,265,1324
Modern Hero,265,1095
Working Families Party,263,1256
Distractify,261,8374
Alt National Park Service,260,1298
IPVM,258,1289
Cancer Health,256,511
Modern Times,253,1265
Adam Schiff,252,1528
45th President Donald J. Trump,252,1410
Gold Strategies For Americans,249,1255
Shinesty,249,1245
Orman for Kansas,248,633
Sandro Galea,247,1343
Tee Shirt Palace,247,1233
Banana Bay Tactical,245,1221
Alliance Defending Freedom,241,1250
St. Martin's Press,237,1186
Sashka Co.,236,472
Premium Care For Seniors,235,1272
National Democratic Training Committee,235,1174
Definition.org,233,6107
The Trump Prophecy Movie,232,902
Innocence Project,231,1156
SAM - Serve America Movement,231,602
FrackFeed,230,1148
Out Magazine,229,1145
Crossway Auto Center,228,1138
No on SoccerCity,228,621
The Joyce Foundation,227,1136
American Gun Association,225,996
The Committee for Ranked Choice Voting,224,1121
Warrior 12,223,1117
Phil Bredesen,222,1376
We Can Solve This,222,1108
Blue Wave 2018,220,1099
Silkies,220,1098
Lovett for State Senate 2018,219,1096
Love One More,219,1094
Newman for Senate,218,1089
Michigan Online,218,607
Massive Fires Damage Lives,217,1087
Jon Tester,217,524
The Daily Signal,216,1082
TreeChain Network,215,1074
iSideWith.com,213,1067
Pi Yoga Pants,208,1039
Health Impulse,208,1039
Tactical Pro Supply,207,1544
Restoration PAC,206,1040
Make Change,206,1032
Seth Levy for District Attorney,206,1030
New Hampshire Campaign for Voting Rights,206,1028
Fayrouz Saad,206,413
SlutBox,205,1099
March of Dimes,204,2844
Elect Shirley Brown,202,1007
Union Patriots,202,731
Ken Harbaugh for OH-7,201,461
NTD Television,199,7040
Give America Hope,199,996
Power In Cooperation,195,1141
Institute for New Economic Thinking,194,387
Shout Your Abortion,192,1089
Vic Berger Presents,192,959
The Refugee Center Online,192,384
Stacey Abrams,190,4820
Kevin de León for U.S. Senate,189,944
White Coat Waste Project,187,3392
Earthjustice,187,936
Robert A. DeRobbio,186,935
Political Storm,186,931
PaliRoots - جذور فلسطين,185,925
Bloomsbury Publishing USA,185,925
Auto Wise,184,920
"Thompson Congregational, United Church of Christ",183,916
Democratic Legislative Campaign Committee - DLCC,181,971
NYC Department of Health and Mental Hygiene,181,453
PhRMA,180,899
Emerge America,179,538
National Audubon Society,179,359
Russian America TV,177,1502
Jetties Bracelets,177,462
Rugged Country,177,358
My Shop Therapy,176,880
United We Dream,176,443
New American Leaders,175,877
Dianne Feinstein,175,876
The Fighting Forces,175,634
Open Primaries,174,877
Concealed Carry,174,644
David Rolf,174,348
Comedy Central Central,173,866
Ammar Campa for Congress,173,346
SiriusXM Radio,172,862
The Humane Society of the United States,172,345
StarBox Shop,171,1852
Lensabl,170,850
WorldLifestyle,169,945
Larry Sharpe for New York,169,680
Don't Be Like Trump,168,882
Andy Kim for Congress,167,988
Connected Investors,167,836
Ben & Jerry's,164,959
Democratic Association of Secretaries of State,163,849
Sherrod Brown,162,812
NowThis Morning,162,811
With Honor,161,323
Welcome.,158,669
Andrew Cuomo,158,333
Tom Udall,157,783
The Commonwealth Fund,154,309
Klean Kanteen,153,12171
Topix Rewind,153,1107
Meg Walsh for Texas Senate,153,763
Military Tees,153,379
Patriot Powered Products,151,684
FTC PAC,150,1365
Kathy Kennedy For The 119th,150,752
Wake Up World & Smell the Coffee,149,748
ReBuild USA,148,742
Boyd For Mayor,147,747
Brian 'BAM' McClendon,146,737
"Vericool, Inc.",146,728
Chuck Schumer D-NY,145,289
Families First New Hampshire,144,719
Chairman J.R. Romano,144,359
Public Service Proud,144,325
Axios,144,288
Kevin McCarthy,143,797
Scamazon,142,736
Elect Bill Dotson,142,285
Climate Reality,141,1925
Pocket Politics,141,612
Covenant House International,141,283
Pushed Learning and Media,141,282
The Deplorable Deck,139,592
NextGen America,138,690
American Academy of Family Physicians (AAFP),137,687
Citizen Action of New York,137,353
Birds of a Feather,136,678
BlackInatiii.Co,135,271
Avant-Voce,135,269
Becker For Probate,134,904
Get Off My Lawn with Gavin McInnes,134,396
O'Rourke for Congress,134,268
United Against Muslim Ban,133,322
Drain the Swamp News,132,1161
myRAteam,132,659
Diamonds Do Good,132,658
Republican State Leadership Committee,132,546
Personal Liberty,131,262
Let Africa Live,130,295
Plan International USA,129,751
Grabien,129,656
EK's Daddy's Decals,128,642
INSH,128,640
Donnie Harrison for Wake County Sheriff,128,255
Wealth Creation Investing,127,662
Total Wealth Research,127,635
Common Defense,127,347
VICELAND,126,333
W.K. Kellogg Foundation,126,252
America's Health Insurance Plans (AHIP),125,626
Bill O'Reilly,124,622
Mike Bloomberg,124,336
Azula,123,617
Cal American Homes,123,615
"Animal Justice League of America, AJLA",123,614
EveryLibrary,123,246
Climate Facts,122,306
National Immigration Forum,122,244
Ronnie Bastin For Mayor of Lexington,121,243
Rep. Beth Fukumoto,121,242
Lev Haolam - Supporting Israel's Heartland,120,623
PowerLabs,120,600
Joe Kaufman for Congress,120,600
Proud American Hunter,120,509
Mallory Hagan for Congress,118,2149
"Nick Josefowitz for Supervisor, San Francisco, District 2",117,585
QuizGriz,117,253
Keep and Bear,116,596
LevinTV,116,594
Billie Sutton,116,581
If I Were Running for Senate In Pennsylvania,116,579
Alliance San Diego Mobilization Fund,116,565
Jeffrey D. Klein,115,637
Funny Nurse,114,572
OMGFacts,113,739
Ruby Corby O'Neill,113,564
OAF Nation,113,391
Mayor Matt Hall,112,408
Bill Holt's Dreamies,112,262
"Imprimis, a Publication of Hillsdale College",111,557
LevinTV on CRTV,111,552
Barbara Lee,110,695
United Sovereignty Alliance.org,110,549
David Stockman,110,266
Support The Court TX,110,222
National Committee to Preserve Social Security and Medicare,109,566
Sue Stenhouse for Mayor Warwick,108,538
Becket,108,357
Run Aaron Run,107,826
Judge Bob Flanders for U.S. Senate - Rhode Island,107,544
A Simple Question,107,535
Michigan Leadership Committee,106,419
Jordan Thompson for State Representative,105,1391
PA Democratic Party,105,524
Claire for Senate,105,524
Odd Stuffing,105,523
American Jewish World Service - AJWS,104,1036
MJ for Texas,104,679
USCCA,104,519
The Donald Stuff,104,209
Brilliant Hamster,104,207
topplr,103,6647
Amy Myers MD,103,517
Tenth Amendment Center,103,513
ZickWorld,102,510
Anthony Brindisi For Congress,101,501
Rick Guy for NYS Senate,101,202
Elizabeth Esty,100,306
The News and Why It Matters,99,376
Random House,99,198
Lower My Bills,97,485
Robert Bank,97,484
Manchester Republican Committee,97,194
Zero Waste Produce Bags,96,495
Independent Women's Forum,96,237
The Conservative Immigrant,96,192
Donald J. Trump - USA,96,192
Janet Mills,95,1045
LidKings,95,211
Senator Joan Carter Conway,95,205
2nd Amendment Rights,94,261
Provengo,93,464
Energy Nation,93,258
Doug Arnold,93,185
The 401,92,462
Clowns Superpac,91,453
Organizing for Action,90,331
John K. Delaney,89,419
Free To Choose Network,88,177
Deb Fischer,87,442
PushBlack,87,435
Harley Rouda,87,273
Factinate,85,1512
Competitive Enterprise Institute,85,423
Brandon Peters for U.S. Congress,85,423
Rant Nation with Graham Allen,85,360
Reform Austin,85,266
A Nation Divided,85,171
Manveer for Fairfield City Council,85,170
Friends of the IDF (FIDF),84,2375
MO Research,83,417
All of the Above,83,416
Transamerica Center for Health Studies,83,413
CALL TO ACTIVISM,83,166
Andy Barr,81,407
Federal Voting Assistance Program - FVAP,81,404
Alyse Galvin for Congress,81,268
Defend Birth Control,80,173
Rebate Key,80,160
Family Survival,80,160
LCV Victory Fund,79,633
Phone2Action,79,158
Strong Women Society,78,524
Wisconsin Alliance for Women's Health,78,389
Adirondack Harley-Davidson,78,156
Carbonated.TV,77,385
Representative Thyra Stevenson,77,383
Dr. Kim Schrier,76,496
Dr. Levenson for Congress,76,383
Whatcom County Deserves Better,76,382
Kellie Julia for State Senate District 15,76,380
etee,76,152
Church & State - Utah's Battle over Same-Sex Marriage,76,152
Sister District Project,75,25348
Columbia County NY Democrats,75,375
Politikal Junkie,75,150
Stop the wall,74,411
Robin Milnes for NH State Rep,74,406
Wagoner County Assessor,74,378
Watson Institute for International and Public Affairs,74,371
Grimnewsreaper,74,217
Anti-Terrorism Explosion Injury Lawsuits,74,147
Elect Vince Leach,73,145
Making Every Vote Count,72,428
Jess King for Congress,72,368
The Left Can Go Right,72,359
Jared Golden for Congress,72,245
South Florida Wildlands Association,72,175
Spotify,72,159
Color Of Change PAC,71,332
Fighting for our future,71,280
Conservative Institute,71,231
Mike Kelly for Congress,71,142
Bridget Ziegler,70,350
Americans for Farmers & Families,70,162
Hanging With Trump,69,3357
Prime Horse Property,69,345
Steven Crowder,69,167
OZY FEST,68,1627
Andrew Yang for President 2020,68,629
Mary Barzee Flores for Congress,68,450
Finish the Ballot,68,340
Sam Bell,68,136
Carlos Reyes for Congress,66,329
Leadership Institute,66,133
"Braddock, PA",66,133
Ruta Maria Jouniari for Sarasota County Commission - District 2,66,132
Bog Turtle for New Jersey State Reptile,65,326
TeeSaid.com,65,325
Wild Sheep Foundation,65,323
CRTV,65,221
World Food Program USA,64,349
Restore the Mississippi River Delta,64,128
SportsBreak,63,627
Save Kansas Coalition,63,316
Paul Cummings for BART Director,63,314
FloridaStrong,62,252
Sharice for Congress,61,3839
Gina Raimondo,61,482
North Carolina Citizens,61,391
Families and Teachers for Antonio,61,310
National Health Law Program (NHeLP),61,305
NETWORK LOBBY,61,305
Donielle M. Lovell for State Representative,61,303
Austin Petersen,61,136
Celia Young-Wenkel 97th District Michigan State Representative,61,122
Gretchen Whitmer,60,302
NJ Kids and Families,60,262
Bill Schuette,60,174
Naomi Bechtold,59,296
Water Lifestyle Co.,58,1470
Donald Trump Dog Poop Bags,58,521
Joe Markley for Lieutenant Governor,57,297
Dice,57,287
Kaniela Ing,56,495
The Gaspee Project,56,279
Committee to Rebuild Maine's Middle Class,56,279
The Christian Broadcasting Network,56,152
2nd Amendment For Life,55,169
Stefano V. Famiglietti for North Providence Town Council - District 2,54,290
I Care March,54,274
PromptNews,54,272
Sheldon Whitehouse,54,271
Republican Party of Sarasota,54,271
Penguin Kids,53,269
Raymond Blacklidge for Representative Florida,53,266
Dave Myers,53,265
The Wetherall Company Public Service Advertising,53,263
Kevin Abel,53,263
Shirt Nazi,53,114
Hello Sailor TMH,52,260
LGBT Right,52,257
The Genetic Literacy Project,52,105
The Billings Gazelle,52,103
Sara Spencer-Noggle for Isabella County Probate Judge,52,103
Learn Our History,51,283
Always On NY,50,227
RAGA Ohio,50,133
Recall Aaron Persky,50,100
Heifer International,49,4146
National Wildlife Federation Action Fund,49,98
Antonio Delgado,48,235
Bob Casey,48,152
Ernest Burgess for State Senate,48,96
Kentucky Family Values,47,452
Build With Strength,47,252
Dan David For Congress,47,234
Americans for Food and Beverage Choice,47,139
America Rise Up,46,251
State of Great MN,46,232
Left AF,46,230
Thrasher Coffee,46,228
Joe Durso for Seminole County Commission,46,228
Maine Matters,46,106
The LIBRE Initiative,46,93
Monuments For All,46,93
Aspiration,45,297
Prophecy Watchers,45,223
America Fighting Back PAC,45,125
KNX 1070 NEWSRADIO,45,90
Flip It Blue,45,90
Left Out Loud,44,222
Democratic Women Stark Co Ohio,44,219
Mannion for State Senate,44,218
Randi Rhodes Show,44,89
JoBeth for Ward 6,44,88
Askov Finlayson,43,2627
Strauss Meats,43,86
Coolman for RI,42,212
Americas Society/Council of the Americas,42,209
Treasurer Michael Frerichs,42,208
SDSU WEST,41,202
Eleni Kounalakis for California Lt. Governor,41,83
22 Words,40,5534
iAmerica Action,40,288
The Collective PAC,40,214
Steve Schuh,40,202
Ari Espinal,40,202
The Devil We Know,40,200
Equal Citizens,40,200
Matt Rinaldi,40,199
John Michael Montgomery for Oklahoma,40,199
BIRCHBOX,40,199
Tim Walz for Governor,39,197
The Tasteless Gentlemen,39,196
Lee Auman for U.S. Congress,39,196
Israel365,39,196
EDF Action,39,196
Veterans and Affordable Housing Act,39,195
Michela Skelton for the 50th,39,195
Hughes for LD21,39,195
Tim Grayson for Assembly,39,96
Freedom United,39,77
Players Coalition,38,201
Families For Trump,38,191
Topix Stars,38,190
Ak Parti Amerika,38,187
Robert Kesten for NYS Senate,38,75
PSA Supply Co.,37,215
Mark McKenney,37,205
World Wildlife Fund,37,186
Todd Stephens,37,185
Robert Reich,37,183
Trade For America,36,234
Crime Survivors for Safety and Justice,36,227
Higher Perspective,36,202
Chubb North America,36,182
Allie on CRTV,35,186
Sharen Wilson,35,175
Mic,35,175
Rhode Island Auto Body Choice,35,173
NYSUT - A Union of Professionals,35,173
Conservative Investor Daily,35,172
Lucy McBath for Congress,34,296
William Tong,34,172
The Nature Conservancy,34,171
Dave Clegg for Congress,34,91
Mark Pinsley,33,310
Hudson Solar,33,164
Radiolab,33,163
Melinda Avey,33,66
The Soldier Network,32,169
Dangerous Documentaries,32,161
Scott Taylor,32,160
DC Statesman,32,160
Edwards for New Hampshire,32,148
Kathleen Rice,32,87
Better With Age,32,77
Eddie J. Mauro,32,63
Alliance for a Better Minnesota,31,479
Blue Print Apparel,31,159
SUJO Home,31,157
NC House Republicans,31,118
Dave Dodson for Senate,31,78
Randy Boyd,31,63
Future Generations Advocacy Project,31,62
Modern Medicaid Alliance,30,12049
Advance California,30,154
Mainers for Accountable Leadership,30,151
Michael J. McCaffrey,30,149
"Roger Tilton, NH State Senate Dist. 11: Merrimack Milford Amherst Wilton",30,108
David Baria for Mississippi,29,1412
Guardian Labs,29,172
Congressional Leadership Fund,29,151
Kathy Hoffman,29,147
Cannabis News Update,29,147
Roger Hicks For York County Sheriff,29,144
My America,29,115
Partnership for Oregon Communities,29,57
Jane Raybould,28,249
Rob Davidson for Congress,28,241
Americans for Prosperity New Hampshire,28,182
The Atlas Society,28,142
Facing Addiction with NCADD,28,139
Jim Harper for Secretary of State,28,137
San Antonio Professional Fire Fighters Association,28,134
The Mark Kaye Show,28,55
National Partnership for Women & Families,27,165
Jeff Brandes,27,158
Zach Neumann for Colorado,27,135
Citizens Against Russian Election Tampering,27,135
"Walsh for State Representative, 2018",27,53
Mike Pence,26,7017
Gavin Newsom,26,1491
Prompt News,26,148
In Search of Liberty,26,133
Save The Bees,26,132
Jay Inslee,26,132
Coalition for Future Mobility,26,132
American Heart Association: You're the Cure,26,131
Us Business Funding,26,130
Zillow,26,129
Terry Hayes for Governor,26,129
Jacek Zurada for 2019 IEEE President-Elect,25,813
30A,25,225
In the Woods with Phil,25,197
Your Energy,25,184
Aaron Regunberg,25,168
Online ADA,25,136
U.S. National Committee for UN Women (USNC),25,126
Patty Murray,25,126
Earth Clan,25,126
Ignite Change,25,125
Pristine Auction,25,124
Kevin Walsh for Kyrene School Board,25,124
Liberty Nation,25,123
Go Vote Project,25,123
George Takei,25,123
Fire Jim Jordan,25,123
Fashionarchista,25,123
Exsul,25,123
Dan Kildee,24,356
Naomi Andrews for Congress,24,176
American Bird Conservancy,24,151
Conservative Daily,24,126
Jillian Gilchrest,24,122
Island Sand Paper,24,122
Richard Ojeda,24,121
The American Vision,24,120
Sally Siegrist Indiana State Representative District 26,24,120
Eileen Higgins,24,120
Civil Liberties Defense Center,24,120
Phil McGrane for Idaho,24,48
Framed Tweets,23,1158
One Nation Design,23,138
The Rutherford Institute,23,129
Los Angeles Mission,23,117
Joe Manchin,23,117
Care2,23,117
Pennsylvania Record,23,116
Zoë Bands,23,115
Complex,23,114
National Geographic Society,23,113
Arnone For Enfield,23,113
Jeff Beals,23,62
Military Network,23,47
Blue Wave,22,1174
OZY Future,22,871
KevinMD.com,22,134
Pat Ryan for Congress,22,113
Wolf for Attorney General,22,112
Matt Lesser for State Senate,22,112
Aftab Pureval,22,112
Family Equality Council,22,110
Block Bronx Bolshevik,22,109
"PJ Keeler, Columbia County Treasurer",22,108
Libertarian Country,22,108
Flip Texas-32,22,108
Colorado Values Project,22,73
Senator Ed Jackson,22,44
Ja'Mal Green,22,44
Donald Trump For President 2020,21,352
Brady PAC,21,176
Legal Newsline,21,106
Dave Stanko for Sheriff,21,106
The Giving Keys,21,105
Essentially American,21,105
Ray Chiaramonte for Hillsborough County Commission District 7,21,104
Nike,21,104
Music for Resistance and Revolution,21,104
Denise W. Merrill,21,104
LaunchGood,21,103
Tish James,21,78
OpsLens,20,306
David Richardson for Congress,20,137
"E. Stewart Jones Hacker Murphy, LLP",20,115
US Lending Marketplace,20,102
Thomson Reuters ONESOURCE,20,101
Ross van Dongen,20,101
Chad McEvoy for NY Assembly 101,20,101
Save Elephants,20,100
Rob Quist for Montana,20,99
Marketplace Business News,20,99
Floridians Against Lawsuit Abuse,20,99
Lindy Li,20,98
Elect Carolyn Long,20,98
JD Wooten for NC Senate,20,59
Mike Eng,20,41
CMMB,19,594
Bloomberg Philanthropies,19,236
Patriot Style,19,132
Disrupt Aging,19,112
Lammis Vargas for Council,19,97
JD and Kate Industries,19,97
Politics and Cocktails,19,96
Hillel International,19,96
Elect Garrick McFadden,19,96
Dominic Rapini,19,96
David Schoen,19,96
White Dove Projects,19,94
Truthout,19,94
Eric Garcetti,19,94
I'm Hope,19,93
Cracked.com,19,93
Carl DeMaio,19,93
Rita Lucido for Texas State Senate District 17,19,38
Mommy Underground,19,38
Christian Ziegler for County Commission,19,38
Graig Meyer,19,37
Pancreatic Cancer Action Network,18,144
Define American,18,124
Gathering Together,18,106
Not A Nuisance,18,95
Spectrum Report,18,92
Dear Donald,18,92
Dump45,18,91
Lo Manchego,18,90
We are mitú,18,88
Viral Motion,18,88
Jeff Sheehy,18,37
Shareblue Media,18,36
Mary Kay Sigaty For State Senate,18,36
Coqui Aqui,18,36
Joan Greene for Congress,18,35
Build CT,17,358
Right Scan Right Time,17,87
Carol Boston,17,87
AFSCME Retirees,17,87
Unspeakable Crimes,17,85
Socrata,17,85
Scott Hampton- Composer,17,84
Oxygen,17,84
Kiwi Report,17,83
Mike Coffman,17,34
Cynthia Nixon for New York,16,2575
Support The 2nd Amendment,16,509
Civic Action Network,16,136
Portside,16,113
Abby Finkenauer for Congress,16,111
2atees1,16,95
Dexter Dow for U.S. Representative 2nd District,16,83
The Burkean Conservative,16,82
Marijuana Stocks,16,81
Janet Nguyen,16,80
Pam Staneski,16,79
Marine Corps Scholarship Foundation,16,79
Firearms Policy Coalition,16,79
E2 - Environmental Entrepreneurs,16,79
Bradley County Politics,16,79
Aakash Patel,16,79
The Winding Path of Persistence,16,78
David Pechefsky,16,78
Rep. Tom Reed,16,61
Colorado Votes 2018,16,44
"Steve O'Dorisio, Adams County Commissioner",16,32
Pete Olson for Congress,16,32
Congressman Lou Barletta,16,32
Niskanen Center,15,125
Discover Charter Schools,15,103
People Saving Animals,15,77
Fukiu,15,77
We Are ALPA,15,76
Project Red TX,15,76
Living the fullest life,15,76
Beth Liston for Ohio,15,76
Anti Tea Party MEMEs3,15,76
United Way of Greater New Haven,15,74
Faith Johnson For District Attorney,15,74
Alliance for Michigan Power,15,74
Soli,15,73
LDS Dems,15,73
Gary Turco for State Representative,15,73
Jim Bradley,15,64
Raising Tomorrow,15,35
Josh Gottheimer for Congress,14,516
Robert Burns,14,133
Essure Birth Control Claim,14,115
Reclaim The American Dream,14,89
Steve Sisolak,14,72
Emilie Kornheiser for State Representative,14,72
Fuel Freedom Foundation,14,71
Civil Political Discourse,14,71
Public Defender Association,14,70
Jeff Weninger,14,70
Healthy Moving,14,70
The Link Project,14,69
Oh Three XX Gear,14,69
GoFundVeterans,14,69
Bradley Thomas for Ward 5 D.C. Council,14,69
health.online,14,68
Erick Erickson,14,68
Duncan Hunter for Congress,14,68
Matt Lederer for Assembly,14,28
Resist Trump's agenda,13,296
Tistrya for NYS Assembly,13,132
Eastern State Penitentiary,13,118
American Hate: Survivors Speak Out,13,100
RedBlue Tracker,13,81
Ken Montera for CU Regent At-Large,13,69
The Animal Pack,13,67
Richard Painter,13,67
Mail Order Pharmacy Should Be A Choice Not The Only Option Of Coverage,13,67
Balter For Senate,13,67
Michelle Foreman for State Executive Committee,13,66
Deep Green Resistance,13,66
BoyerAZ,13,66
Say No to impeachment,13,65
Make Stickers Great Again,13,65
Dan Shaul,13,65
Wellness.com,13,64
Kyle M. Woodman,13,64
Conservative Writers,13,64
Planet Cool,13,63
Alex Valdez for House District 5,13,63
Woodard for Kansas,13,39
DD Adams for Congress,13,32
Christine Hallquist,13,25
Aspire Fashion,12,404
Jewish Leadership Conference,12,275
Balanced News,12,134
Naturally Fit Inc,12,86
Feroce for Governor,12,63
"Mothers Against Police Brutality, Inc.",12,62
Inkedibles,12,62
George Yang for Menlo Park City Council,12,62
Ashley Powell,12,62
Webull,12,61
This Divided State,12,61
She the People,12,61
Proxy.Vote,12,61
The Andrew Klavan Show,12,60
Idiocracy News Media,12,60
Gary Harrington,12,60
YouGov,12,59
"Marty Campbell - Candidate, Pierce County Council #5",12,59
Americans for Prosperity -  Florida,12,59
True Homestead,12,58
Elizabeth Dole Foundation,12,58
Downtown for Democracy,12,39
Healthy Choice For Nevada,12,24
Solange for Scottsdale City Council,12,23
Chris Wilhelm for County Council,11,60
The Rights Party,11,57
Molly Johnson for Judge,11,57
Lisa Brown,11,57
John Faso,11,57
Howard Slugh,11,57
Alan Geraci for Assembly,11,57
Natalia Ioffe for JCBOE,11,56
NRA Women,11,56
Joe Walsh,11,56
Every State For Israel,11,56
Elect Pat McNamara Circuit Court Judge,11,56
"Brady McNulty, Occasional Cartoonist",11,56
The New MAGA - Make America GOOD Again,11,54
Dan Forest,11,54
Committee to Elect Elizabeth Allen for Municipal Judge,11,54
Accuracy in Media,11,54
Survival Life,11,53
Jeff Jackson,11,53
San Diego County Democratic Party,11,38
Christy Smith for 38th,11,23
Emily Stivers for County Commissioner,11,22
David Friess for State Representative,11,22
Citizens For Ethical & Effective Leadership,11,22
Theresa Gasper for Congress,10,254
Conservative Tribune,10,130
Casey Research,10,78
McShane LLC,10,72
Golden For Congress,10,68
AimsPoll,10,58
CTLCV - Connecticut League of Conservation Voters,10,52
Delegate Charlotte Lane,10,51
War On Our Future,10,50
Majority Matters,10,50
Help America Dump Trump,10,50
Asa for Governor,10,50
FlipThem2018,10,49
Abigail Spanberger,10,49
Quorum,10,48
FLAG  - Foundation for Liberty and American Greatness,10,48
Christine Porter Marsh for Arizona,10,47
Representative Steve Mentzer,10,20
Florida Sunshine News,10,20
Joe Donnelly,9,312
Coverage of the Trump Presidency by The Epoch Times,9,190
Energy Justice For All,9,127
No Labels,9,63
Gell.com,9,60
Republican Liberty Caucus,9,59
Stephen Brown,9,47
President Donald Trump Fan Club,9,47
Game Alert,9,47
Dr. Phil Knight - Food for Thought - Food Bank Council of Michigan,9,46
Andrew Dolberg for State House,9,46
Trumpymctrumpface,9,45
Kill Federal Overreach on Trucker Wages,9,45
Jason Rittereiser for Congress,9,45
American Friends of Magen David Adom,9,45
Republican Committee of Lancaster County,9,43
National Popular Vote dot com,9,43
End Corruption in Senate District 32,9,42
SEIU 775,9,32
Meredith Wellington for Montgomery County Council District 1,9,31
Cynthia Kaump for WI State Treasurer,9,22
Ross Spano,9,19
Vote for Mari Barke,9,18
California Taxpayer Protection Committee,9,18
Garden State CARES,9,17
Dillon for Supervisor 2018,9,17
ACLU of Connecticut,8,156
Colin Allred,8,93
Trey Caldwell,8,59
Senator Mac Middleton,8,42
The Runaway Hamsters,8,41
Sevigny for Congress,8,41
Rose A McCain,8,39
Dak Hardwick,8,39
Alderman Steve Giacomi,8,39
Truck Driver Jobs in America,8,38
Keith Hanson For District D,8,38
Joshua Svaty,8,38
Matt Heinz: Hiding Who He Really Is,8,34
"Joel Rubin for Maryland Delegate, District 18",8,19
Kristin Bahner for State Representative,8,16
Jena Griswold for Colorado,8,16
Greg Rothman,8,16
Greater Austin Crime Commission,8,16
Dana Balter for Congress,7,526
Steven Buccini for NC House,7,58
VA Claim Pros,7,45
Tom Suozzi,7,37
Kim Rose 2018,7,36
Ken Blackwell,7,36
Allan Kittleman,7,36
Chuck Jones,7,35
The McCourtney Institute for Democracy,7,34
Senator Jim Rosapepe,7,34
Paul Pate for Iowa,7,34
Becky Fast Johnson County Commission,7,34
John Carter,7,20
American Heart Association - South Texas,7,18
World News Reporter,7,14
John Faso is not for us,7,13
Billy Kovacs,6,81
Suzanne Harrison,6,50
Matt Pinnell,6,32
Joe Gruters,6,32
Re-elect Carol Hall,6,31
Protect Napa Watersheds,6,31
Mandy Kimmons for State House,6,31
Jumaane D. Williams,6,31
James Linwood Schulman for Florida House,6,31
Fast Eddie Farnsworth,6,31
Family Farm Action,6,31
Carson Smith for NC House,6,31
Caroline Self,6,31
Building New York's Best,6,31
Rhonda Cole Schandevel,6,30
PathWater,6,30
Josh Hill for Oregon,6,30
FerrariFoxx,6,30
Cort VanOstran for Congress,6,29
Make America great again  female  models,6,28
Ashley Hinson,6,28
State Innovation Exchange,6,26
Send DC A Message on June 5th,6,25
Cecilia Jones for Commissioner,6,23
David Gregory State Representative,6,13
Amanda Septimo,6,13
Tanner Ainge,6,12
Sarah Elfreth for Senate - District 30,6,12
Paul Davis,6,12
Chris Rahlf for State Assembly,6,11
Colchester CT Democratic Town Committee,5,29
Oregon Environmental Council,5,27
NY/CT Association of Tax Professionals,5,27
70MillionVoters,5,27
Silvio Palermo for Sheriff 2018,5,26
Prophecy News Watch,5,26
Planned Parenthood Advocates of Ohio,5,26
Mindvalley,5,26
Courtney Watson -  Howard County,5,26
WipeRecord - Criminal Expungement & Record Sealing Attorneys,5,25
Unexplained on Gaia,5,25
DelcoGOP,5,25
Maria Horn for State Representative,5,24
Derickson K. for Congress,5,24
Tim Donnelly,5,23
Thomas P. DiNapoli,5,23
Jeff Pravato for Senate,5,23
Dr. Josh Green for Lieutenant Governor,5,21
Washington Education Association,5,20
Mark MacKenzie for Congress,5,12
Delegate Riley Moore,5,11
GOP,4,4623
Mi Familia Vota,4,1194
Nate for State,4,584
New Mexico For Equine Rights & Open Government,4,47
VOTEPROCHOICE,4,26
Matt Spritz for State Representative,4,26
Buffy Wicks,4,26
Goutam Jois for Congress,4,25
Kate Brophy McGee - State Senate,4,24
Citizens for Secure Borders,4,23
VoteYes4Success,4,22
Tony Rackauckas,4,22
Palmetto Gun Rights,4,22
Movement for a People's Party,4,22
Kathleen Davies for Delaware State Auditor,4,22
Dean Johansson for District Attorney,4,22
David Trone,4,22
Brenda Gilmore for Senate District 19,4,22
Sharon Brackett for D46 Baltimore City Democratic Central Committee,4,21
Bryce for NV State Senate,4,21
Blacks in the Bible,4,21
Americans For Prosperity Georgia,4,21
Senator Elaine Phillips,4,20
NO on 105,4,20
Mitchell T Tracy for Clark County Commissioner Dist F 2018,4,20
Indica - news,4,20
Ben Albritton,4,20
Patrick Windhorst for State Representative,4,19
Wheeler for NC Senate 47,4,18
State Representative Julie Olthoff,4,18
Republican Assembly Campaign Committee (RACC),4,18
Catherine Rombeau for NH State Representative,4,18
No On AB 2107,4,9
New View Nurseries,4,9
Andrew Friedson for Montgomery County Council,4,8
Lauren Underwood for Congress,3,158
Senator Stephen R. Archambault,3,24
State Representative Manny Diaz Jr,3,21
Internet Forever,3,19
Terry Power for Florida House,3,17
Senator Kelli Stargel,3,17
Republican Governors Association (RGA),3,17
Otha Thornton For Georgia State School Superintendent,3,17
Gentner Drummond,3,17
"Fundamental Healing, P.C.",3,17
Derek Kitchen,3,17
Bryan Zilonis for NATCA President,3,17
Vote Yes for Galgiani,3,16
Vote Philadelphia,3,16
VOTE Hetherington,3,16
Stand for Children - Louisiana,3,16
"Scooter Park, State Representative District 65",3,16
Cooperative Baptist Fellowship,3,16
The Tilted Glass,3,15
SEIU Local 1,3,15
Missouri's Voice,3,15
Larry Groh Jr for 51st District State Representative,3,15
Gabe4Council,3,15
Assemblyman Cliff Crouch,3,15
Strategic Solutions for a New Middle East with Denice on the Middle East,3,14
Progress NC Votes,3,14
Mike Collier,3,14
Jewell Horner for Mayor,3,14
Healthy Montana Campaign,3,14
Congressman Peter King,3,14
Terrell Boston Smith,3,13
Red Arrow Media,3,13
New Way California,3,13
Citizen Kelly,3,13
Anna Caballero for Senate,3,13
Watts for Congress,3,12
Tommi Makila for Maryland Senate,3,12
Patient Freedom Coalition,3,12
Brian Mast,3,12
Danielle Meitiv for County Council,3,9
Kristin Robbins MN,3,7
Hank Linderman,3,7
Stephanie Murphy for Congress,3,6
Save San Diego Neighborhoods,3,6
Ron Watson for Maryland,3,6
CWA District 1,3,6
Mary Pat Donnelly for DA,3,5
Lisa Beck for Indiana State Representative - District 19,3,5
Everytown for Lucy McBath,3,5
Elect Sean Stinnett,3,5
Co-ops Vote,3,5
Planned Parenthood Advocates of Michigan,2,229
Lupe Valdez,2,53
Clarence Lam,2,30
Kathy Lewis for Florida State Senate District 20,2,20
Jay Chaudhuri - NC Senate,2,18
Scott Goldberg for Montgomery County Democratic Central Committee,2,17
Jonathan Lewis for Congress 2018,2,14
Senator Bobby Zirkin,2,12
SEIU MN State Council,2,12
Public Safety for a Safer Santa Clara supporting John Hirokawa for Sheriff,2,12
NYC Council Committee on the Justice System,2,12
Michelle Gorelow for Assembly District 35,2,12
Majority Fund,2,12
Jonathan Boos for State Representative,2,12
Jody Gaulin for SC House District 2,2,12
Elect Lori Saldaña for Supervisor,2,12
Bob Hooper for State Representative-a current candidate's musings,2,12
Axiom Strategies,2,12
Yes on Prop E - SF Kids Vs Big Tobacco,2,11
Councilmember Roberto Uranga,2,11
CBD! - Historic Downtown Miami,2,11
Bob Lucey,2,11
Bob Huff,2,11
Andrew White,2,11
Amanda Rigby for State Assembly,2,11
Wade Carlisle for Senate,2,10
Voters - Not Politicians,2,10
Vote Crier For Marion County,2,10
Shannon Braddock for State Senate,2,10
NY Nurses United for Quality Care,2,10
Michelle Ostrelich for State Senate,2,10
Mark Romanchuk,2,10
Great Lakes Gun Rights,2,10
Elect Bill Veitch Jefferson County District Attorney,2,10
Diane Seaman for Ky House,2,10
Clare Collard,2,10
Cheri Helt for State Representative,2,10
Californians for Eleni Kounalakis for Lt. Governor,2,10
Bestsolarpowertoday,2,10
Angela D. Alsobrooks,2,10
ACLU of Southern California,2,10
Yes for Affordable Housing,2,9
UDW Home Care Providers Union,2,9
JP Martin for Arizona House,2,9
Heartland Gazette,2,9
Good Business Colorado,2,9
FamiliesforLuz,2,9
Dan Caulkins for Illinois State Representative,2,9
CLSA - California Life Sciences Association,2,9
Bobby Kuppers for NC Senate,2,9
Sean Shaw,2,8
Perspective Wealth Planning,2,8
Mikos for Mayor of El Mirage,2,8
Kennett Democrats,2,8
Karen Heggen Saratoga County District Attorney,2,8
Jill Norgaard for AZ House,2,8
Dr. Letitia Plummer,2,8
Dan Hynes for N.H.Senate District 9,2,8
Citizens Clean Elections Commission,2,8
Campbell For NC Senate,2,8
"Allison ""Allie"" Petrus",2,8
Fight for $15,2,6
Orange County Desal Coalition,2,5
Colin Van Ostern,2,5
Ben Shnider for County Council,2,5
State Farm,2,4
Searcy for State Senate,2,4
People's House Project,2,4
NRCC IE,2,4
Maggie Toulouse Oliver,2,4
Jon Weinstein - Howard County Council,2,4
Elisabeth Espinosa for Circuit Court Judge,2,4
DefendArizona,2,4
Colette Davies for District Court Judge,2,4
Re-Elect Senator Rich Funke,2,3
Lily Qi for State Delegate,2,3
Brandy Brooks for Montgomery County - MD,2,3
Adam Gray for Assembly,2,3
Hidden Tips,1,1002
Friends of Glenn Thompson - Team GT,1,224
Ellie Mitchell,1,50
Support Our Schools,1,18
Terrence Murphy,1,14
Lone Star Tribune,1,14
Elaine Phillips for NY Senate,1,13
Claudia Tenney's Healthcare Disaster,1,11
Dave Yost,1,10
YWCA Arizona - STAT-Stand Together Arizona Training & Advocacy,1,7
Vote Yes for 6A,1,7
Shayan for Irving,1,7
Senator Sue Serino,1,7
Oregon Education Association,1,7
Martin Harry,1,7
Mark Mantovani,1,7
Flood Control District,1,7
Emily Randall for Senate,1,7
Elect Karl Dean,1,7
Delegate Marc Korman,1,7
Bill Conway for Council,1,7
WNBA,1,6
Travis Allen,1,6
Tim Walz & Peggy Flanagan: A Minnesota for All of Us,1,6
Stop Trial Lawyer Greed,1,6
Sarah Lacey for AACo Council District 1,1,6
Sam Gladney,1,6
Re-Elect Sandra Little Brown,1,6
Prop 3: Utah Decides,1,6
"President Joe Shirley, Jr.",1,6
Nuchhi for Delegate,1,6
Marty Golden for NYS Senate,1,6
Make HIM Great,1,6
Kellogg for NC House,1,6
Kansas Values Institute,1,6
Jake Highfill,1,6
Friends of Derek Kawakami,1,6
Florida Sunlight Project,1,6
Erin Zwiener for Texas House,1,6
Eric Rutherford,1,6
Elect Ellen Daigle Doskey,1,6
Ashley Gaudiano for State Representative,1,6
Andrés Cano,1,6
Vivianne del Rio,1,5
UFT - United Federation of Teachers,1,5
Troy Hill for Mayor,1,5
Tom Gordon for County Commissioner,1,5
Steve Papermaster,1,5
Stacy Brookman for Yuba City Council,1,5
Riverhead Business and Citizens  for Sustainable Development,1,5
Ray Guillory For Escambia County School Board District 2,1,5
Mark Gordon,1,5
Justin Nelson,1,5
Home Energy Guide,1,5
Florida Knows Best,1,5
Early vote on July 10th for Danny O'Connor,1,5
David Kim For Congress,1,5
Cindy Asche for State Chairman,1,5
Al Lawson for Congress,1,5
SunCommon,1,4
Steuart Pittman for County Executive,1,4
Richmond District Democratic Club,1,4
Retirement Wealth Network,1,4
"Re-Elect Jose ""Pepe"" Diaz 2018",1,4
No Nuclear Bailout,1,4
McDonough for Judge,1,4
Kevin Daley for State Senate,1,4
Hartman for State Delegate,1,4
Erin Stewart,1,4
Dorothy For Congress,1,4
"David Penaloza for Santa Ana City Council 2018, Ward 2",1,4
Clean Energy Jobs Ohio,1,4
Chupack for Judge,1,4
CSEA Local 1000,1,4
Zach Wahls,1,3
Treasure Coast Conservatives,1,3
Tera Salango For Circuit Judge,1,3
State Representative Richard Brown,1,3
Sharon Hirsch for Texas HD 66,1,3
Senator Rob Ortt,1,3
SC Club for Growth,1,3
Rep. Brian White,1,3
ProgressVA,1,3
On Right Report,1,3
Ohio Green Medical Clinic,1,3
New Mexico Oil & Gas,1,3
New Direction PAC,1,3
Mike Kaczmarek for Wright County Sheriff,1,3
Meet Tim Pawlenty,1,3
Lisa Rodvien for County Council,1,3
Kathryn At Lee Marsh,1,3
Jeff Johnson,1,3
Jay Edwards State Rep,1,3
Jason Hunt,1,3
James Howard for Delegate,1,3
Igor Limansky for Utah,1,3
Heather Matson for Iowa House,1,3
Doug Carel for District Judge 2018,1,3
Dotzenrod for Agriculture Commissioner,1,3
Democrats for Education Reform DC,1,3
"Debra W. Johnson CPA, PC",1,3
David Frank for Circuit Judge,1,3
"Dave Harder, Broome County Sheriff",1,3
Craig Christenson for Alaska House District 13,1,3
Council Member Rory I. Lancman,1,3
Cole Peck for State Representative,1,3
Coachella Valley,1,3
Chezia Cager,1,3
Campaign Zero,1,3
Bill Smethers for Sheriff,1,3
Bill Baldwin for Rockingham County Sheriff 2018,1,3
Taylor Sappington for State Representative,1,2
Steve Knight,1,2
Louisiana Chemical Association,1,2
Kevin Mack for Delegate,1,2
Interwest Energy Alliance,1,2
Equality Texas,1,2
Alex Villanueva,1,2
Rhode Island Votes,1,1
Labor Guild,0,54734
Truth Examiner,0,32451
Senator Richard J. Ross,0,27403
Redfin,0,24967
The Children's Trust,0,21978
Ryan O'Donnell for State Senate,0,19980
Solstice,0,17756
Ray for Rep,0,16983
Enzo for Selectman,0,12816
Anthony J Andronico,0,10989
Airport Workers United,0,6991
Full Medicare,0,6001
Ann-Margaret Ferrante,0,5994
Newsweek,0,5433
Tahirah Amatul-Wadud,0,4995
Kevin Higgins for State Representative,0,4995
Chris Hendricks,0,4995
Cheryl Gordon for City Council District 5,0,4995
Cambridge City Councillor Quinton Zondervan,0,4995
Amina Mouna Elmansouri,0,4995
NTD News,0,4664
Where's Warren?,0,3996
Clearing out the Clutter,0,3300
TheJobNetwork,0,2997
Steve Leibowitz for State Rep,0,2997
Norfolk County Homes at Keller Williams,0,2997
Massachusetts Should Do Better,0,2997
Massachusetts Local News,0,2997
Dylan Fernandes,0,2997
Allen Waters for U.S. Senate,0,2997
Tanya Neslusan Candidate for State Representative,0,2994
Vote Stan Marcincyzk,0,2984
WhyHunger,0,2862
CANVAS Unplugged,0,2239
Conversations with Bill Kristol,0,2215
Winchester Democratic Town Committee,0,1998
Vote Yes on 2 Massachusetts,0,1998
Rep. Josh Cutler,0,1998
Preserve Charlton's Character,0,1998
Pembroke News,0,1998
Patrick Littlefield,0,1998
P2P,0,1998
Mayor Joe Petty,0,1998
Mattapan Republicans,0,1998
Massachusetts Senior Games,0,1998
Jeb Bush Orchestra,0,1998
EMPath,0,1998
Cummings Financial Advisory Group,0,1998
Committee to Elect Forrest Bradford,0,1998
Clean Up Downtown Framingham,0,1998
Billerica Democratic Town Committee,0,1998
15-40 Connection,0,1998
It's Pittsfield Tonight,0,1979
DAV 5K - Run to Honor Veterans,0,1897
Reggae Sunset Cruise,0,1888
"Re-Elect Brian W Murray, State Representative",0,1647
Appalachian Mountain Club,0,1633
Humans of Tumblr,0,1499
Social Security Answered,0,1436
Kathleen Cleary for NYS Senate,0,1299
Mike Levin,0,1221
Hillsdale College,0,1210
Little Dictator Game,0,1187
Intelligence is sexy,0,1166
Save the Redwoods League,0,1088
Stand with Parkland,0,1060
FOUR PAWS USA,0,1055
Our Lady of Victory Homes of Charity,0,1020
Great America PAC,0,1019
Wraps N' Bowls,0,999
WittyFeed,0,999
West Springfield Democratic Committee,0,999
Weforshe,0,999
We Can Do Better Wakefield,0,999
VoteRemote,0,999
Verdi Studio,0,999
Trialspark.com,0,999
To The Moon And Back,0,999
Thinking Humanity,0,999
The Prayer Project,0,999
Team Tagger 4 Brockton,0,999
TIM-SCAPES,0,999
Sustainable Politician Project,0,999
Survivor Arts Collective,0,999
Steve Weatherford,0,999
State Senator Kathleen O'Connor Ives,0,999
State Representative Susannah Whipps,0,999
State Representative Jon Zlotnik,0,999
"South Shore Stars: Excellence in Education, Enrichment and Family Support",0,999
Skitcom TV,0,999
ScholarJet,0,999
Sandonato Law,0,999
SNOWE,0,999
Rustic Marlin,0,999
Rotary Club of Hyannis,0,999
Rose & Cole's Co-op Transport,0,999
Retirement You Workshops,0,999
Pay Our Interns,0,999
OctoCog,0,999
Nicole Marie Consulting,0,999
Needham Coalition for Transgender Equality,0,999
Nantucket Cares,0,999
Monster,0,999
MoneyWise.com,0,999
Merrimack Valley Central Labor Council,0,999
Massachusetts Supporters For President Donald J Trump,0,999
Massachusetts Policy and Organizing Leadership Academy,0,999
Massachusetts Jobs with Justice!,0,999
Lmao Mommy,0,999
Leo Brehm  Medfield School Committee Information,0,999
Kerr Griffin,0,999
Keep Hyde Park Beautiful,0,999
Katie Bilotta's Real Estate Home Tips,0,999
Juventas New Music Ensemble,0,999
Julian Cyr,0,999
JPNDC,0,999
Inequality.org,0,999
Impeach Trump Run,0,999
Husky Environmental Action Team,0,999
Hawthorne Commons,0,999
Hannaforward,0,999
"Greater Haverhill Indivisible, MA",0,999
Grafton Special Education Parent Advisory Council,0,999
Funniest Memes,0,999
Friends of Cold Spring Park,0,999
FairVote,0,999
Essex Council on Aging,0,999
Embassy of the Netherlands in the United States,0,999
Election Day Strategies,0,999
Edward M. Kennedy Community Health Center,0,999
Disrupt Massachusetts,0,999
Dingle Dog,0,999
Detection Inspection Services,0,999
Debbie Wood State Representative District 38,0,999
David Salvatore for Walpole Selectman,0,999
Darrin D. Howell,0,999
Dark Disciple Movie,0,999
Cohasset Democratic Town Committee,0,999
City Yonder,0,999
Center Square Grill,0,999
Cambridge Residents Alliance,0,999
Caged Man of Buckland,0,999
Brandeis University African and Afro-American Studies Department,0,999
Blackstone Democratic Town Committee,0,999
Being Teen,0,999
"Becca Rausch for MA State Senate - Norfolk, Bristol, and Middlesex",0,999
Bay State Banner,0,999
Ayer DTC,0,999
Andrea J. Campbell,0,999
AmherstWorks,0,999
Alisa Brewer for Town Council,0,999
Alberto Vasallo,0,999
ActiveBeat,0,999
ALL CPAs,0,999
A Better Cambridge,0,999
The New American Statesman,0,998
Typical New England,0,992
Summer Schmaling Candidate for State Representative,0,979
Congressman Richard Neal,0,975
Western Mass Recovery Learning Community,0,974
Senator Dan Innis,0,972
Law Offices of Michael O. Smith,0,957
Jordan Rich,0,941
"Kris Aleksov for Norfolk, Bristol and Middlesex MA State Senate",0,939
Boston Does Broadway,0,938
Karen Cirillo - Lowell City Councilor,0,916
Stuart Shapiro,0,913
The Law Offices of Dean J. Barbera,0,908
Boston's Real Estate Minefield,0,905
Brunch Krowd,0,859
Good Jobs Nation,0,858
Peaceful Paws Pet Care,0,841
Abogado de Inmigración • Carlos Santiago,0,764
We Stand For Energy,0,702
Political and Civic Involvement Opportunities Inc.,0,671
Pony Salon Education,0,646
Tammy Baldwin,0,639
SupChina,0,610
Tim Wessel - Brattleboro Selectboard,0,609
Honoring Our Veterans,0,583
Tom Falter for State Senate,0,509
Senator Ron Wyden,0,500
Orbis Law,0,500
NIAC,0,500
Memes,0,500
Keep Abortion Safe,0,500
Housekeeping 101,0,500
Hirepurpose,0,500
Guff,0,500
BuzzyShare,0,500
Bob Menendez for NJ,0,500
Better Angels,0,500
Moms Clean Air Force,0,444
Matt Longjohn,0,428
Bottlepops USA,0,416
"Mitchell Blatt, Political Columnist",0,387
EnergyBoom,0,381
Huru International,0,375
Discover Portsmouth,0,371
Kulkarni for Congress,0,348
Fine Political Items,0,341
Tape Daily,0,333
Nation.com,0,333
Live in the Philippines,0,333
Kenneth Cole,0,333
Switch to Solar Today,0,324
Delgado,0,287
Josh Harder,0,283
iBillionaire,0,250
Signs On The Cheap,0,250
Comedy Central Stand-Up,0,250
BrainFall.com,0,250
Center for American Progress,0,246
Bill Bartholomew,0,244
Mark Fernald for State Senate,0,219
Plowz & Mowz,0,205
Teyana Taylor,0,200
Ivory Ella,0,200
Be Conscious. Be Kind.,0,200
Emerge Maine,0,198
AARP Foundation,0,195
The Leadership Conference on Civil and Human Rights,0,193
Workpop,0,190
"Annie for Senate, Connecticut's 7th District",0,186
Maple Heights African American Gazette,0,180
Mean Memes,0,179
"Chloe Sowers for Hillsborough District 45, West Manchester Wards 10, 11, 12",0,175
Bill Degnan democratic candidate District 39,0,175
Ron DiNicola for Congress,0,172
Revival Rugs,0,167
My Top Kickstarter Projects,0,167
Politicon,0,166
My Progressive Faith,0,166
I Am CA22,0,162
Dead Harrison,0,157
John Upchurch for Congress,0,154
ScienceDump,0,143
Addicted to Golf,0,139
Renee Hoagenson for Congress,0,138
Prizeo,0,136
American Greatness Apparel,0,136
ASPCA,0,136
Leafico,0,133
Pirani Life,0,125
Cold-Fix,0,125
Citizen SHE,0,125
Children of the Night Inc,0,125
Change Your Range,0,125
Virtual Strides,0,122
Love Crunch,0,120
The University of Chicago,0,119
Boston Strategies International,0,118
Mariah Phillips for Congress,0,114
11th Hour Racing,0,114
United States Holocaust Memorial Museum,0,113
Ned Lamont,0,113
Real Justice,0,112
Progress News Network,0,111
MagiQuiz,0,111
大紀元&新唐人－舊金山（EpochTimes & NTDTV - San Francisco）,0,109
US Tech Workers,0,108
ThoughtFull,0,108
Dan Kohl,0,108
"Important, Not Important",0,103
Fipple,0,102
Brenda Siegel for Governor,0,102
TopBuzz Advertising En,0,100
"Sarah Poriss, Attorney at Law, LLC",0,100
Civic Builders Inc.,0,100
561ForwardProgress,0,100
Green Matters,0,98
Julie Kushner for State Senate,0,97
Kanew for Congress,0,94
Kenny Marchant,0,91
11 Bravos,0,91
Laxalt Taking Nevada Backward,0,90
Wisconsin Red to Blue,0,88
Tony Gennaro for State Representative 100th District,0,88
Sun Gazing,0,87
"NewGen Surgical, Inc.",0,87
Linda Rea Camarota for State Rep,0,87
Jessica de la Cruz for Senate 23,0,87
The #News,0,86
My Faith Votes,0,85
Councilman Anil Beephan,0,85
Planetary Hospice: Overcoming Climate Trauma,0,84
Ananta Stones,0,84
Sleep Out America,0,83
Rivet + Box,0,83
Planet Love Life,0,83
Home Security Care,0,83
Derrick Nowlin for the 134th,0,83
Thieves in the Temple,0,82
The Dean Obeidallah Show,0,78
Single Member Districts,0,77
Rosa DeLauro,0,77
Curiosity,0,77
The Gordon School,0,76
Population Connection,0,76
Jenna F. Hill,0,76
NextGen Jane,0,74
Lawyers of Distinction,0,74
CAPP USA,0,74
"Race, Racism and the Law",0,73
New York Bully Crew,0,73
Voices for Refugees - أصوات لأجل اللاجئين,0,71
The Fortune Society,0,71
Real Science Store,0,71
Jan Schneider,0,71
The Committee to Defend the President,0,70
Dan Toomey for Nashua Ward 5,0,69
Compassion in World Farming (USA),0,69
X Straws,0,67
Vote Uribe,0,67
Voices for Healthy Kids,0,65
Gabriel Project Mumbai,0,65
UPolitics,0,64
Susterra Propanediol,0,64
Chrissy Houlahan,0,64
ZVRS,0,62
UsAgainstAlzheimer’s,0,62
Soi Dog Foundation,0,62
EveryDistrict,0,61
PI Clothing Company,0,59
Bruce Johnson,0,59
Sarcasm Society,0,58
Council for Responsible Nutrition,0,57
Opportunity First,0,56
Cigars Lovers Club,0,56
Beverly Powell,0,56
Surviving Retirement,0,55
Global Justice Center,0,54
People's World,0,53
Molle & Alice,0,53
Fauzia4Corona-District4,0,53
RainbowKinect.com,0,52
NanoFlow X,0,52
State Representative Tami Zawistowski,0,51
Marc Alex Cool,0,51
Zionist Post,0,50
Surfrider Foundation,0,50
Standard News,0,50
Nano Vision,0,50
Multicultural Media Correspondents Association,0,50
Diane Mitsch Bush for Colorado CD3,0,50
Colion Noir,0,50
ACM Strategies,0,50
Nasty Woman Cosmetics,0,49
Matt Morgan,0,49
350.org,0,49
Lock Him Up,0,48
Likewise Media,0,48
Two Party Opera,0,47
Online Carry Course,0,47
North Shore Child and Family Guidance Center,0,47
Michelle Malkin Investigates,0,46
Action.GOP,0,46
Politicallyincorrecthumor.com,0,45
Ilhan Omar for Congress,0,45
World of Children,0,44
World Relief,0,44
"Bioceutica, LLC.",0,44
Helena Ivanovski,0,43
Founder of the Day,0,43
End the NRA,0,43
Daniela Abbott for Portsmouth Town Council,0,43
T'ruah,0,42
Screw the Republicans,0,42
Patriots United for Freedom PAC,0,42
POW Action Fund,0,42
LGCY Power,0,42
Anthony Bonna,0,42
Raúl Grijalva,0,41
REDF,0,41
Working America,0,40
The Daily Pick,0,40
Seafood Harvesters of America,0,40
Libby Fischer Hellmann,0,40
Kenneth Mejia for Congress,0,40
HomeGrown Tees,0,40
Association of Young Americans,0,40
UJA-Federation of New York,0,39
The Patriot Center,0,39
Susie Lee,0,39
Sarcasm,0,39
Makeamericatees,0,39
Intersections,0,39
Friends of Phil Chabot,0,39
David and Lucile Packard Foundation,0,39
Esendom,0,38
Dr. Hyun Jin Preston Moon,0,38
Connecticut Fair Housing Center,0,38
Connected Commerce Council,0,38
Christians Taking Action for America,0,38
Washington Senate Democratic Campaign,0,37
Alerta Política,0,37
realtor.com,0,36
Outrider Foundation,0,36
LMFAO,0,36
Kibbe on Liberty,0,36
Jess Ekstrom,0,36
Expanded Consciousness,0,35
Pay for Ed,0,34
Pape for Maine House,0,34
Nellie Gorbea,0,34
Jonathan Porter for Delegate,0,34
Eric Swalwell,0,34
Dana Young,0,34
Curiam Capital LLC,0,34
Clean Energy Authority,0,34
America First Action,0,34
Practically Political,0,33
Left Over Rights,0,33
Ethiopians For New Ethiopia,0,33
ACT Foundation,0,33
Zylstra for County Commissioner,0,32
University of Virginia School of Law,0,32
The Global Catholic Climate Movement,0,32
Republicans Fighting Tariffs,0,32
Justice Gaines for Providence City Council Ward 1,0,32
Ipsos Public Affairs,0,32
Everything Veterans Day,0,32
Anybody seen my slippers ?,0,32
Angry Azian Unique Boutique,0,32
Yes We Did: Amazing Achievements In African American History,0,31
Cotton Case,0,31
Scribol,0,30
Notorious Rbg - Protect Women Power,0,30
Michael Blake,0,30
Campaign for Dave North,0,30
Beisbol Mundial,0,30
Marty Lemert 4 State Rep,0,29
Latinx Spaces,0,29
Just Trumpy Things,0,29
Bob Stefanowski,0,29
Blue Mafia,0,29
Silverline Gear,0,28
People,0,28
Outschool,0,28
MTC Changes Lives,0,28
Liberal America,0,28
Humble Household,0,28
Great Public Schools for US,0,28
Fight For Good,0,28
Councilor Terry Clark,0,28
Alderman George A. Cardenas,0,28
We Will Ride,0,27
RevTees,0,27
Maine Republican Party,0,27
Lion Technology Inc.,0,27
Latino Community Fund -LCF Georgia,0,27
Ike 4 NC 14,0,27
Hemlock & Salt,0,27
Gene W. James for San Clemente City Council,0,27
Art Swann,0,27
The Libertee Company,0,26
People's Daily app,0,26
PIVOT - The Progressive Vietnamese American Organization,0,26
Ocean Helper,0,26
I'm so weird,0,26
Dovetail Workwear,0,26
Brown Girl Club,0,26
Paul Kerr for Congress,0,25
Jim Jubak,0,25
Isha Foundation,0,25
DissDash,0,25
Business Forward,0,25
BitGive,0,25
American Freedom,0,25
The Ben Shapiro Show,0,24
SunnyThing,0,24
Sean Whalen,0,24
Myne Whitman Writes,0,24
Lucas Trend,0,24
Libertarian Coalition,0,24
Keystone State Education Coalition,0,24
Keezel,0,24
God Is On Our Side,0,24
Emma Pinter for Adams County Commissioner,0,24
Clearvuetv,0,24
Cindy Lake For County Commission G,0,24
Champion Is Born,0,24
Brut,0,24
United Democratic Club,0,23
Theo Ellington for D10 Supervisor 艾霖敦,0,23
Taco John,0,23
Sarasota citizen Martin Hyde,0,23
Proxymate Cause,0,23
I love it when I wake up in the morning and Donald Trump is President.,0,23
How about dont build the wall?,0,23
Wyoming Hunters & Anglers Alliance,0,22
World Race,0,22
RepairPro,0,22
"Omara Strategy Group, LLC",0,22
Heritage Africa Safaris,0,22
Giraffe Heroes,0,22
BJJ Tee Club,0,22
6nov18,0,22
Z. SMITH,0,21
The Linda - WAMC's Performing Arts Studio,0,21
Sean Kilduff for Smithfield Town Council,0,21
Molekule,0,21
Mike Gallagher,0,21
Judge Kenyon for Ontario County Court,0,21
Jewish Democratic Council of America,0,21
Good Enough,0,21
Flip Wyoming,0,21
Emerging American Majorities,0,21
Dugout,0,21
Don't Slack,0,21
Aaron Harris Sr.,0,21
Washington Independents,0,20
The Future of The US Congress,0,20
The Federal Practice Group Worldwide Service,0,20
The Bowery Mission,0,20
Populist Wire,0,20
MrStuff1000000,0,20
Life Eternal,0,20
Hannah L. Drake,0,20
Faraz Harsini,0,20
Dusk to Dusk,0,20
BabyGaga,0,20
Andy Fleischmann,0,20
American Chemistry,0,20
Advocacy Tees,0,20
Young Evangelicals for Climate Action,0,19
Valerie Horsley for CT State Senate,0,19
Roberto Sanchez Garcia for State House,0,19
"Real Estate Worldwide, Inc",0,19
Qgiv,0,19
Ohio Politics,0,19
"Marchon Tatmon, Mayor of Oakland 2018",0,19
Lucky Bastard Company,0,19
Libertarian Shaman,0,19
Koch Parafinczuk Wolf Susen,0,19
Jeffrey Fleischman,0,19
Inside 254 Podcast,0,19
Charlene Butts Ligon,0,19
American Asset Protection Community,0,19
Vera Institute of Justice,0,18
Trendchaser,0,18
Terry Clark For Cheshire County Treasurer,0,18
Not My NRA,0,18
Mobile Conservative,0,18
Linda Jack,0,18
Jennie Lou Leeder for U.S. Congress TX-11,0,18
Busco a Quique,0,18
Betsy Rader for Congress,0,18
Autism Action Group,0,18
Tim Greimel,0,17
The Meanest Woman Alive,0,17
Sons of Liberty Tees,0,17
Shippabo,0,17
Ryan Weaver Patriotic Voice of the PBR,0,17
"Roque  ""Rocky""  De La Fuente",0,17
Pursuit,0,17
Nicole Miller for OK,0,17
Mayor Lee Deen,0,17
Ginger Garner for NC Senate,0,17
FANschool,0,17
Boucher For CT,0,17
Zillow – Premier Agent,0,16
Shireen for Congress,0,16
Progress Michigan,0,16
Military Home Life,0,16
Keep Our Town in Democratic Hands,0,16
Informing Christians,0,16
Fleming for Putnam,0,16
Elizabeth Baker for District 2 Hamilton County Commissioner,0,16
Elite Tech News,0,16
Dr. Dena Grayson,0,16
Don Davis,0,16
Coastal Addiction Center,0,16
Chris Voccio for Niagara Falls,0,16
Capturing The Flag,0,16
peacebuttons,0,15
Yes On 1631,0,15
Stands,0,15
Quora,0,15
Our Kids 1st - Our Schools Now,0,15
Neal Simon for U.S. Senate,0,15
NUNYO & COMPANY,0,15
Kraut for CT.,0,15
Jack Gibson for Water Board 2018,0,15
Health Forum,0,15
Generation 180,0,15
Dylan Haris,0,15
Denton Progressives,0,15
Bay Harbor Vision,0,15
Veterans Education Success,0,14
Scribd,0,14
"Nicholas ""Nick"" Richardson For Chief of Police",0,14
Liberty News,0,14
Las Vegas Newspaper,0,14
Joe McBride for State Supreme Court,0,14
Fred Costello For Congress,0,14
Financial Repair,0,14
Concerned Women For America LAC,0,14
Committee to Elect Larry Piegza,0,14
Comic Book Resources,0,14
"80,000 Hours",0,14
10-4 Gear,0,14
Support The Blue,0,13
Scott Cepicky for State Representative,0,13
Sarah Smith for US Congress,0,13
Prayer Call,0,13
Military Pride,0,13
Killing The Void Podcast,0,13
Jordan for Governor,0,13
Jared Lemmons,0,13
Green Pregnancy and Center for Women's Health,0,13
836M,0,13
Vote4DA,0,12
Urban Intellectuals,0,12
Union Stripes Flag Company,0,12
Steven Cianci for Ward 5,0,12
Pam Menefee for the 61st,0,12
Help for Ovarian Cancer Victims,0,12
Center For Progressive Urban Politics,0,12
Catskill/Palenville Toxic Landfill Experience,0,12
Bill Pollard for Congress FL-17,0,12
Alpha Elite,0,12
Adrian Plank for the 47th,0,12
AFGE,0,12
2018 Hot Deals,0,12
We Build Value,0,11
San Diego Rapid Response Network,0,11
Rob Machado,0,11
Katz Liberty Books LLC,0,11
John Sarbanes,0,11
George Thomas Clark Page,0,11
Cumberland University,0,11
Brad Schmitt for House District 82,0,11
4Patriots,0,11
Tim Lingerfelt For State Representative,0,10
The Wildcard,0,10
The House of Tees,0,10
Road Scholar,0,10
New Yorkers Together,0,10
Nano Hearing Aids,0,10
Lashar for Congress,0,10
Hillsdale College Online Courses,0,10
Eyes and Mind Wide Open,0,10
Elaine Luria for Congress,0,10
Cheddar Big News,0,10
Born Red,0,10
"Affordable Housing for All, Yes on Prop D",0,10
The Other Hudson Valley,0,9
Texans for Natural Gas,0,9
Refi Marketplace,0,9
Ranker,0,9
PrimePay,0,9
Paleo Politico News,0,9
Liberty or Death Project,0,9
Juan Figueroa for Ulster County Sheriff,0,9
Johnathan S. Perkins,0,9
Joe Cunningham,0,9
Hot Moms Club Buzz,0,9
Hot Air,0,9
Federal Retirement Resources,0,9
Elect Judge Victoria McKay Kennison for Circuit Court Judge,0,9
Dave Rose for State Representative HD 56,0,9
Citizen Ed,0,9
Arcadia Power,0,9
Amazingbobbleheads.com,0,9
Allison Gilman For Judge,0,9
Access Fund,0,9
Viviana Janer for Osceola,0,8
Viral Fabulous,0,8
The Oak Initiative of Arizona,0,8
Stephanie Pitcher for House,0,8
MDWCOMM,0,8
Lower My Bill,0,8
Jennifer Benson for NC House,0,8
Giving Care,0,8
Camille Coolidge-Shotwell For Judge,0,8
Bruce Fox,0,8
Blue Banter Saugerties,0,8
Ben Jealous,0,8
The Arc of the United States,0,7
Solar Rebate Today,0,7
Social Math® Initiative,0,7
Rednecknationco,0,7
One Tree Planted,0,7
Kimberly-Carr Home Designs,0,7
Gloria Walker For Judge,0,7
Get Money Out - Maryland,0,7
Dr. Tilawen,0,7
Commissioner Thomas Morgan,0,7
Barbara Cady,0,7
BIgBridge,0,7
Aspen Republican,0,7
Adam Milasincic for Texas State Representative,0,7
The Million Voter March,0,6
Saturn for Utility Commissioner,0,6
Rock Steady Ecommerce,0,6
National Pediatric Cancer Foundation,0,6
Let Them Live,0,6
Joy After Darkness,0,6
Jason Reese for House District 83,0,6
James Holcombe for Ormond Beach Zone 4.,0,6
Glenn Hurst,0,6
Family Policy Alliance,0,6
Dr. Kira Banks,0,6
Doug On Tap,0,6
Conservative Republic,0,6
Cheryl Grieb For Osceola,0,6
Boita Bag Co.,0,6
Ben Carmitchel for State Senate 16th District,0,6
The Peanut Dude Boiled Peanuts,0,5
The Black Conservative Post,0,5
Richard Cronshey,0,5
Repair Our Schools Now,0,5
Protect CA Health Care,0,5
Penguin Teen,0,5
Peggy Scott for MN House,0,5
New Avenues Democratic Club,0,5
Los Angeles County Regional Park and Open Space District,0,5
Linda Bennett,0,5
Jim Ryan for State Representative,0,5
Jennifer Reynolds For 11th,0,5
Independent Republicans of Wyoming,0,5
Gesslein & Luttrell for Monmouth County Freeholder,0,5
Gayle Kemp for State House,0,5
Friends of Allan Hancock College - Yes on Measure Y,0,5
Debbie Stabenow,0,5
D. Ware - CEO KeraVada,0,5
Black Tropical,0,5
Aimy Steele for NC House 82,0,5
We Built This,0,4
Top Conservative,0,4
Tom Palzewicz for Congress,0,4
Stevevonna For 2018 Adelanto City Council,0,4
Sarah Palin,0,4
Rapha House Freedom Boutique + Gallery,0,4
Newseum,0,4
Mike Smith,0,4
Marc Snyder for House District 18,0,4
Leigh Boland Jones for State Representative,0,4
Eightyfive Miles,0,4
Dontchaknow,0,4
Dana Nessel for Michigan Attorney General,0,4
Da'Quan Love for NC House,0,4
"Brandon Arrington, Osceola County Commissioner",0,4
Alessandra Biaggi,0,4
Twinkle Andress Cavanaugh,0,3
Susan Sneed for TN House District 20,0,3
Stop Irresponsible Frick Development,0,3
Steve Mikutel,0,3
Rick Tillis State Representative 92nd District Tennessee House,0,3
Nick Guy,0,3
National Institute for Reproductive Health,0,3
Napoli for State Rep,0,3
NRAmerica Film,0,3
Myprariereader,0,3
Monmouth County Democrats,0,3
Lisa Mathis for House District 51,0,3
Linda Gross for the Az House- LD8,0,3
Joe Morgan for City Council,0,3
Gamewatchers Safaris & Porini Camps,0,3
Florida Policy Institute,0,3
EllynJeager4ga,0,3
Dreamshop0007,0,3
Devoted Apparel,0,3
Bill Magee for Assembly,0,3
Winning With Solar,0,2
We the People - Pennsylvania,0,2
Vote Lisa Moore,0,2
The Solar Institute,0,2
Sumer Cooner for Caddo Parish School Board Member District 8,0,2
Sue Hatfield for CT Attorney General,0,2
"Steven Sainz, GA State House",0,2
Steve Dixon for Mayor,0,2
State Representative Travis Cummings,0,2
SHEA,0,2
Ryan Nawrocki for Baltimore County Council,0,2
Rob Walker for Ky House,0,2
Re-Elect Trent for Albany County Attorney,0,2
Phillip Ensler,0,2
Orphan Relief and Rescue,0,2
Michelle Ugenti-Rita,0,2
Melanie Nutter - 陸美蓮 - for BART Board,0,2
Maryland House DEMs,0,2
Marc Elrich for County Executive,0,2
Kellyforld23,0,2
Judge Lou Trosch,0,2
Highlands County Republican Party,0,2
FoodKick,0,2
Elizabeth Heng,0,2
Elect Mark Edelson,0,2
Dr Herbert Lee for 39th Congressional District,0,2
Cooperative Action Network,0,2
Colin Schmitt,0,2
Civil Justice Association of California,0,2
Cindy Hyde-Smith,0,2
"Calhoun, Huryk & Lewis for Neptune City Council",0,2
Bobby Cox for State House,0,2
Aurelio Mattucci For Torrance City Council,0,2
Amy Scott Wasyluka for State Senate,0,2
Alfred Twu for Berkeley City Council,0,2
Sue Walker PA 13,0,1
Progressive Champion for Arizona,0,1
Planned Parenthood Mar Monte,0,1
Matt Heinz: He's Hiding Who He Really Is,0,1
JayClark4TN,0,1
David Dambroso,0,1
Citizens for Jim Moran,0,1
Austin Badon for Clerk of First City Court,0,1
USA Workforce,0,0
State Representative Trent Ashby,0,0
SEIU Florida,0,0
Priorities USA Action,0,0
Peisinger for Harford County State's Attorney,0,0
National Fair Housing Alliance,0,0
Majority Forward,0,0
Liberty Mutual Insurance,0,0
Keady for Congress,0,0
"Jeff Bradley, SC District 123",0,0
Jamie Kiel,0,0
JP Kemp for Nevada Assembly District 13,0,0
JB Pritzker,0,0
Instagram,0,0
Grow Louisiana Coalition,0,0
Dan Hamilton,0,0
Committee to Elect Dean Mosley for Circuit Court Judge,0,0
Charlie Baker,0,0
Bridge Project,0,0
Brian Flynn for Congress,0,0
Aaron Day,0,0
