Restoration PAC,8589515,21592248
Scott Walker,6969609,16207706
Strong Wisconsin,4518186,10246332
Americans for Prosperity,4267251,9693895
Defend Birth Control,3891390,9452547
Dark Store Loopholes,3110000,7349979
CFGA Wisconsin,2721239,6461568
For Our Future WI,2324407,5569737
Kurt J Kober,2043837,7128605
Ron Kind,1710993,4194959
Leadership MKE,1531997,5850341
Concerned Veterans for America,1519532,3498881
High Ground Action Fund,1478000,3574977
Tony Evers,1450097,4201537
Kelda Roys,1320000,3674927
Tom Palzewicz for Congress,1281000,3144779
NextGen America,1268146,3928093
Tammy Baldwin,1180000,2652879
Mike McCabe for Governor,1075952,3041704
Cathy Myers,1005893,3321481
Wisconsin Progressives,966421,2562021
Our Lives Our Vote,899000,2459834
MO Research,891089,2295163
Dan Kohl,788723,2454517
Wisconsin Homeowners Alliance,770000,1749983
Marsy's Law for Wisconsin,746182,2583622
Randy Bryce,729972,1987707
Fight For Reform,711437,1557183
Glenn Grothman,614000,1718938
Republican Governors Association (RGA),608068,1963225
Wisconsin Alliance for Women's Health,562000,2509256
Wisconsin Wildlife Federation,510000,1049998
Planned Parenthood,450249,1171355
The Real Lee Snodgrass,400000,1001996
Stop Meth Not Meds - Wisconsin,400000,999998
Republican State Leadership Committee,360000,849996
Wisconsin Freedom PAC,350000,799997
Concealed Online,346888,937514
Brad Schimel,346000,811973
Scott Walker Is Letting Our Schools Crumble,326000,814994
Wisconsin First Political Fund,320000,799995
Progressive Takeover,312000,797915
Mandela Barnes for Lieutenant Governor,276916,620573
UAW International Union,269308,682898
Play Fair Wisconsin,264504,711788
Leah Vukmir,253000,1072912
Speak Up For Education and Kids,242000,617982
Wisconsin Right to Life Victory Fund,215000,559997
Solar Energy Today,213048,616226
Andy Gronik,213000,700958
Human Rights Campaign,204819,767626
AFP-Wisconsin,200543,550354
Bryan Steil,199673,474297
Arvina Martin,187000,620986
American Federation for Children Action Fund - Wisconsin IE Committee,179000,686974
Associated Builders and Contractors of Wisconsin,176823,557099
Wisconsin Right to Life,172789,405170
Paul Soglin for Governor,161000,475990
Children's Hospital of Wisconsin,159974,349944
Wisconsin for Public Lands,156000,674980
Josh Pade,154000,590983
Kathy Bernier - Wisconsin Values,150000,300997
Caleb Frostman for State Senate,143000,372961
Treasurer Michael Frerichs,142000,451922
Matt Flynn,141000,407914
Ewert For Congress,140923,528612
Gary George 4 Congress,138999,571935
Kevin Adam Steen For Congress,138000,674983
Milwaukee County Sheriff Schmidt,133000,570956
Lee Snodgrass for State Senate,132000,347985
Winker for Wisconsin,126999,440924
Paul Nehlen,120901,364589
Plumer for Assembly,120000,604954
Josh Kaul,119000,481931
Dittrich for 38th Assembly District,119000,400986
Goyke for Wisconsin,119000,286984
Americans for Prosperity Foundation,116019,282272
Team Fred Kessler 2018,112000,380989
GOP,108000,533789
The Tax Scam,107000,219995
Democratic Climate Action,101337,203616
The Real Robyn Vining,101000,204997
United Way of Wisconsin,100000,199999
U.S. Chamber of Commerce,100000,199999
Planned Parenthood Advocates of Wisconsin,100000,199999
Sheriff Bieber,95000,309949
Fix Politics Now,93621,504115
Vipond for Congress,90000,361957
Kevin Nicholson,88000,364986
Jon W Schultz for Wisconsin Senate,87536,404553
Protect Our Workers' Earned Retirement Coalition,85000,409991
Tom Sieber,81000,361983
CERS - Committee to Elect a Republican Senate,80000,332977
Re-Elect Representative John Spiros,80000,309989
Gwen Moore for Congress,80000,249996
One Nation,78000,344988
Wisconsin LGBT Chamber of Commerce,77974,361852
Shawn Becker for Wood County Sheriff,76000,275960
Congressional Leadership Fund,75020,315076
Shabnam For Wisconsin,74000,314973
National School Walkout,73044,226897
The Real Rob Grover,70000,199997
Orpheum Madison,70000,199997
Howard Marklein,65000,309993
Schulteis for Sheriff,64000,295983
Recycle Cartons,63996,298917
Mahlon Mitchell,62783,241894
March For Our Lives,62155,160790
David Zoerner for Kenosha County Sheriff,61812,263573
NextGen Wisconsin,61000,274992
"Nikiya Dodd for Alderwoman, District 5",61000,146985
DoSomething.org,60151,150584
MKE JobLines,60000,149998
Alicia Leinberger,59138,265759
Donald J. Trump,58310,358622
Steineke for Assembly 2018,58000,215988
ACLU,57516,144048
Oldenburg for Assembly,55000,111755
Liz for Wisconsin,53000,266970
Mark Martello for Assembly District 35,53000,236989
The Voter Participation Center,52389,418187
PragerU,51407,109085
Patty Schachtner,51000,106996
Digi.City,50000,99999
Can We Trust Caleb Frostman?,47000,238985
Bebris For Outagamie County Sheriff,47000,176985
Paul Buhr Wisconsin Assembly,45953,207712
Wisconsin Alumni,45000,180993
Wisconsin State AFL-CIO,43000,169978
Chris Rahlf for State Assembly,43000,163973
Cynthia Kaump for WI State Treasurer,42467,196059
Margaret Engebretson for Congress,40403,158779
Wisconsin State Senate Democratic Committee,40000,199996
John Rocco Calabrese For Democracy,39336,172145
Rick Banks for State Assembly,37869,172300
Wiegert for Sheriff,36000,89988
The Forum Page of Illinois,35032,80682
Democratic Party of Wisconsin,35000,159996
Eric Larsen for Assembly,35000,148978
Gov Walker Stop ATC,35000,129995
Sierra Club,33845,79754
All Voting Is Local,33000,111976
Tranel for Assembly,32780,124395
Shatterproof,32598,92203
Travis Hartwig for Wisconsin State Treasurer,31866,191269
La Crosse County Republican Party,31633,136079
Emily Siegrist for Wisconsin,29000,131971
Lori Hawkins for Wisconsin,28992,101974
National Republican Congressional Committee,28197,72663
Wisconsin Assembly Democrats,28000,139979
Flewellen For Sheriff,28000,102976
Focus on Marshfield,27000,141966
Erin Tracy for State Assembly,26000,189914
AFL-CIO,26000,87992
Robyn For Wisconsin,25998,114988
ReBuild USA,25925,70531
Thiesfeldt for State Assembly,25000,79996
Kevin Booth,23999,99969
"Plea for a change, the Michael Bell shooting",23869,110163
NowThis Politics,23539,59029
Woke Vote,23000,73985
Yorgan for Congress,21989,86890
The Policy Circle,21000,104997
Alliance for Climate Education,21000,104997
Robert Wittke for Assembly,21000,93988
Ty Bodden for Wisconsin,21000,84977
Treig E. Pronschinske For 92nd Assembly District,21000,44995
Steve Boe for Wisconsin,20704,50402
VoteTogether,20134,102805
The Arc Wisconsin,20000,181898
Sarah Godlewski for Wisconsin State Treasurer,20000,107895
Rebecca Kleefisch,20000,100997
Vote Janel,20000,99998
Dennis4WI,20000,56990
Connect Americans Now,19921,42555
Intellegere Project,19467,105294
The Nature Conservancy in Wisconsin,19000,49993
Todd Novak for 51st Assembly District,17960,79739
Tom Steyer,17833,52113
Waukesha County Democratic Party,17370,92836
The Sylvee,17190,85951
Romaine Robert Quinn for Wisconsin,17000,99968
Voces de la Frontera Action,17000,61984
Patagonia,16594,63629
Shareblue Media,16009,35040
"Art Shrader,  Candidate 50th Assembly District",16000,88975
Wren for Wisconsin,16000,81991
Scott Gavin for Assembly,16000,65996
Mayor Cory Mason,16000,64997
Jeff Wright for Wisconsin,16000,64997
Pat Snyder for the 85th Assembly,16000,34996
Leaders Igniting Transformation,15996,64978
Kurtz for Assembly,15995,64986
4ocean,15448,39172
Ocean Conservancy,15296,43579
Re-Elect State Representative Josh Zepnick,15000,75984
Grady for Wisconsin,15000,44993
American Cancer Society Cancer Action Network Wisconsin - ACS CAN,15000,29997
Help for Essure Victims,14970,62738
When We All Vote,14749,36284
Fahrenheit 11/9,14746,34709
Kirsten Gillibrand,14590,32981
United Association,14439,58743
Jennifer Shilling,14274,58547
"Wes Revels for Sheriff - Monroe County, Wisconsin",14000,71984
Citizens For Jim Ketchem - Dodge County Sheriff,14000,69995
National Domestic Workers Alliance,13796,31373
Wisconsin Environment,13000,65995
Hausmann-Johnson Insurance,13000,64996
Sheriff Dale J Schmidt,13000,37992
Mark Born for Assembly,13000,36993
Kriss Marion for Wisconsin State Senate,12986,64925
Civiqs,12773,27036
Swing Left,12494,56751
Sand Cloud,12311,27641
National Democratic Redistricting Committee,12302,76302
Wisconsin Justice Initiative,12000,82965
Barron County Democratic Party,12000,80784
John Imes for State Assembly,12000,67980
Bolen for Senate,12000,59997
David Gorski for the 72nd Assembly District,12000,59977
Kalan Haywood for State Assembly,12000,45991
Dr. Katherine Gaulke,12000,35990
Dean Raasch for State Assembly District 2,12000,29996
Jodi Emerson for Assembly,11997,47973
Toft For Congress,11974,29938
UltraViolet,11433,59160
Newsy,11182,55909
Outrider Foundation,11019,62103
Dennis D Degenhardt for Assembly,11000,67976
Alyson For Wisconsin,11000,59993
Association for Accessible Medicines,11000,57995
Citizens for Dale Kooyenga,11000,56996
Craig Amundson for Taylor County Sheriff,11000,54998
CFG Action,11000,54998
Wisconsin Institute for Law & Liberty,11000,41991
Wisconsin Election Integrity,11000,24997
"Shorewest, REALTORS • Green Bay",10998,54978
Don Everhard for Taylor County Sheriff,10906,67506
Majestic Madison,10783,53914
Kim Butler for WI Assembly 28,10611,28950
Backcountry Hunters & Anglers,10336,51680
Forward Community Investments,10000,64975
Elizabeth Riley For Assembly,10000,58981
"Nicolet Law Office, S.C. Injury, Disability, & Bankruptcy Law",10000,56992
Rebecca Clarke for Wisconsin Assembly 26,10000,54994
Mead Public Library,10000,52996
Show Up 2018,10000,50998
Respect Our Waters,10000,50998
Patrick Evans for Mayor,10000,50998
Open Primaries,10000,50998
Jason Fields for 11th Assembly District,10000,50998
Chris Abele for Milwaukee County Executive,10000,50998
Rachel's Action Network,10000,50037
Wisconsin Firearms Coalition,10000,49999
Sean Duffy,10000,49999
Polco,10000,49999
Outagamie County Republican Party,10000,49999
Mayor Justin Nickels,10000,49999
Lombardo Law Office,10000,49999
EdChoice,10000,49999
Badger State Brewing Company,10000,49999
A Stronger Wisconsin,10000,49999
Supervisor Calvin Callahan,10000,43985
Jim Ott for Assembly,10000,35993
County Executive Chris Abele,9998,49988
Democratic Party of Green County,9995,49974
Tammy Sternard for Door County Sheriff,9821,55994
11 Bravos,9776,19619
United States Constitution,9767,25767
Keep Wisconsin Red,9763,48813
Sandy Hook Promise,9339,19981
Democrats,9107,24633
Niemeier for Trempealeau County District Attorney,9000,36988
Teamsters,9000,32992
Sheriff David Beth,9000,31475
Joseph Kexel for Congress,8994,31973
Dr. Brittany Keyes,8929,58472
Conservative Gear,8843,32192
TSR Concrete Coatings,8819,17637
Ken Summers for State Representative,8765,32096
Planned Parenthood Action,8513,45740
The Western Journal,8388,17742
Beto O'Rourke,8310,20496
LGBTQ Victory Fund,8134,39470
Definition.org,8069,21450
Voto Latino,8000,73947
YES to Tosa Schools,8000,27993
Sheriff Grady Hartman,8000,25995
Giffords,7984,21856
Eric Garcetti,7741,16958
Ed Janke for Oconto County Sheriff,7662,23671
NARAL Pro-Choice America,7633,26984
Ben Shapiro,7622,20608
Curds,7000,35992
Matt Adamczyk for State Assembly,7000,20996
Jeremy Likely for Sheriff-Monroe County Wisconsin,7000,19997
First Quote Health,6798,17782
Theodore Roosevelt Conservation Partnership,6658,33290
We The People Holsters,6642,17023
PolicyEd,6496,14697
MoveOn,6494,74388
Shield Republic,6471,15818
Whole Woman's Health,6380,18518
The Nature Conservancy,6367,18877
HILL TV,6328,18203
Democratic Coalition Against Trump,6045,19413
Everytown for Gun Safety,6022,15763
Tosans for Responsible Government,6000,42981
350 Madison Climate Action Team,6000,35988
Wisconsin State Representative John Nygren,6000,30993
Wisconsin National Organization for Women,6000,14998
"Dream Clean, Inc.",6000,14998
The Jim Jefferies Show,5892,15640
Penzeys Spices,5827,27503
Ben & Jerry's,5668,11364
Elizabeth Warren,5624,22614
AJ Kern MN 6th District,5593,18132
Democratic Governors Association (DGA),5567,14179
NumbersUSA,5522,13052
NEA Today,5475,11674
Save Animals Facing Extinction,5468,13670
American AF,5378,20482
Kamala Harris,5356,26130
Albert Rohland,5297,14592
Co-ops Vote,5214,20548
Options for Women - River Falls,5178,18653
FCTRY,5166,13394
"I'll go ahead and keep my guns, Thanks",5101,13217
Gae Magnafici for WI Assembly District 28,5043,14434
Barron County Republican Party,5000,33625
Andrew Werthmann,5000,30989
Wirth4Mequon,5000,27992
Republican Assembly Campaign Committee (RACC),5000,25994
Andy Lamb for Wisconsin State Assembly 23,5000,25994
Rod Dicus for Dunn County Sheriff,5000,24995
Protect Our Care,5000,24995
Cuff For Wisconsin,5000,24995
Xcel Energy Wisconsin,5000,9999
Suffrage Run & Walk,5000,9999
SEIU Local 1,5000,9999
Ron Miscavige Blog,5000,9999
Luther Manor,5000,9999
Edward Jones - Financial Advisor: Peter van der Hagen,5000,9999
Creadero JC Macedo Ron,5000,9999
André Triplett,5000,9999
Brett Semingson for Trempealeau County Sheriff,4998,24987
Pabst / Riverside / Turner Hall,4994,9986
Donald J. Trump - 45th President,4923,11849
The Wisconsin Conservative Digest,4914,10827
Indivisible Guide,4849,26112
Seth Moulton,4814,12036
Life is Better After 50,4801,12002
EMILY's List,4800,11011
Wisconsin Forward,4558,9115
National Wildlife Federation Great Lakes Regional Center,4494,8988
Instagram,4464,8928
Mike Rothman for Attorney General,4425,15751
Amy Loudenbeck for Assembly,4422,22111
Blue Wave 2018,4399,10996
Elect Dan Miller Florence County Sheriff,4390,22942
Heidi Heitkamp,4388,10530
Ranker,4375,11081
League of Conservation Voters,4206,28287
Turning Point USA,4022,10129
Aaron Matteson for Assembly AD22,4000,34981
Chippewa Valley Votes,4000,22993
#MarchOnNra,4000,21994
Dane4Dogs,4000,20995
WI Fair Elections Project,4000,19996
End Citizens United,3801,24668
Weird History,3728,8966
NRDC,3706,11274
NowThis,3673,8889
Raising Tomorrow,3601,7480
Kathy Lohmer for State Representative,3597,17987
Nuclear Matters,3591,8976
Made In America Tax,3574,7146
Vets Fighting 4 Vets,3339,6676
"Pritzker Hageman, P.A.",3239,6478
The Daily Show,3145,7649
NRATV,3126,7990
Greenpeace USA,3056,10992
Stand for the 2nd Amendment,3036,7593
NRSC,3012,8585
PRSP Pan-African Revolutionary Socialist Party,3000,21990
Gabriel A Gomez for State Assembly,3000,18993
Raj Shukla for Mayor,3000,17994
Rich Postlewaite for Assembly,3000,15996
Friends of Mary,3000,15996
Hannah Dugan for Judge,3000,15947
Tim Thomas for Sheriff,3000,14997
Richard Sarnwick for Wisconsin Assembly,3000,14997
National Association for Gun Rights,3000,14997
Mayor Bob McManus,3000,14997
Retired Republicans,2952,7380
US Digital News,2925,7311
Build With Strength,2924,7902
Re-elect Sheriff Mark Rohloff,2918,14591
Daily Wire,2897,7367
Marsha Blackburn,2861,7153
Topic,2798,7055
Waukesha Young Republicans,2787,13933
Earthjustice,2776,5601
Ray Skip Sandman for 8th Congressional District Minnesota,2765,10407
I Love My Freedom,2715,6252
Smart Cities Prevail,2631,5260
America's Navy,2510,6085
Ted Cruz,2462,6319
Convention of States,2458,5441
Donald J. Trump - Keep America Great,2453,5376
St. Martin's Press,2439,4878
Upworthy,2352,9968
Starry for Sheriff,2352,9396
Save the Boundary Waters,2284,11422
Judge Donna Honzel,2273,6019
Planned Parenthood Minnesota Advocate,2254,10518
Security Finance Initiative,2232,4879
Global Citizen,2211,5540
Dempsey for Judge,2208,8330
We Are The Mighty,2199,5281
Warrior 12,2155,4309
Adam Kinzinger,2150,5176
In Search of Liberty,2118,5336
OSF HealthCare,2110,9005
Jeff Merkley,2090,7353
Gina Walkington,2083,19192
Hoppe for Sheriff - Washington County,2045,4287
Lady Parts Justice League,2040,6276
Nick Hyde for State Representative- 89th District,2019,10329
Solar Rebate,2001,10002
News Break,2000,22985
Krug for Assembly,2000,13994
America's Future Foundation,2000,13994
Aaron E. Camacho for WI State Senate District 31,2000,13994
Matt Lederer for Assembly,2000,12995
Tonda Thompson for 5th District Alderwoman,2000,11996
Kids Forward,2000,11996
Women's Medical Fund Wisconsin,2000,10997
UU Fellowship of La Crosse,2000,10997
Rob Hutton,2000,10997
River Alliance of Wisconsin,2000,10997
"Lillian Cheesman for Wisconsin Assembly, District 15",2000,10997
James W Edming,2000,10997
Charlie Warner for Assembly,2000,10997
YES for Oak Creek Schools,2000,9998
WisconsinEye,2000,9998
Wisconsin Faith Voices for Justice,2000,9998
Safe Communities MDC,2000,9998
Rea-Reaa Unity,2000,9998
Mexico-US Trade,2000,9998
Ken Schneider for Sheriff,2000,9998
Justice & Rights Commission,2000,9998
Eric Genrich for Green Bay,2000,9998
Democratic Party of Outagamie County,2000,9998
Alderwoman Chantia Lewis,2000,9998
Wisconsin 1st Congressional District,1999,10992
CRTV Tonight with Gavin McInnes,1978,6051
John Leiber for State Assembly,1966,9831
Make America Great Again - Republican,1960,9799
Judicial Watch,1956,3911
Proud Right Winger,1933,9300
Center for Biological Diversity,1924,5968
Faith In Minnesota,1903,4757
Diesel Injury Law,1897,9483
Monroe County Republican Party,1888,9438
DiversityInc,1886,4746
Reflections Recovery Center,1848,3696
Circa,1846,6171
Association of American Universities,1827,9136
St. Croix County Democrats,1820,22087
Jewish Voice Ministries International,1819,4971
Perennial Plate,1804,3607
All Def Nation,1797,3594
Jack Bergman,1776,8880
Financial Juneteenth with Dr. Boyce Watkins,1766,4414
Aftab Pureval,1756,3530
Libertarian Country,1741,3483
Democratic Party of Rock County,1712,8556
The Devil We Know,1707,4441
Elect Brian Stewart,1705,6451
American Tort Reform Association,1700,8500
Public Transportation,1698,3396
Cold Dead Hands,1676,5046
Shaun King,1673,3880
League of Women Voters of the U.S.,1660,6732
Fox River Capital,1652,10258
Andrew Janz,1651,9515
Patriotic Drop Shop,1642,7422
National Association of Home Builders,1634,3267
Environmental Defense Fund,1617,9135
Kialo,1605,4068
UnitedHealthcare,1590,4638
Donald J. Trump - USA,1563,3138
Demand Justice,1532,4362
Conservative Tribune,1513,4613
Supporting American Values,1506,3013
Dan Feehan for Congress,1487,7390
Remezcla,1485,3368
"JRQ & Associates, LLC",1472,7361
Dinesh D'Souza,1454,13045
The Young Turks,1453,6239
Craig Blacklock,1452,7262
QuizGriz,1448,2948
Medscape,1444,2887
Local Majority,1437,5902
National Network of Abortion Funds,1434,6846
Chisago County to Elect J. Carlson for Sheriff,1397,6974
Axios,1379,2758
Barnes & Noble,1368,2736
Brady PAC,1359,2963
Chuck Schumer D-NY,1350,3958
Military Officers Association of America (MOAA),1303,3280
The Wilderness Society,1279,2559
World Mercury Project,1277,2597
People For the American Way,1276,3550
In the Woods with Phil,1265,3865
ASMDSS,1259,2787
Wisconsin County Forests,1247,2493
State Representative Brian W. Stewart,1219,5376
"Tactical Air USA, LLC",1201,2821
The Years Project,1193,3350
Angie Craig,1180,3684
KickstandProductions,1168,5838
Smart Customer,1158,5438
ExxonMobil,1137,4852
Proud American Hunter,1111,4438
St. Jude Children's Research Hospital,1107,2213
Giving Brush,1076,4084
TruOcean,1075,3309
Nine Line Apparel,1068,4561
United By Blue,1067,2134
Federal Voting Assistance Program - FVAP,1065,2613
Patrio,1065,2129
FutureinAmerica,1058,2117
Senate Majority PAC,1048,2995
NTD Life,1047,11437
Claire McCaskill,1044,2927
Nuclear Energy Institute,1041,2601
North America's Building Trades Unions,1036,5180
Strategic Tech Investor,1024,2048
Mic,1016,2032
Richard Painter,1009,2403
Patriot Depot,1007,4401
Mike Richter for Washburn County Sheriff,1000,19984
Michael A. Tauschek,1000,13990
Buress For Assembly,1000,9994
NTD Television,1000,9513
Veterans United Home Loans,1000,8995
Sam Christensen for Racine County Clerk of Circuit Court,1000,8995
Medicare Supplement Plans,1000,7996
Jimmy Anderson for Assembly,1000,7996
Our Wisconsin Revolution - Milwaukee,1000,6997
Democratic Socialists of America - Madison,1000,6997
Stop Scott Walker,1000,5998
Rob Summerfield,1000,5998
Republican Party of Wood County,1000,5998
Republican Party of Wisconsin - 6th District,1000,5998
Region 7 - UEP Wisconsin,1000,5998
Nanette for Assembly 2018,1000,5998
Kevin Petersen for 40th Assembly,1000,5998
"Drinking Liberally Glendale, WI - North Shore",1000,5998
Daniel L. Hatcher,1000,5998
Columbus Wisconsin Progressives,1000,5998
International Crane Foundation,1000,5499
Étude High School,1000,4999
Women's March WI,1000,4999
Wisconsin Women VOTE,1000,4999
Wisconsin Term Limits,1000,4999
West Hill Bar & Grill,1000,4999
WHBY,1000,4999
Unleashed-A New Paradigm of African Trade With the World,1000,4999
Under the Lights of Lambeau,1000,4999
The Law Buzz,1000,4999
Shelia Stubbs for State Assembly,1000,4999
Sheboygan County GOP,1000,4999
Scott Nordstrand for County Board,1000,4999
Save EPA,1000,4999
Potawatomi Hotel & Casino,1000,4999
Peter Kapler-Thrivent Financial,1000,4999
Our Lives Magazine,1000,4999
Northwoods Climate Action Network,1000,4999
Milwaukee General Defense Committee,1000,4999
Menomonee Falls Taxpayer Association - MFTax.org,1000,4999
Maggie's List,1000,4999
Johnell Tate Jr.,1000,4999
Jacque for State Senate,1000,4999
J.K. ART,1000,4999
"J. Kippa Law, LLC",1000,4999
Farm Fresh Atlas,1000,4999
Devin LeMahieu for Senate,1000,4999
Democratic Party of Door County,1000,4999
Client First Tax and Wealth Advisors,1000,4999
Citizens for Matthew Brockmeier,1000,4999
Citizens Take Action,1000,4999
Center for Media and Democracy,1000,4999
Brown County Tavern League,1000,4999
Anchor of Hope Health Center,1000,4999
Modern Medicaid Alliance,998,13984
Our Wisconsin Revolution,990,5759
DC Statesman,990,2026
SwiftShield,987,5933
The Trump Prophecy Movie,986,2864
Evansville Jays,976,4878
Ammar Campa for Congress,974,1948
Mesabi Group-Thrivent Financial,963,4813
For Our Future,962,4922
Azula,962,1925
A Better Mt. Pleasant,951,53235
Centro Unido,942,4710
"Stage One, Inc.",941,5702
Audible,927,2367
Amnesty International USA,920,3824
Disability Benefit Network,916,4581
Stand Up America,910,17956
Be A Hero,902,4805
Oceana,891,5026
Anthem Foundation,873,4032
Total Wealth Research,867,1807
LifeZette,864,31098
ClearPath Action Fund,864,2326
Tax March,860,3744
World Vision USA,857,4286
Defenders of Wildlife,856,4146
In Homeland Security,853,1706
Rugged Roots,851,1701
Armed American Supply,847,9298
Louder with Crowder,846,3718
Pride,834,1668
Democratic Senatorial Campaign Committee (DSCC),827,2531
CREDO Mobile,823,5556
Second Harvest Foodbank of Southern Wisconsin,819,4095
CNSNews.com,813,2123
Circa Pop Live,810,2568
Anera,809,2197
Unite America,799,6533
Joe Radinovich,798,3269
Jay Sekulow,797,2069
Animal Matters,797,1972
NTK Network,787,1581
Human Coalition,779,3752
Drug Injury News,777,3886
Ivory Ella,774,2996
Taxotere Lawsuit Information,771,3666
Your Trump Shop,770,3595
FEE,758,3420
Independent Voter,758,2065
Kayla for Iowa,755,5138
Matt Pelikan for Attorney General,741,3147
Ohio AFL CIO,736,1472
NewsBusters.org,724,1447
45 Hats,721,6559
Silkies,718,1436
The Nib,717,2961
Resistance School,716,3583
USPS Business,716,1431
Michelle Lee for Congress -MN,703,2105
Military Network,695,1567
Grant Carlson,680,1359
Abortion On Our Own Terms,675,3388
BahaiTeachings.org,675,1351
The Carlson Law Firm,674,1347
America First Policies,671,1422
Electric Nation: Powered By Wind,670,3375
Ed McBroom for State Senate,669,2876
Progressive Turnout Project,665,1330
Lets Make USA Great Again,660,3298
The Brookings Institution,652,3438
World Food Program USA,647,1328
Outvote,645,3221
Orman for Kansas,645,1290
Boredom Therapy,622,2424
Daniel Manick for County Commissioner,616,3023
State Representative Sheri Jesiel,613,4305
National Audubon Society,609,3044
Mayor Philip Levine,597,1567
The Palestine Institute for Public Diplomacy,596,3072
Joyce Mason for State Representative,594,2969
Environmental Working Group,587,2979
Bernie Sanders,583,2914
Scott Dianda,563,2990
Darryl Morin For LULAC National President,556,2782
Patty Murray,552,1789
Zephyr Teachout,551,4181
Election Day Strategies,550,2747
Michigan League of Conservation Voters,549,1099
Louise Valentine for State Senate,542,1090
Breaking Big,537,2686
Equal Citizens,521,1043
Mattress Firm,517,1034
Minnesota Values,511,1215
Humanization,506,2531
American Financial Advisory For A Better Future,499,998
BRITE CA,498,995
National Public Pension Coalition,495,990
Lebowski Lovers,493,2726
OAF Nation,485,2171
FreightWaves,481,2409
Hoover Institution,467,2336
Shinesty,465,1743
Plan International USA,465,1397
Reform Austin,463,1145
Dean Phillips for Congress,462,947
Pela Case,460,1877
Phil Bredesen,458,2277
Alliance for a Better Minnesota,452,3823
American Heart Association: You're the Cure,450,2049
Michigan Democratic Party,445,1701
WhatTruth,445,890
World News Reporter,437,1813
NRDC Action Fund,436,1745
Seniors Speak Out,434,869
HeloGreen,428,2141
National Partnership for Women & Families,418,1921
Common Defense,415,2108
UP Defense Fund,415,2068
Goods Unite Us,414,1824
Eric Swalwell,410,883
Working America,409,2052
State of Great MN,409,1011
Flip Wyoming,407,2033
Clean Energy Authority,406,1311
Friends of Rockford Police K-9,404,808
The Power of Minnesota,400,2229
Tina Smith,393,3959
Alliance of Nurses for Healthy Environments,387,1936
Wholesome Culture,384,1482
No Labels,382,1956
Moms Clean Air Force,382,1236
dittymoji,381,1940
"Wright, Williams and Associates",380,1901
Debbie Stabenow,377,815
Danny O'Connor for Congress,375,1943
Teamsters United,372,1858
45th President Donald J. Trump,371,1437
martinezward4.com,366,1596
Great American Era,366,1394
LifeDaily,362,1826
International Rescue Committee,362,1384
NRCC IE,356,835
Abby Finkenauer for Congress,355,847
Save the Storks,353,1766
Crime Survivors for Safety and Justice,352,1762
Citizens for Consolidation,352,1757
The Conservation Fund,351,1756
Onviant,350,700
Farmworker Justice,348,2193
HRC Chicago,345,691
Poor People's Campaign: A National Call for Moral Revival,343,1418
Sara Dady for Congress,341,682
Reproaction,334,1961
LidKings,334,1373
Better With Age,334,1012
Pfizer,333,1810
National Committee to Preserve Social Security and Medicare,330,2317
Power In Cooperation,330,1988
Discover Charter Schools,330,669
Leadership Institute,327,1637
Rugged Country,327,909
Protect The House,326,1638
The Meanest Woman Alive,325,1626
Making Every Vote Count,324,1475
Bill Nelson,323,1467
Association of Young Americans,321,1605
The Collective PAC,319,1603
Science for Humans and Freedom Institute,317,2516
Live Action,316,1243
Conservative Investor Daily,316,1148
Shout Your Abortion,315,1480
Let Africa Live,313,1244
Winning For Women,310,2053
Sentinel Books,308,1044
Change vs. More of the Same,303,1513
"30X30 Forests, Food and Land Challenge",302,603
America with Eric Bolling,301,1702
Consumers for Quality Care,300,1498
The News and Why It Matters,298,1509
Keith Faber,297,597
Blue Wave,294,2838
PCS Stamps & Coins,293,1203
314 Action,292,1461
Rock Steady Ecommerce,289,1185
World Wildlife Fund,288,1473
The Atlas Society,287,1128
Republicans For Making America Great Again,286,1431
UnitedVoice.com,285,1449
Ignite National,285,1425
Young America's Foundation,283,2314
JB Pritzker,283,771
Alliant Energy,281,1405
Janet Garrett for Congress,280,1038
UnitedHealthcare Community Plan,279,1396
"I Love You, America",278,1390
Tim Walz for Governor,278,1282
Penguin Kids,278,1144
State Innovation Exchange,278,1132
Energy Citizens,277,2333
Conversations with Bill Kristol,277,1593
Stop the wall,277,1386
Coalition for Modern Water Systems,277,1384
Exclusive Apparel,275,4128
Joe Kennedy III,275,1563
SEIU Healthcare Minnesota,275,1375
Invested Interests,275,1374
Scott Wagner,275,686
People's Climate Movement - Minnesota,274,788
Comedy Central Every Damn Day,271,1354
Support The 2nd Amendment,270,3738
Care Net,269,1304
Erin Murphy for Governor,266,1204
Rudy Peters for Congress,265,1326
Yale Environment 360,263,1315
SEIU MN State Council,262,1284
artnet,261,1346
Lisa Ring for Congress,261,523
Geoff Diehl,260,519
Yale Program on Climate Change Communication,258,1793
Better Medicare Alliance,257,1284
Oxfam,256,1485
RageOn,256,1280
Nick Adams,256,1279
BOLD PAC,256,1279
Martin Heinrich,255,1274
NRDC Trump Watch,255,541
I Am An Immigrant,254,1037
Bird + Stone,253,1374
Quirk Books,253,1264
My Shop Therapy,251,1017
Sharice for Congress,250,2461
Jay Ruderman,248,1259
No on SoccerCity,245,582
Jess Phoenix,244,968
Our Public Lands,244,816
Monuments For All,243,1217
2nd Amendment For Life,240,1199
AIPAC,240,1042
Let Us Vote For A Balanced Budget Amendment Citizen's Campaign,239,1193
Spreadshirt,238,1190
Human Rights Watch,237,1117
Americans for Food and Beverage Choice,236,1227
History Uncovered,236,1179
USCCA,236,1177
NRA - National Rifle Association of America,235,1317
Howstuffworks,235,1228
Bluestem Kansas,233,1164
PCCC - BoldProgressives.org,232,4453
Cheapest Health Quotes,232,1162
LevinTV,229,906
Minerals Make Life,227,1134
Missouri AFL-CIO,227,455
Newsweek,226,4075
Downtown for Democracy,226,1132
Wayne Seiberlich,226,452
Native Roots Radio,225,1124
End Party Politics,224,1142
TrumpRussia2018 .com,224,1139
Meraki Journey,223,1112
JD and Kate Industries,221,1103
Paramount Network,221,679
National Center for Transgender Equality,219,1095
Shared Hope International,218,1089
Steven Crowder,217,1081
Minnesotans for Line 3,217,1079
Larry Spaeth For McHenry County Board,214,1070
Viral Motion,210,1049
Ourbiglake,210,1048
Humane Society Legislative Fund,210,1048
forhims,209,1046
Altamar with Peter Schechter and Muni Jensen,209,1046
No Kid Hungry,209,897
Pete Stauber,209,431
Hillsdale College Online Courses,208,1038
Robert Mueller Action Figure,206,1032
Jana Lynne Sanchez for US Congress,206,1029
Arm The Animals,204,1021
The Commonwealth Fund,204,457
New American Leaders,203,1014
Politikal Junkie,202,1048
CALL TO ACTIVISM,202,1009
House of Patriots,198,1710
UltimateStraw,198,619
Team Morris,198,395
Corazon Coqui,197,492
Free To Choose Network,196,980
GZERO Media,195,976
NRA Institute for Legislative Action,195,975
Chad Benson Show,195,922
Emerging American Majorities,194,517
America First News,193,974
Robert Reich,193,967
David Richardson for Congress,192,955
Fett for Iowa,191,952
Axiom News Network,190,949
Trade For America,190,512
Friends of the Earth U.S.,189,944
UNICEF USA,189,835
Uppercut Consulting,188,941
Let America Vote,187,936
PrintedKicks,186,2504
EFB Advocacy,183,915
Medals Of America,183,752
GreaterHalf.com,183,651
Working Maine,183,366
Father Frank Pavone,182,910
Organizing for Action,181,1349
"Imprimis, a Publication of Hillsdale College",181,918
Rednecknationco,181,906
A Better Way Minnesota,181,576
End Animal Cruelty Club,180,1022
2nd Amendment Rights,180,931
Good Jobs Nation,179,30433
TRUMP TRAIN,179,897
Commemorate Number 45,179,896
Fight Back,177,884
Church & State - Utah's Battle over Same-Sex Marriage,176,887
2atees1,174,873
Paquette For 78th State Representative,174,870
Sun Gazing,173,894
Keep and Bear,173,877
Institute for Southern Studies,172,862
DeliverFund,172,859
Rock n Roll Metal,172,858
SlutBox,172,616
NACECME,171,856
charity: water,171,854
America Rising,170,851
Jacky Rosen for Nevada,169,1083
Lorie Zapf for City Council,169,844
Independent Women's Voice,168,862
Will Witt,168,842
National Health Law Program (NHeLP),166,333
Ben Ferguson,165,824
Randy Hultgren,164,586
Chris Murphy,163,842
Libertarianism.org,163,817
The Shadow League,163,815
Village Savant,163,814
Save the Children US,162,811
Family Survival,162,811
Florida Citizens,162,663
Abdul El-Sayed,162,639
Progressive Caucus,162,441
Stand Up for School Bus Safety,160,1556
American Greatness Apparel,158,836
E2 - Environmental Entrepreneurs,158,316
Stacey Abrams,157,1166
Learn Our History,157,829
Print For Progress,156,781
CARE,155,871
The Fighting Forces,155,780
Russell Brunson,155,773
Truthout,155,393
Minnesota 4 Us,154,381
New York Working Families Party,154,332
FloridaStrong,153,358
Center for Reproductive Rights,151,370
Clayton County Democrats,150,752
March of Dimes,149,1085
Doctors Without Borders/ Médecins Sans Frontières (MSF),149,743
Pacific Legal Foundation,148,739
Speech Moves,148,514
T Brand Studio,147,734
Liuba Grechen Shirley-Congress,147,552
The Guide,147,544
We Can Solve This,146,729
AARP MN,146,729
Minnesota DFL Party,145,603
Summer T-Shirts,144,719
Rant Nation with Graham Allen,144,501
Erase The Hate,144,475
Women For Civility,144,301
American Independence,143,716
Alliance Defending Freedom,143,516
Deb Fischer,142,711
Bottom Line With Boris Epshteyn,142,709
ASPCA,142,709
U.S. LawShield,142,708
Dave Clegg for Congress,140,281
Finance Watchdogs,139,870
Flip It Blue,138,688
Multiply Your Vote,137,745
Rainforest Action Network,137,522
GOP Gifts,136,679
National Wildlife Federation Action Fund,135,675
U.S. Voters' Rights Amendment - USVRA,134,672
Physicians Grassroots Network,134,669
Sashka Co.,134,269
Minnesota Term Limits,133,663
Personal Liberty,132,683
Stanford Graduate School of Business,132,662
Voters - Not Politicians,132,424
The Mark Kaye Show,132,265
Civic Shout,132,265
cuddle + kind,131,655
Festival Cubano,131,654
Paul Reinke for Oakdale,131,653
Bob Romps for State Representative,129,1508
Workday Minnesota,129,646
Dr. Robert Jeffress,129,643
Scribol,128,320
Conservation International,127,683
Living Free,127,256
Eddiction/Headline News,126,628
Friends For Zach Nunn,125,626
Institute for New Economic Thinking,125,309
American Gun Association,124,418
PureWow,123,614
California Reinvestment Coalition,122,612
Alex Padilla,122,281
Harley Rouda,122,245
The Lawrence Goldfarb Judicial Reform Foundation,121,243
Tiffany Jones,121,242
Pi Yoga Pants,119,979
Kyle Reyes,119,593
Mary Throne for Governor,119,300
Lori Egan for Iowa House,118,591
United Against Muslim Ban,117,302
Joe Tirio for Mchenry County Clerk,116,578
Color Of Change,115,576
BookMad,115,287
John Huot for Minnesota House,114,568
My Faith Votes,113,596
Jeff Johnson,112,562
Fischer for Representative,112,561
Diane Lewis,112,559
Mike Bloomberg,112,225
Dr. Dena Grayson,112,224
James Thompson for Kansas,111,688
Urban Intellectuals,111,573
The Hartford Gold Group,111,557
News Procession,110,362
Democratic Attorneys General Association,110,221
Joe Donnelly,109,547
J Street,109,217
Tactical Pro Supply,108,659
Likewise Media,108,539
Grabien,108,352
Scott Cepicky for State Representative,108,215
Free Charles Erickson,106,530
Robert Smullen for Assembly,105,209
Project Red TX,104,484
Alexandria Ocasio-Cortez,104,363
Bridget Ziegler,103,521
Prophecy News Watch,103,514
Kyle Brown,103,207
George Takei,103,206
Greg Markkanen,102,640
Hidden Truth,102,512
Coastalteesfashion,102,511
Houston Airport Marriott at George Bush Intercontinental,102,510
Our Flag Our Country,102,274
Transamerica Center for Health Studies,102,205
Trump Trash,102,203
Tee Shirt Palace,102,203
Parks Project,100,826
Jeffrey D. Klein,100,503
Capitol Ministries,99,494
David Stockman,99,362
SEAL PAC,99,231
ConsumersTricks,98,196
Cynthia Nixon for New York,97,1072
Vote.org,97,486
Firearms Policy Coalition,97,485
The Family Store,97,483
FreedomWorks,97,245
Hillel International,96,484
Drain the Swamp News,96,481
The House of Tees,96,192
GroundUp,95,1139
Carbonated.TV,95,489
George Franklin,95,476
Armor Concepts,95,476
The Little Book of Revolution,95,474
Michigan Coalition for Responsible Gun Owners,94,297
Eric Bolling,94,279
Mercatus Center at George Mason University,94,207
UPROXX News,94,189
Online ADA,94,189
Small Business & Entrepreneurship Council,94,188
Semi-Automatic Gun Owners of America,94,188
Telberg.Photo,93,466
Thomas Trehus for Minnesota House 2018,92,498
Chrissy Houlahan,92,208
The Joyce Foundation,92,183
Kevin McCarthy,91,277
Hopper,91,224
UPROXX,91,183
Right on Crime,91,182
Prevailing Sense,91,182
Tenth Amendment Center,91,181
FLAG  - Foundation for Liberty and American Greatness,91,181
Truth Examiner,90,33442
OZY FEST,90,722
Joe Cunningham,90,622
T.J. Shope,90,462
etee,90,450
Dianne Feinstein,90,189
Affordable Medicare,89,225
Friends of the IDF (FIDF),88,1809
MJ for Texas,88,538
Brian 'BAM' McClendon,88,438
Wake Up World & Smell the Coffee,88,177
National Immigration Forum,88,177
The Refugee Center Online,87,223
Yes On 793,87,175
Kyrsten Sinema,86,482
Mercy For Animals,86,370
Great America PAC,86,304
Premium Care For Seniors,84,460
Animal Petitions,84,168
America Rise Up,83,447
The Ripon Society,83,166
Segal Motorcar Company,83,166
Gus Bilirakis for Congress,83,165
Jeff Peterson for MN House 32B,82,573
Print Mine,82,175
Families For Trump,82,164
Philadelphians for a Fair Future,82,162
Angie Bodine For State Rep - Angie4IL,81,405
Joan Greene for Congress,81,304
Doug Bennett,80,295
Right Now MN,80,255
National Shooting Sports Foundation | NSSF,80,161
USA for UNHCR,80,160
Sandy Piña California Delegate,79,158
Dakota Meyer,79,158
The Giving Keys,78,564
Chubb North America,78,389
Adam Yang for Judge,78,388
Topix Stars,78,216
Pocket Politics,78,214
Jennifer O'Mara for State Rep,78,156
Care2,78,156
22 Words,77,6537
Jesse Colvin,77,386
PAWS Chicago,77,258
The Lone Liberal Republican,75,150
Renee Hoagenson for Congress,74,442
Opportunity First,74,175
Gretchen Whitmer,74,147
Sarasota citizen Martin Hyde,73,415
Nasty Woman Cosmetics,73,169
Adam Schiff,72,789
Mallory Hagan for Congress,71,2097
Patriotic Democrat,71,354
New Hampshire Democratic Party,71,354
The Humane Society of the United States,71,142
Michigan Leadership Committee,69,278
Jim Newberger for US Senate,68,180
Amie Hoeber for Maryland,68,136
Andrew Chesney for State Representative- 89th District,67,164
Golden Gate University School of Law,67,135
Cyndi Lauper,67,135
Republican Views Magazine,66,132
World of Children,66,131
Gates Foundation,65,139
John Cox for Governor 2018,65,130
Lake County Appeal,64,318
Dallas Safari Club,64,127
Right Now USA Superpac,63,441
Politicon,63,146
Earl Blumenauer,62,312
Soi Dog Foundation,62,310
Lori Braucks - Hastings At Large City Council Member,62,308
Lauren Underwood for Congress,62,233
Our Revolution Mid-Missouri,62,126
Ja'Mal Green,62,124
The Charlie Daniels Band,62,123
American Hate: Survivors Speak Out,61,336
Conor Lamb,61,307
Dough,61,306
UnidosUS,60,301
Alliance San Diego Mobilization Fund,59,572
Bridge Project,59,293
Allison Gilman For Judge,58,293
PromptNews,58,290
Public Service Proud,57,285
"Trump International Hotel Washington, D.C.",56,280
Sheriff Scott Jones,56,280
Mark Dion For Governor,56,111
"Lieutenant General William ""Jerry"" Boykin, USA, Ret.",56,111
Dan Kildee,55,1418
Water Lifestyle Co.,55,343
Shea Homes,55,274
Prevention Institute,55,273
Self-Reliant Republic,55,226
Democratic Party,53,103263
The Soldier Network,53,386
Ocean Helper,53,333
Focus Mid-South,53,106
Jeff Howe,52,261
American Friends Service Committee,51,272
Liftable Engagement Services,51,269
Left AF,51,254
Colorado Values Project,51,155
Roger Stone - Stone Cold Truth,51,101
Lee Saunders,50,249
The Shade Room,50,101
Topix Rewind,49,1949
Charity Mobile,49,244
The Holy Tribune,49,147
Citizens for Tobacco Rights,49,99
Ronda Baldwin-Kennedy,49,98
Stand with Parkland,48,988
VOTEPROCHOICE,48,241
Rod Blum,48,238
Keep Them Accountable,48,225
Balanced News,47,255
Marili Cancio For State Senate,47,118
MI Senate Republican Campaign Committee,47,95
Minnesota Young Republicans,46,233
Kyle M. Woodman,46,230
Re-Elect Representative Andy Schwartz - HD 23,46,228
Patriot Style,46,227
Environmental Voter Project,46,220
YouGov,46,114
Omar Navarro,46,93
Wellness.com,45,2470
Florida Democratic Party,45,261
Help HUgo,45,223
DefendArizona,45,222
BoyerAZ,45,175
Vote For A Better California,45,115
Lemonade,45,90
BESE,45,90
Mike Pence,44,7007
1st Tuesday Conservatives,44,258
Jake Highfill,44,221
Democratic Socialists of America,43,240
Conservative Writers,43,237
Ben Toma,43,220
Military Tees,43,217
My Name is Ryan V,43,216
Adrienne Kvello,43,215
Liberal Lauren Underwood,43,107
Steve Gaynor,42,210
Horsemen's Council of Illinois,42,208
Domnick Cunningham & Whalen,41,205
Cooperative Action Network,41,204
Shri Thanedar,41,82
LCV Victory Fund,40,1227
Action.GOP,40,206
IL CleanJobs,40,201
Dubuque Area Chamber of Commerce,40,201
Cannabis News Update,40,197
Campaign for Sustainable Rx Pricing,40,197
PushBlack,40,98
Jackson Grant Capital,39,198
Scott Svonkin For Board of Equalization,39,197
ThatHelps,39,196
"Important, Not Important",39,111
Get Off My Lawn with Gavin McInnes,38,254
Pursuit,38,202
Portside,38,196
WAPG PAC,38,192
Sheet Metal Air Rail and Transportation Workers,38,192
David McSweeney,38,191
Anybody seen my slippers ?,38,190
"Steve Yeager - Assemblyman, District 9",38,189
Andy Thomson for City Council,38,186
Republicans for the Rule of Law,37,373
Energy Nation,37,214
Americans for Farmers & Families,37,197
Ronny Johns,37,184
Congressman Brad Schneider,37,183
Gentner Drummond,37,74
Future Now USA,36,194
Cracked.com,36,179
CarsonWatch,36,179
Bill Conway for Council,36,178
Askov Finlayson,35,6783
Jason Anderson for District Attorney,35,178
Pawtographs,35,175
Promote Oregon,35,70
Engage Iowa,35,70
Raúl Grijalva,34,195
Michigan Education Association,34,170
DUH - Demand Universal Healthcare,34,170
Proxy.Vote,34,168
Dubuque County Democrats,34,168
Kent Haden for State Representative,34,136
Mindfulness Together,34,74
Earth.com,33,165
Jay Xiong for House 67B,33,81
Linsey Fagan for Texas,33,67
Patriot Powered Products,32,495
Honoring Our Veterans,32,191
Pancreatic Cancer Action Network,32,177
Hunter Breckenridge,32,158
Lessons from Military History,31,2447
Andrew Gillum,31,1151
Coverage of the Trump Presidency by The Epoch Times,31,380
Senator Chuck Thomsen,31,158
Rene Lopez for Chandler City Council,31,157
Clergy for a New Drug Policy,31,156
World Animal Protection USA,31,153
Carla Nelson,31,146
Jess King for Congress,31,139
The Libertee Company,30,443
Keith Ellison for Attorney General,30,153
Hair By Terri Higgins,30,151
Cook Inletkeeper,30,151
Love in a Time of Fear,30,148
Missouri's Voice,30,102
Mark Finchem,29,147
U.S. National Committee for UN Women (USNC),29,146
Healthy Montana Campaign,29,144
EDF Action,29,144
Stain on America,29,143
Military Spouse,29,62
Donald Trump For President 2020,28,340
Strong Women Society,28,209
Auto Wise,28,188
MoneyWise.com,28,142
Coloradans for Fairness,28,139
John K. Delaney,28,138
Sean Patrick Maloney,28,86
CARE Action,28,59
Friends of Tony Bridges,28,57
Reel4TN,28,56
Mike Siegel for Congress - TX-10,28,56
Marsy's Law for North Carolina,28,56
Your Energy,27,1211
Online Carry Course,27,239
My America,27,137
Lily Zheng,27,135
Judge Jeanine Pirro,27,134
Brennan Center for Justice at NYU Law,27,134
Sector 7G,27,133
Kathleen Riebe  Senate 8,27,133
Green Matters,26,843
American Bird Conservancy,26,277
Shireen for Congress,26,163
FairVote,26,130
TradeVistas,26,129
Voice Big,26,128
Kanew for Congress,26,74
Distractify,25,5964
Jane Raybould,25,278
I'm Hope,25,148
Cup Of Joe Podcast,25,128
PussyPin,25,127
PAUL YANG for Ramsey County Judge,25,125
Hog Life Baggers,25,125
Floridians Against Lawsuit Abuse,25,125
California YMCA Youth & Government,25,123
Anthony Bonna,25,123
Jason Metsa,25,115
Re-Elect State Representative Mark Batinick,25,51
American Liver Foundation,25,51
Job Creators Network,24,6114
Trendchaser,24,157
Left Over Rights,24,152
Sludge,24,122
Trafficking Justice Minnesota,24,121
National Popular Vote dot com,24,120
Kenneth Mejia for Congress,24,120
Donald Trump Is My President,24,120
Young People in Recovery,24,119
The Mexican Next Door,24,119
Command K9 Behavior,24,119
Focus on What Matters,24,118
IL-14 Get the Facts,24,102
"Matt Brown, Democrat for Rhode Island Governor",24,81
OZY Future,23,497
Shirt Nazi,23,138
Fuel Freedom Foundation,23,117
Anne Arundel County Young Democrats,23,117
Adam Brandon,23,117
6th Congressional District Republican Party of Minnesota,23,117
Liberal America,23,115
Liberty For Y'all,23,114
Blue Wave Rising,23,114
Lee Chatfield,23,113
The Committee for Ranked Choice Voting,23,112
John Faso,23,103
Shertvibes.com,23,47
Red Arrow Media,23,46
Disrupt Aging,22,129
Conservative Daily News,22,112
The Free to be Free Podcast,22,111
The Binding,22,111
Mary's Faith,22,110
Makeamericatees,22,110
Immigrant Report,22,110
Stormey Primm for Coroner,22,109
Riverside County Sheriff Stan Sniff,22,109
Karin Housley,22,109
Energy Policy Institute at the University of Chicago - EPIC,22,109
Elisabeth Luntz for Utah House District 27,22,109
Bald Fun Maker,22,109
Today's Alternative Facts,22,108
Off The Wire,22,108
Not My NRA,22,108
Bill Holt's Dreamies,22,108
Jeff Brandes,22,92
Finish the Ballot,22,81
New Jersey Education Association,22,44
Bernie For Napa City Council,22,44
Daniel Webster for Congress,22,43
Scamazon,21,205
Guardian Labs,21,178
OpsLens,21,173
Great American Politics,21,106
Link20: Act Up for Inclusion,21,105
Elite Tech News,21,105
Political App,21,104
Liberty Justice Center,21,103
Chase Winder,21,43
Nevada Conservation Political Action,21,42
Brian Mast,21,42
NTD News,20,601
The Dean Obeidallah Show,20,172
Refi Marketplace,20,126
Oxygen,20,123
National Park Foundation,20,113
President Donald Trump Fan Club,20,102
Maura Healey,20,102
American Friends of Magen David Adom,20,102
Mad Dog PAC,20,101
Intentionally Vicarious,20,101
American Immigration Control Foundation,20,101
Elizabeth Baker for District 2 Hamilton County Commissioner,20,100
Devoted Apparel,20,100
The News Literacy Project,20,99
MyWaukee,20,99
Jen Kinney,20,99
John James,20,98
Airline Passengers for Justice,20,98
Andrew Cuomo,20,40
Factinate,19,1429
Climate Reality,19,142
Idiocracy News Media,19,129
Patients' Rights Action Fund,19,112
Patriot News Alerts,19,109
"Jefferson County Farmers & Neighbors, Inc. - JFAN",19,106
Donald Trump Dog Poop Bags,19,106
SameSide,19,95
Marshall Beck,19,95
Unspeakable Crimes,19,94
Death To Tyrants,19,94
"YOUR View T Shirts: ""Just Like We Read Your Mind""",19,93
The Best Videos,19,93
Stand,19,93
John Haste,19,39
White Coat Waste Project,18,672
Justice Democrats,18,149
Nissi Worldwide,18,137
The Decline and Fall of America Starring Jim Greenfield,18,92
Canale for Council,18,92
Trifecta Shirts,18,91
Life Eternal,18,91
Kongregate,18,91
Boog Highberger - State Representative,18,91
Acorn TV,18,91
My Gender Pride,18,90
Marpheen Chann,18,90
Macon County Democrats,18,90
Here. Have some government.,18,89
Norm Needleman for State Senate,18,88
Taylor Raynor for NYS Assembly,18,36
Libertarian Party of Iowa (LPIA),18,36
Dr. Charles Schwertner,18,36
Aaron Lieberman for Arizona,18,36
Resist Trump's agenda,17,597
PETA (People for the Ethical Treatment of Animals),17,98
The National Memo,17,95
Social Share Meme,17,87
San Antonio Professional Fire Fighters Association,17,87
HomeGrown Tees,17,87
Denormalizers,17,87
Sweet Savour Ministries,17,86
2nd Amendment,17,86
Future Generations Advocacy Project,17,85
Friends to Elect Kristine Reeves,17,85
Councilmember Rishi Kumar,17,85
PSA Supply Co.,17,84
Lawrence Tech College of Management,17,84
Family Policy Alliance,17,84
At The Vault Men,17,84
American Wild Horse Campaign,17,84
Untied Status Marin Crops,17,83
Thrasher Coffee,17,83
People's World,17,83
Judd Matheny For Congress,17,83
Jack D. McCurdy II for Canadian County District Judge 2018,17,83
Chase 4 Mayor,17,83
Cheri Bustos,17,35
Allison Boyd for Probate Judge,17,34
Jon Tester,16,351
Andrew Yang for President 2020,16,144
United States Holocaust Memorial Museum,16,110
Fashionarchista,16,105
Stand For Salmon,16,86
Texas Public Policy Foundation,16,81
"Iowa Federation of Labor, AFL-CIO",16,81
The People For Bernie Sanders,16,80
Petitioning for a Standard Policy for Insulin Pumps at Airport Security,16,80
AMA Patients’ Action Network,16,80
ELI talks,16,79
The Oak Initiative of Arizona,16,78
Our Gun Laws Must Change,16,78
Lisa Stone Barnes,16,78
Buddhi Gear,16,78
Texans for Natural Gas,16,72
Progress NC Votes,16,38
Partnership for Oregon Communities,16,32
Anita For Arizona,16,32
UsAgainstAlzheimer’s,15,110
Dana Balter for Congress,15,85
Trump Nation,15,77
Shouldn't you be in Canada by now?,15,77
NRA Women,15,77
James Kennedy for Jefferson County Prosecutor,15,77
The Arena,15,76
THE SPACE PAGE,15,76
Omega Center for Sustainable Living (OCSL),15,76
The Right Way,15,75
GLSEN,15,75
War On Our Future,15,74
Chris Paradies Campaign,15,74
Wesley Bell for St. Louis County Prosecutor - Democrat,15,73
Stop Wage Theft Now,15,73
Jeff Jackson,15,68
SEIU Healthcare Illinois & Indiana,15,34
Michele Gregory for Wicomico County Council District 3,15,30
Planned Parenthood Advocates of Michigan,14,2311
Kaniela Ing,14,246
Faith Johnson For District Attorney,14,146
North Carolina Citizens,14,107
Dana Nessel for Michigan Attorney General,14,105
One Nation Design,14,98
Conservative Institute,14,98
LevinTV on CRTV,14,95
SEIU,14,72
Rev. Dr. Jeff Hood,14,72
Originalgunoil,14,72
Clone Evolution,14,72
Otha Thornton For Georgia State School Superintendent,14,71
Kyle Mullica for House District 34,14,71
Uncle Sam Funnies,14,70
Roth Supply Company,14,70
Commentary,14,70
Student Loan Manifesto,14,69
Mendelson For Chairman,14,69
Clarion Project,14,69
Sukarya USA,14,68
Origin Stories: A Podcast About Politics and People,14,68
Medi-Share,14,68
Committee to Rebuild Maine's Middle Class,14,44
Bill Schuette,14,31
Hennepin County Public Health,14,30
California Republican Party,14,27
Matt Morgan,13,574
Janet Mills,13,149
Becket,13,99
Minnesota Center for Environmental Advocacy,13,88
SAM - Serve America Movement,13,67
Matt Zerrusen,13,67
Tim Lamb for State's Attorney,13,66
Ray Chiaramonte for Hillsborough County Commission District 7,13,66
NC House Republicans,13,66
Moms Demand Action for Gun Sense in America,13,66
Joe Radinovich: An Experienced Progressive Leader,13,66
"The Law Office of Robert C Dominguez, P.A.",13,65
Kristin Robbins MN,13,65
Enbridge Line 3,13,65
Tahirah Amatul-Wadud,13,64
Martin Tully for DuPage County Board - District 3,13,63
Dave Dodson for Senate,13,33
James Linwood Schulman for Florida House,13,26
Elect Brandon Morrison Shelby County Commission,13,25
David Baria for Mississippi,12,179
Main Street Investors Coalition,12,144
Republican Liberty Caucus,12,88
Jetties Bracelets,12,78
Russian America TV,12,66
Mighty Oaks Warrior Programs,12,62
Leo Dunson,12,62
Vote No on Janet Nguyen,12,60
Get a Loan Quote,12,60
Stop The Regulatory Drought,12,59
Cory Booker,12,59
Vickie Yates Brown Glisson,12,58
The Daily Signal,12,58
Goals Toward Financial Security,12,58
John Lovick,12,25
SupChina,11,100
Susie Lee,11,97
Allie on CRTV,11,63
UnCut Report,11,57
Steve Schuh,11,57
Open To All,11,57
Angelpac,11,56
Budgeting Essentials,11,55
SMU,11,54
"Mothers Against Police Brutality, Inc.",11,54
Bradley County Education Alliance,11,54
Black Phoenix Alchemy Lab,11,54
We are mitú,11,53
Beej Das for Congress,11,53
Strategic Solutions for a New Middle East with Denice on the Middle East,11,29
T-Mobile Workers United (TU),11,22
South Carolina Community Alliance,11,22
Rep. Chuck Efstration,11,22
Re-Elect Sheriff Tom Ferrara 2018,11,22
Don Mayhew,11,21
Dan Koh,10,560
Paleo Politico News,10,88
U Know U Need This,10,67
Concerned Women For America LAC,10,61
Building New York's Best,10,58
Jamie McLeod-Skinner for Oregon,10,53
Kevin Stitt for Governor,10,52
Ian Todd for Congress,10,52
Dr. Kim Schrier,10,52
Color Of Change PAC,10,52
Marine Corps Scholarship Foundation,10,51
Joe Durso for Seminole County Commission,10,51
Naytev,10,50
Hass For House,10,50
United With Israel,10,49
State Representative Dave Severin,10,49
John Kasich,10,49
Brian Harrington for Laramie City Council Ward 1,10,49
Andrew Friedson for Montgomery County Council,10,49
Re-Elect Sheriff Mike Lowell,10,48
Ayanna Pressley,10,48
Jack Whitver,10,30
Sue Hatfield for CT Attorney General,10,21
Darin Mitchell for State Representative,10,21
National League of Cities,9,66
Northwest Michigan Libertarian,9,49
Marcus G. EMHS C/O 2017,9,47
Lance Wallnau,9,47
Jonathan Jordan for North Carolina House of Representatives,9,47
Chess Bedsole,9,47
Conservative Daily,9,46
Arkansans for Jobs and Justice,9,46
Forbes,9,45
Every State For Israel,9,45
Travis Allen,9,44
Narragansett Democratic Town Committee,9,44
Decline to Sign Mesquite,9,44
Cottie for State Assembly,9,44
Marc Lombardo,9,43
LIUNA Minnesota & North Dakota,9,43
Heritage Action for America,9,42
Colorado Liberty PAC,9,32
Jim Hagedorn,9,27
IL 14 UNITED,9,22
Jesse Goodwin for OK House District 29,9,18
Blue2 Political Action Committee,9,18
San Francisco Workforce Housing Alliance,9,17
Kevin de León for U.S. Senate,8,119
Tim Walz & Peggy Flanagan: A Minnesota for All of Us,8,111
Dick Barr for Lake County Board Dist. 3,8,63
Delegate Mike McKay,8,41
Todd Greeson for Circuit Clerk,8,40
Send DC A Message on June 5th,8,38
Scott Fitzpatrick,8,38
Karen Rose for School Board,8,38
Block Bronx Bolshevik,8,38
"Committee to Elect Tom Young for Circuit Judge, Group 26",8,37
The Wire with Edie Grunwald,8,16
Emily Stivers for County Commissioner,8,16
Senator Larry Stutts,8,15
Kasey Reynolds for Chico City Council,8,15
Mikie Sherrill,7,88
America First Action,7,87
Josh Harder,7,41
Jewish Leadership Conference,7,39
Louisiana Lawsuit Abuse Watch,7,37
Lake County Veterans Assistance Commission,7,37
Irfan M Ibrahim 4 DuPage Forest Preserve commissioner,7,37
Dummycrats,7,36
Eric Spofford,7,35
Equally American,7,35
Al Knable NA City Council at Large,7,35
Charlton for PA,7,34
Mussab Ali for JCBOE,7,33
Gary Snyder for State Senate,7,33
Brad Boles,7,33
Rick Olson for State Representative,7,32
Mayor Bowser,7,32
Everytown for Lucy McBath,7,32
Mark Mantovani,7,31
Diane Black,7,23
Robert McCulloch - County Prosecutor,7,15
Carolyn McCaffrey For Probate Judge,7,15
Texas Alliance for Life,7,14
Carl DeMaio,6,38
NO on 105,6,32
Melanin,6,32
Bonnie Gore,6,31
State Senator Margaret O'Brien,6,30
State Representative Trent Ashby,6,30
Ron DiNicola for Congress,6,30
Ray Madrigal - Lemoore City Council,6,30
Kevin Fisher for Murfreesboro City School Board,6,30
Eli's Legacy Animal Rescue,6,30
Abigail Spanberger,6,30
Whiskey In The Pines,6,29
Roby Smith for Iowa,6,29
Locke Thompson,6,29
Austin Petersen,6,29
Alerta Política,6,29
Roxanne Pollard for House,6,28
Housing For Everyone,6,28
Forest Fire Facts,6,28
Planned Parenthood Illinois Action,6,26
Pacific Sun Chronicle,6,13
Linda Bennett,6,13
Washington State Democratic Party,6,12
No Cuts to Care: No on Measure 106,6,12
JD Wooten for NC Senate,6,12
The Corridor Post,6,11
大紀元&新唐人－舊金山（EpochTimes & NTDTV - San Francisco）,5,104
Mike Levin,5,96
iAmerica Action,5,77
English Cameroon for a United Cameroon,5,46
Cort VanOstran for Congress,5,37
YES on M: SC for Rent Control,5,27
The Deplorable Deck,5,27
The Resistance Alliance,5,26
"Scooter Park, State Representative District 65",5,26
Paul Pate for Iowa,5,26
Friends of Jared Mead,5,26
DTE Wind Energy,5,26
Bobby Kuppers for NC Senate,5,26
Our Kids 1st - Our Schools Now,5,25
MHAction.org,5,25
John Cherry,5,25
Harry Sidhu,5,25
Scott Oldford,5,24
Grow America's Infrastructure Now,5,24
Shannon Latham,5,23
Darrin Camilleri,5,11
Wyrulec Company,5,10
WNBA,5,10
Republican Party of Kentucky - Official Page,5,10
Emily Sirota for House District 9,5,10
Todd Kaminsky,5,9
Joy for Kansas,5,9
Alliance for Michigan Power,5,9
WipeRecord - Criminal Expungement & Record Sealing Attorneys,4,29
United Democratic Club,4,29
AFSCME Council 31,4,28
Sheeba Jolly,4,22
Rick Hayes for State Representative 51st District,4,22
No On AB 2107,4,22
Madalynn Gerold,4,22
Americans for Prosperity - Louisiana,4,22
Let Colorado Vote,4,21
Ted Wheeler,4,20
Mariah Phillips for Congress,4,20
Steve Roberts State Representative,4,19
Nate McMurray for Congress,4,19
Mike Kaczmarek for Wright County Sheriff,4,19
Janee' Hanzlick for County Commissioner,4,19
Ben McAdams,4,19
Will Robinson,4,18
Paul Secrest for State Representative,4,18
Josie Raymond for State Representative,4,18
A Wider Bridge,4,18
Sheriff John Samaniego,4,17
Chris Elliott for State Senate,4,16
TakeAction Minnesota,4,8
Kirk Deviere For NC Senate,4,8
Gesslein & Luttrell for Monmouth County Freeholder,4,8
Coqui Aqui,4,7
Jason Lewis,3,84
Fed of American Hospitals,3,63
Josh Gottheimer for Congress,3,39
No on Prop C,3,22
"Roque  ""Rocky""  De La Fuente",3,20
Home Energy Guide,3,20
Equality Florida,3,18
Chupack for Judge,3,18
YWCA Arizona - STAT-Stand Together Arizona Training & Advocacy,3,17
Tony Rackauckas,3,17
Patrons of Jeff Porter,3,17
Kathy Hoffman,3,17
Kansas Values Institute,3,17
Fierce by mitú,3,17
Ellen Lipton for Congress,3,17
Charles Parker for Brevard School Board District 2,3,17
Americans for Prosperity -  Florida,3,17
ACLU of Southern California,3,17
32BJ SEIU,3,17
Tony T. Smith for Nevada Assembly District 4,3,16
Tim Barnsback for NC House,3,16
Teegardin for HD24,3,16
Plowz & Mowz,3,16
Palmetto Gun Rights,3,16
Milken Institute,3,16
Jeff Tarte,3,16
Janet Nguyen,3,16
Simon for House,3,15
Minnesota Ag-Energy Alliance,3,15
Heather Matson for Iowa House,3,15
Carroll White REMC,3,15
Bob Loonan for Minnesota House,3,15
Yes For Scottsdale Streets,3,14
Shawn Nelson for Congress,3,14
PubTalks with Eric & Dave,3,14
Not A Nuisance,3,14
Indiana Electric Cooperatives,3,14
Gary Trauner for U.S. Senate,3,14
Equine Preservation of North America - EPONA,3,14
Community Committee to Elect Robert Cohen,3,14
Committee to Elect Luke Thomas Cass County Circuit Judge,3,14
Chase Turner,3,14
Jeff Reisig District Attorney,3,13
Discover Charters,3,13
Conservation Voters of Pennsylvania,3,13
Bill Lee,3,13
Andy Vidak for Senate,3,13
Alex Villanueva,3,13
GUNVOTE,3,12
Erika Harold,3,12
Dillon for Supervisor 2018,3,7
Adam Gray for Assembly,3,7
Truesdell for Presiding Commissioner,3,6
Congressman Randy Hultgren,3,6
Sam for Anchorage,3,5
Dan Klimisch,3,5
Ashley Lehnert for House District 61,3,5
AM 560 The Answer,3,5
Phil Liberatore For Congress,2,510
MN350: Building a Climate Movement in Minnesota,2,307
Paul Davis,2,51
Catholic Relief Services,2,32
Tish James,2,28
Colin Allred,2,23
Wade Carlisle for Senate,2,19
Brooks For Long Island,2,15
Fred Upton,2,13
Caroline Self,2,13
Vote Mike Cole Sheriff Of Walker County 2018,2,12
Viviana Janer for Osceola,2,12
Sine Kerr for Arizona,2,12
Rhya Marohn for Charles County Democratic Central Committee,2,12
Paul Kerr for Congress,2,12
Oscar Garcia CPA Fresno County Auditor-Controller Treasurer Tax Collector,2,12
Jennifer Reynolds For 11th,2,12
Jacqui Irwin,2,12
Jack D. Franks,2,12
"Green Choice, LLC",2,12
Gideon Oakes for District 30 Senator,2,12
"Dave Harder, Broome County Sheriff",2,12
Commissioner Beverly Nicholson-Doty,2,12
Sounds Like Tennessee,2,11
Scott Lloyd for Circuit Judge,2,11
Ron DeSantis,2,11
Philip Becnel,2,11
Michael Gaddis for Bonsall School Board,2,11
Donna Cathy for Seneca County Judge,2,11
David Stemerman,2,11
Chesapeake Bay Foundation,2,11
Cheryl Grieb For Osceola,2,11
Anna For Florida,2,11
Patton & Hyder PLLC,2,10
McShane LLC,2,10
Mark Pinsley,2,10
Lincoln Land Wind,2,10
Interwest Energy Alliance,2,10
Food Bank For New York City,2,10
Eric Hill,2,10
Elect The Assessor,2,10
Councilman Derek Green,2,10
C. Jordan Labiosa,2,10
BoardSox,2,10
Anna Caballero for Senate,2,10
Andy Barr,2,10
Trisha Stefanski For Jefferson County Prosecutor 2018,2,9
Toni Preckwinkle Week in Review,2,9
Taxpayers for Good Government,2,9
Steve Bestolarides,2,9
Raising Colorado,2,9
Powder River Energy Corporation (PRECorp),2,9
Missouri House Victory Committee,2,9
Lesley for CU Regent,2,9
Kurland for Arizona House 23,2,9
Justin Fareed for Congress,2,9
Fight for $15,2,9
Christine Pellegrino for NY Assembly District 9,2,9
Ajay Pittman for House District 99,2,9
Rich Yung Zaya,2,8
Perspective Wealth Planning,2,8
Laura Ellman For Senate,2,8
Kelly Rossman-McKinney for State Senate,2,8
Garden State CARES,2,8
Donielle M. Lovell for State Representative,2,8
DD Adams for Congress,2,8
"City of Cedar Park, Texas-City Government",2,8
Citizens Utility Board of Minnesota - CUB,2,8
Ben Shnider for County Council,2,8
Americans for Prosperity - Colorado,2,8
Chris Graveline for Michigan Attorney General,2,7
Tom Emmer for Congress,2,6
Joe Markley for Lieutenant Governor,2,6
Jobs for Montana PAC,2,6
Howard Kessler for Tallahassee City Commission Seat 5,2,6
Kumar Barve,2,5
Zach Neumann for Colorado,2,4
Senator Dan Zumbach,2,4
Please Elect Joy Nelson—City Council District 1,2,4
Marc Elrich for County Executive,2,4
MPR News,2,4
Vote4DA,2,3
Steve Smith for Congress,2,3
Ramon J. Ryan for State Executive Committee,2,3
Dr. Marty Perez for Congress District 27,2,3
Kentucky Family Values,1,63
Kulkarni for Congress,1,36
Linda Gross for the Az House- LD8,1,23
Meet Tim Pawlenty,1,18
Commissioner Thomas Morgan,1,17
Trumpatwar,1,12
Tim Greimel,1,12
Rick Green,1,11
"Brandon Arrington, Osceola County Commissioner",1,9
MedicareAdvantage.com,1,8
Early vote on July 10th for Danny O'Connor,1,8
VotoMigrante,1,7
The Arc of the United States,1,7
Susan Concannon for Kansas Representative - 107th District,1,7
Solar24,1,7
Senator Elaine Phillips,1,7
Ryan Ronco,1,7
Rep. Neal Collins,1,7
"President Joe Shirley, Jr.",1,7
Laurel Glen Houston,1,7
Kendra Horn for Congress,1,7
Kara Rochelle for State Representative,1,7
Julie Morrison for State Senate,1,7
Julia Springsteen for Elizabethtown City Council,1,7
Joseph Howe for Iowa House District 36,1,7
Jordan Brandman for Anaheim,1,7
John Idleburg for Lake County Sheriff,1,7
Domestic Steel,1,7
David Yungmann For County Council,1,7
Alpha News,1,7
The Colored Girls,1,6
Shane Stolarczyk 4 Justice - Place 7,1,6
Robert Burns,1,6
Patricia Torres Ray for Congress,1,6
Northside Democracy for America,1,6
NorCal Resist,1,6
Justin Nelson,1,6
Josh Hill for Oregon,1,6
Joel Engardio,1,6
Janet Siddiqui,1,6
Elliott Adams - Kansas Candidate for US Senate 2020,1,6
Danielle Ford for CCSD School Board Trustee in District F,1,6
Dana Young,1,6
DFL Senate District 56,1,6
Craig Christenson for Alaska House District 13,1,6
Conservation Voters of South Carolina,1,6
Calen Studler for KY State Representative,1,6
Cahalan for Judge,1,6
350.org,1,6
The Coalition for a Better Illinois 6th,1,5
Representative Craig Hall - Utah House of Representatives - District 33,1,5
Nathan Fletcher for County Supervisor 2018,1,5
Monmouth County Democrats,1,5
Marketing for Change,1,5
Mark Osmack,1,5
KWTV - NEWS 9,1,5
Juana Dement,1,5
Greg Coulson,1,5
Elect Kirby Clements for Dekalb Superior Court,1,5
Danny Weigel,1,5
Congressman Peter King,1,5
Casey Welch for Congress,1,5
Can't Trust Catalina,1,5
Bruce Skaug of Nampa City Council - seat 6,1,5
Winnie Brinks for State Senate,1,4
"Varghese & Associates, P.C.",1,4
Tidelands Health,1,4
Steve Carra for County Commissioner,1,4
Scholten4Iowa,1,4
Rachel Blumenfeld for State Representative,1,4
Matt Rosendale,1,4
Denyc Boles for HD 19,1,4
Carol Fukunaga,1,4
Allwell Medicare,1,4
Acchildcarecrisis,1,4
AFSCME Council 28 WFSE,1,4
AARP Hawaii,1,4
[FB-Only] JWD Kitchen,1,3
Taylor Sappington for State Representative,1,3
Tara Prupis Democrat for Millburn Township Committee,1,3
Senator Robert Nichols,1,3
Rob O'Brian for MO State Senate,1,3
Oppose Kathy Kraninger,1,3
Omar Fateh for MN House 62A,1,3
Melvin Hasting,1,3
McDonough for Judge,1,3
Mark Jennings WY State Representative House District 30,1,3
Kershaw County Republican Party,1,3
Justin Brown For Senate,1,3
Dominic Rapini,1,3
David Pechefsky,1,3
David Alvarez,1,3
Clean Energy Jobs Ohio,1,3
Children's Action Alliance,1,3
Charles Johnson,1,3
Ben Albritton,1,3
1976km,1,3
+972 Magazine,1,3
Tim Ramsey County Commissioner District 4,1,2
Sam Givhan for State Senate,1,2
Rafael Castellanos,1,2
Martin Harry,1,2
Joshua Svaty,1,2
Elisabeth Espinosa for Circuit Court Judge,1,2
Clean Energy Economy MN,1,2
Ben Pak for Board of Equalization,1,2
Building Better Lives Together,1,1
Wisconsin Federation for Children,0,45454
Menomonee Falls Action Team,0,27972
Priorities USA Action,0,26825
MedicareSupplement.com,0,19980
Politicallyincorrecthumor.com,0,8250
Republicans Fighting Tariffs,0,5372
topplr,0,5051
Wool Dryer Balls from New Zealand,0,4995
Oshkosh Examiner,0,4995
Heifer International,0,4314
Kelly Gallaher,0,3646
OMGFacts,0,3164
Baby Boomer Glam with Marlene-Younique Presenter,0,2997
Talking Racine,0,2911
Business Forward,0,2022
Yogesh Chawla - Dane County Board District 6,0,1998
Word Porn,0,1998
Wisconsin Local News,0,1998
Wisconsin Democracy,0,1998
Whisper,0,1998
Urban Ecology Center,0,1998
Sofia Mendoza Mortgage Loan Officer in Wisconsin -1098708,0,1998
SALS Recovery,0,1998
Jeff Smith for State Senate,0,1998
Green Bay Sausage,0,1998
Facets of Deception,0,1998
Commuting with Julie,0,1998
COUNTRY Financial,0,1998
Aeschbach Automotive LLC,0,1998
Marisabel Cabrera,0,1946
Wisconsin's Choice,0,1831
Intelligence is sexy,0,1701
Working Families Party,0,1568
Ali for Assembly,0,1548
LWV Upper Mississippi River Region Inter League Organization,0,1299
Wisconsin Red to Blue,0,1202
Huru International,0,1157
Gavin Newsom,0,1063
Celebrity Voice Changer,0,1053
MagiQuiz,0,1052
Framed Tweets,0,1036
Thomas Ryan,0,1011
Étude Middle School,0,999
Wisconsin Veterans Chamber of Commerce,0,999
Wisconsin Progressive Fishermen & Hunters,0,999
United Nations Association of Dane County,0,999
UWGB Pride Center,0,999
Truly Catholics,0,999
Troy Beck - Thrivent Financial,0,999
Tom Nelson,0,999
The Rights Party,0,999
The Epoch Times Los Angeles,0,999
The Commoner Call,0,999
The Black Sheep Pub and Grill,0,999
Teyana Taylor,0,999
Terp Family Insurance,0,999
"Tabak Law, LLC",0,999
Strong Blue Wisconsin PAC,0,999
Steves auto sales,0,999
Sportsmans Hub,0,999
STATE the VOTE,0,999
Ryan J. Thorpe - Thrivent Financial,0,999
Rob Grover for 92nd Assembly,0,999
Republican Party of Kenosha County,0,999
Professional Dimensions,0,999
Pat Kreitlow's Politics Page,0,999
Ninjas for Health,0,999
New Leaf Foods,0,999
Mr Brews Taphouse - Plover,0,999
Mirrorless Productions,0,999
Milwaukee County Office of Emergency Management,0,999
Matt's DJ Service,0,999
METRO EYE,0,999
MARY KAY MKE,0,999
Lincoln Hills,0,999
Leonard Insurance,0,999
Legal Association for Women,0,999
Khary Penebaker,0,999
Kenny Marchant,0,999
KCS U.S Cellular Spring Green,0,999
J² Catering,0,999
Julie Bulgrin - Gallagher Kies & Company of Keller Williams Realty,0,999
John Macco,0,999
"Jeanan Yasiri Solutions, LLC",0,999
James Reeb Unitarian Universalist Congregation,0,999
Jackass Meme,0,999
Immigration Action Coalition of SE Wisconsin,0,999
Greater Wisconsin Committee,0,999
Grant County Republican Party,0,999
"Gingras, Cates & Wachs",0,999
Gary L Groelle for Rock County Sheriff,0,999
GE Volunteers Milwaukee,0,999
Focus on Energy,0,999
"Fitzgerald & Bomier, LLC",0,999
Fabulous Farm Babe,0,999
Expanded Consciousness,0,999
Elect Linda Stankey for Wood County Coroner,0,999
Eat The Rich,0,999
"Earthbound Environmental Solutions, LLC",0,999
Dosch for WI Assembly,0,999
"Desert Veterans of Wisconsin, Fox Valley Chapter",0,999
Debra Pickett,0,999
Daily Quotes,0,999
DSA Madison Medicare for All,0,999
Curiosity,0,999
Conservative Revival Movement,0,999
Community Shares of Wisconsin,0,999
Cathy Thompson Outagamie County Board Supervisor,0,999
"Budget PARTY Essentials, LLC",0,999
Branden Bodendorfer,0,999
Brad Boivin,0,999
Bill And Jerry PC Repair,0,999
Being Teen,0,999
America’s Dairyland,0,999
Allied Progress,0,999
Addicted to Sawdust LLC,0,999
3am Thoughts,0,999
"Adoption Choice, Inc.",0,997
Bottlepops USA,0,992
"ONeill Law Firm, LLC",0,963
Music for Resistance and Revolution,0,795
Megan Erwin for Pierce County Clerk of Court,0,688
Viral Fabulous,0,667
Instructor Grace,0,657
Scott Nelson for Dubuque County Attorney,0,647
Alex Social,0,566
Klean Kanteen,0,561
Aspire Fashion,0,538
Memes,0,500
LoisOlson,0,500
Just Teen Things,0,500
Homemaking.com,0,500
BuzzyShare,0,500
Save the Redwoods League,0,447
Stateline JJM,0,426
Progress Michigan,0,424
CANVAS Unplugged,0,390
iSideWith.com,0,372
SportsBreak,0,333
Save The Animals,0,333
Blue Future,0,333
WhyHunger,0,331
Zodiac Rules,0,281
RoRo SoBo - Blue,0,265
Female Thoughts,0,250
Douglas County Democrats,0,250
SpectrumofRockford Lgbt CounselingCenter,0,248
"Benjamin Kaasa Law Office, P.L.L.C.",0,241
Burke-Paine Society,0,237
The University of Chicago,0,234
One Vote At A Time,0,233
Maple Heights African American Gazette,0,228
LifeFlip Media,0,222
Addicted to Golf,0,211
Rep. Lucille Roybal-Allard,0,200
Ray Gaesser,0,200
Lonny magazine,0,200
LaShawn Strachan for Hillsborough County Court Judge,0,200
Funniest Memes,0,200
Awkward Quotes.,0,200
The #News,0,196
Friends of Glenn Thompson - Team GT,0,196
WorldLifestyle,0,195
30A,0,190
Lupe Valdez,0,185
Torn Wires News,0,182
The New MAGA - Make America GOOD Again,0,180
Ben Hanson for Fayette County Supervisor,0,175
Ted Gatsas,0,167
Full Employment Now - Political Action Committee,0,167
FUN Texts.,0,167
American Chemistry,0,167
1Mission Nutrition,0,167
Little Dictator Game,0,159
LocalSaver,0,158
Niskanen Center,0,154
Fine Political Items,0,154
Scot John Tomaszewski for Congress,0,151
BrainFall.com,0,143
Care Voters of Minnesota,0,141
Be Conscious. Be Kind.,0,138
The 1492 Patriots,0,129
Save the Children Action Network,0,127
Conservative Mama PhD,0,127
BruceJBerger,0,127
Barbara Lee,0,127
Phone2Action,0,117
Prompt News,0,116
Rocks N Ropes,0,111
Giving Care,0,111
Elite Daily,0,111
American 50,0,111
Rocket Facts,0,109
Nate for State,0,103
Everything Veterans Day,0,101
Mary Barzee Flores for Congress,0,100
Lawyers of Distinction,0,100
Higher Perspective,0,100
Union of Concerned Scientists,0,97
ThoughtFull,0,96
Legends of the NBA,0,95
Jarvis Project,0,95
Hanging With Trump,0,94
Sean Whalen,0,93
Tower Mn,0,92
IOOGO,0,91
AFSCME Retirees,0,91
Ginger Garner for NC Senate,0,85
Claire Luger- Wyoming City Council,0,83
Ramsay Wealth Management,0,81
Personal Capital,0,81
Great Public Schools for US,0,81
"Race, Racism and the Law",0,80
FTC PAC,0,80
Carrie Smith for State Representative Bangor District 127,0,80
Investing Shortcuts,0,77
Go Patriotic,0,77
Melanie Nutter - 陸美蓮 - for BART Board,0,76
U.S. Term Limits,0,71
Stuart Shapiro,0,71
Molle & Alice,0,71
Bryan Dey,0,71
Bruce Rauner,0,67
Hillcrest Card Company,0,65
Matt Longjohn,0,64
Poems Porn,0,62
Love Drinking Beer,0,62
Constative.com,0,62
Abadabadoo,0,62
US Committee on the Marine Transportation System,0,61
GetVokl,0,61
J.H. Carpenter Barnes,0,60
Therichardjames,0,59
Independent Liberty,0,59
Democratic Association of Secretaries of State,0,59
Conservatives Against Media Manipulation,0,59
Allgood for LCA,0,58
24/7 Wall St.,0,58
IFC PAC,0,57
The Simple Life Store,0,56
Naturally Fit Inc,0,56
I love it when I wake up in the morning and Donald Trump is President.,0,56
Aspiration,0,56
Spring Farm Sanctuary,0,55
Rob Davidson for Congress,0,55
Premiere Collectibles,0,54
iVote,0,53
Thatsstore,0,53
PLAN Action Fund,0,53
Mission + Strategy Consulting,0,53
Fair Anita,0,53
The Rutherford Institute,0,52
American Freedom,0,52
Jacek Zurada for 2019 IEEE President-Elect,0,50
International Animal Rescue,0,50
JuiceSauce,0,49
Shippabo,0,48
Ro Khanna,0,47
Public Citizen,0,47
Ocean And Co.,0,47
Everybody Loves Politics,0,47
George Thomas Clark Page,0,46
BIgBridge,0,46
PASA Primates: Pan African Sanctuary Alliance,0,45
How to Help,0,45
Anti New Jersey Education Association Blog,0,45
The Levitical Society,0,43
Eddie Zipperer,0,43
CRTV,0,42
National Asset Security Community,0,41
Gary Siegwarth for IA Governor,0,41
Essure Birth Control Claim,0,41
AGCO,0,41
Just Vote,0,40
Notorious Rbg - Protect Women Power,0,39
Liberty or Death Project,0,38
Jess Ekstrom,0,38
Trends,0,37
Passit Shop,0,37
Give America Hope,0,37
Clothing-Deal.Club,0,37
USA Proud Tees,0,36
Mercy Corps,0,36
Land Conservation Assistance Network,0,36
Connected Commerce Council,0,35
Welovetrump,0,34
Tom Malinowski for Congress,0,34
Tim Westley for U.S. Congress 2018,0,34
Jessica Catron,0,34
Idaho Conservation League,0,34
Friends of the Mississippi River,0,34
Florida Jobs PAC,0,34
Representative Joey Hood,0,33
Destination Graduation,0,33
Courage Campaign,0,33
TrustedBest,0,32
Sevigny for Congress,0,32
Richard Ojeda,0,32
Housekeeping 101,0,32
We Love National Park,0,31
Laura Sturgeon,0,31
Forward Thinking Politics,0,31
Burma Task Force,0,31
The People's Trumpet,0,30
Mercy Home for Boys & Girls,0,30
Libertarian Coalition,0,30
Kibbe on Liberty,0,30
Elect Mark Mervich,0,30
America Eclipsed,0,30
State Representative Luis Arroyo,0,29
Matt Swenson for District 57A - Minnesota House Of Representatives,0,29
What Has The Government Ever Done For Us?,0,28
The Tilted Glass,0,28
Seven Figure Publishing,0,28
Get Money Out - Maryland,0,28
Easy Living Club,0,28
Don Davis,0,28
Christine Hallquist,0,28
Andy Kim for Congress,0,28
Power Hero,0,27
National Geographic Society,0,27
MAGA WELDS,0,27
Build CT,0,27
Aric Chen 曉天,0,27
Solid Blue Strategies,0,26
Protect Respect Animal Rights,0,26
Life Changing Videos,0,26
LemonyTree,0,26
Kristen Carlson for Congress,0,26
Harmonizing Strategies,0,26
Curt Kiessling,0,26
Chris Pappas for Congress,0,26
Blue Wave Countdown,0,26
Woodshed Politics,0,25
Sudan Relief Fund,0,25
Signs On The Cheap,0,25
Panda Superstore,0,25
NoarFactory,0,25
"Minnie ""Cotton"" Diallo For Lathrop City Council",0,25
Meals For Pets,0,25
Elect Judge Victoria McKay Kennison for Circuit Court Judge,0,25
Calandra Revering for Ramsey County Judge,0,25
Uplifting Decals,0,24
The Leadership Conference on Civil and Human Rights,0,24
Society To End the Entitlement Mentality - STEEM,0,24
OZY After Dark,0,24
Creative Action Network,0,24
We Will Ride,0,23
United Way of Greater New Haven,0,23
Snowflakes Make Blizzards,0,23
Really American,0,23
Protect Our National Parks,0,23
NJ Citizens for a Free State,0,23
Law Business Mentors,0,23
Concerned Citizen,0,23
Comedy for a Cause: The 22 Tour to Stop Soldier Suicide,0,23
Babies Over Billionaires,0,23
Reason To Believe,0,22
Pro Life Man,0,22
Kiwi Report,0,22
John Upchurch for Congress,0,22
E. O. Wilson Biodiversity Foundation,0,22
African Wildlife Foundation,0,22
2nd Amendment Supporters,0,22
Unique Pockets,0,21
The Future of The US Congress,0,21
Jack Burkman Radio,0,21
Healthy And Productive Illinois,0,21
Gaumr,0,21
Connecticut Water Company,0,21
Tom Wolf,0,20
Thieves in the Temple,0,20
Raising California Together,0,20
Proud To Be A Republican,0,20
Pete Olson for Congress,0,20
Matavita - Save The Elephants,0,20
MapleTwig,0,20
LAYA Bikini,0,20
Jason Rittereiser for Congress,0,20
Christians Taking Action for America,0,20
Airfarewatchdog,0,20
TruePublic,0,19
The World Is Crazy,0,19
Steve Sisolak,0,19
Smart Approaches to Marijuana,0,19
Jasper County Democrats,0,19
Indica - news,0,19
Fatherly,0,19
Education Post,0,19
DuPage Libertarians,0,19
Dr Herbert Lee for 39th Congressional District,0,19
Blue Lives Matter,0,19
Billy Kovacs,0,19
Anne Brown for Ypsi Mayor,0,19
Animal Equality,0,19
American Jewish Congress,0,19
The Donald Stuff,0,18
Senator Kelli Stargel,0,18
PeopleTV,0,18
Operation Save the Wild Horses,0,18
Newseum,0,18
"Mitchell Blatt, Political Columnist",0,18
Kim Bost for NC House,0,18
Homes For Our Troops,0,18
Emerge America,0,18
Christian Democrats of America,0,18
Castaldo for U.S. Congress,0,18
Beaumont-Plumbers Local Union 68,0,18
We Built This,0,17
Ryan Hampton,0,17
OutFrog,0,17
I Am Willow,0,17
Doug Goodman for Magistrate,0,17
Dope A Sunglasses,0,17
American Clothing Co.,0,17
Allan Kittleman,0,17
The Stutman Switalski Group LLC,0,16
Senator Julie Morrison,0,16
Restore the Mississippi River Delta,0,16
OD Action,0,16
Lee B. Vining for SC House,0,16
LATOKEN,0,16
Glenn Beck,0,16
Citizens for Everett Medic One,0,16
AFGE,0,16
"The No Buy Zone, Effortless Power",0,15
The Daily Nooze,0,15
Scott Trotter,0,15
Samar Habib,0,15
Rosalind Greene 2020 Democratic Presidential Candidate,0,15
Mica Wood Pence For Family Court Judge,0,15
Melanie Hill for State Board of Education,0,15
Kansans for a Better Future,0,15
Justin Santopietro,0,15
Dep Nation Apparel,0,15
Committee to Elect Larry Piegza,0,15
Chezia Cager,0,15
Bob Casey,0,15
BlackInatiii.Co,0,15
Ann McDonough for Dubuque County Supervisor,0,15
World Relief,0,14
Women Rise,0,14
Steve Farley,0,14
Sell Your House NOW Call 361-695-1943,0,14
PoliEqual,0,14
Patrick O'Connor,0,14
OhMD,0,14
Mike Unes,0,14
Jennifer Chapman for Yamhill County Circuit Court Judge,0,14
IM Freedom. Free Live Workshops,0,14
Do You Know,0,14
VICELAND,0,13
Time buuzz,0,13
The Republican Party of Nelson County (Kentucky),0,13
Save The Youth,0,13
Reclaim The American Dream,0,13
Mi Familia Vota,0,13
"Keep America Great, TRUMP 2020",0,13
"Educate Our Kids, We Are Grinnell",0,13
Direct Expose,0,13
Charlene Butts Ligon,0,13
BankTEL Systems,0,13
Arizonans for Effective Leadership,0,13
ADF International,0,13
Save Michigan Horse Racing,0,12
Overcoming Obstacles,0,12
Lower My Bill,0,12
Greenlight the Gulch,0,12
"Epoch Times, New York",0,12
Darwin Investing Network,0,12
Brian Bagnall - HelpRetire.com,0,12
Bloomberg Philanthropies,0,12
Anthony DiClementi,0,12
Andrew Wilkow,0,12
American Deep State Movie,0,12
Alan Geraci for Assembly,0,12
10-4 Gear,0,12
Zoë Bands,0,11
X Straws,0,11
We Are ALPA,0,11
Top Conservative,0,11
SpeakEasy Political,0,11
South Florida Wildlands Association,0,11
Sea Vitality,0,11
Roaming Millennial Uncensored,0,11
Raymond Clements for Sheriff,0,11
National LIFE Runners Team,0,11
Lizzie Pannill Fletcher for Congress,0,11
End the NRA,0,11
Comic Book Resources,0,11
Arizona Democratic Legislative Campaign Committee,0,11
Andy Katz for Assembly,0,11
WomenStrong International,0,10
University Fox,0,10
Randy Price,0,10
Rabbi Dr. Shmuly Yanklowitz,0,10
Mother Of Sarcasm,0,10
Jill Norgaard for AZ House,0,10
Fipple,0,10
Darrell Hale for Collin County Commissioner Precinct 3,0,10
Beverly Powell,0,10
Women's March Chicago,0,9
The Muslims Are Coming,0,9
Nofuxaround Gang,0,9
Nero for DuPage County Board - District 2,0,9
Musth Apparel,0,9
Jeff Fine for Superior Court Clerk,0,9
Hope Necklace,0,9
Heartland Gazette,0,9
Cold Blood Gaming,0,9
Civics Nation,0,9
Black Central Station,0,9
Anthony Brindisi For Congress,0,9
Alyse Galvin for Congress,0,9
VoteYes4Success,0,8
Sumer Cooner for Caddo Parish School Board Member District 8,0,8
Public Safety for a Safer Santa Clara supporting John Hirokawa for Sheriff,0,8
Nano Vision,0,8
Mitene,0,8
Linda Jack,0,8
Kimberly Ellis,0,8
Julia Salazar for State Senate,0,8
Intelisys,0,8
Home Improvement Deals,0,8
Dugout,0,8
Define American,0,8
West Virginia Strong,0,7
Vote Bronsten Kossow,0,7
Vision America,0,7
"State Representative Shane Sandridge, House District 14",0,7
Sean Quinlan for State House,0,7
"Re-Elect Jim Houser, Linn County Supervisor",0,7
Mike Dunleavy for Governor,0,7
Mary Stewart for Iowa Senate,0,7
Julia Brownley for Congress,0,7
Iniosante,0,7
Hank Linderman,0,7
Eastern State Penitentiary,0,7
Campus Vote Project,0,7
Black Facts Online,0,7
Barbara Cady,0,7
The Claremont Independent,0,6
Terri Legrand for NC House 2018,0,6
THE TRUMP NETWORK,0,6
Representative Dane Eagle,0,6
Phenomenal Woman Action Campaign,0,6
Newton for Fair Process,0,6
New Way California,0,6
Laurel for State Rep,0,6
Laura Kelly,0,6
La Gran Epoca,0,6
LFP Partners,0,6
Kratom Trade Association,0,6
Jennifer Benson for NC House,0,6
Go Africa Harlem,0,6
Freedom Club,0,6
ElementShirts,0,6
Council for a Livable World,0,6
Caroline Walker for NC Senate,0,6
Alexis Hansen,0,6
Who Stole the American Dream?,0,5
Vincent for Boston,0,5
The Runaway Experience,0,5
Supervisor Chuck Winn,0,5
Rhonda Cole Schandevel,0,5
Muslim Legal Fund of America,0,5
Jews against Israel,0,5
Gayle Kemp for State House,0,5
Democratic Legislative Campaign Committee - DLCC,0,5
CLSA - California Life Sciences Association,0,5
Angry Buckeyes,0,5
Williams For OPPD,0,4
The Next Gen Network,0,4
The Animal Pack,0,4
Senator Marty Knollenberg,0,4
Repair Our Schools Now,0,4
Pocket Your Dollars,0,4
Maui Tomorrow,0,4
Laci LeBlanc for Catawba County Commissioner,0,4
Julie Jordan for Georgia,0,4
John Carter,0,4
It Starts Today - Missouri,0,4
Gregg Lawrence - Williamson County Commission - District 4,0,4
Golden State Observer,0,4
Fryer for Arizona,0,4
Frank SCHMUCK for Arizona Senate,0,4
Energy Justice For All,0,4
Emily Gipe for Clinton County Treasurer,0,4
Dr. Katie McBrine for State Senate,0,4
Dave Ernst,0,4
ClubResist,0,4
"Cindy Silva, Walnut Creek City Council",0,4
Bill McCamley for State Auditor,0,4
Arizona G&T Cooperatives,0,4
Andrew Heykoop for County Commissioner,0,4
Aimy Steele for NC House 82,0,4
Zero Waste Produce Bags,0,3
Zack Fields for State House,0,3
Tyler for City Council,0,3
Tubb Canyon Desert Conservancy,0,3
Steven Buccini for NC House,0,3
Stephanie Zucker,0,3
Save North Venice,0,3
Pro-Life Action League,0,3
Pit Bulls Love,0,3
Nick DiCeglie,0,3
Mike Soter for State Representative,0,3
Mike Hildenbrand - Pine Island City Council Member,0,3
Mark Nash,0,3
Kathy Lewis for Florida State Senate District 20,0,3
Kansas Democratic Party,0,3
John Wasik for Lake County Board - District 6,0,3
Joe Manchin,0,3
Jennifer Jermaine for AZ LD18 House,0,3
IAMTHEFWORD,0,3
Gail Young for North Carolina,0,3
Dominion Energy South,0,3
Claudia Tenney for Congress,0,3
Chris Suarez for Alexandria School Board District A,0,3
Cecilia Jones for Commissioner,0,3
BioSpace,0,3
Arcadia Power,0,3
1MISSION,0,3
terrence harris,0,2
William Tanoos for Congress,0,2
"Wealth Management of the Carolinas, Inc",0,2
Vish for City Council District 6,0,2
TN Governmental Prayer Alliance,0,2
Susan Sneed for TN House District 20,0,2
Steve Allison for Texas House,0,2
State Representative Theresa Gavarone,0,2
Senator Joan Carter Conway,0,2
Sampson County Republican Party,0,2
Sam Jammal For Congress,0,2
SAVE,0,2
Ross Spano,0,2
Richland County Libertarians - SC,0,2
Responsible Leadership New Mexico,0,2
Rep. Tom Reed,0,2
Pam Wasserman-Heath,0,2
Neal Simon for U.S. Senate,0,2
Matt Heinz: Hiding Who He Really Is,0,2
Maryland House DEMs,0,2
Kellogg for NC House,0,2
Kathleen Peters,0,2
Katherine Cabaniss,0,2
Kate Brophy McGee - State Senate,0,2
Karen Mayne for Utah Senate 5,0,2
Jason Hunt,0,2
Jared Polis,0,2
Hirsh Singh,0,2
Hillsdale College,0,2
Gina Ortiz Jones for a Better Texas,0,2
Evan Vincent for State Senate,0,2
Equality Texas,0,2
"Edgardo Hernandez for State Representative, District 87",0,2
Dorothy For Congress,0,2
Diane Mitsch Bush for Colorado CD3,0,2
Change The Date,0,2
Campbell For NC Senate,0,2
CPIC,0,2
Baker for Governor,0,2
Angie Crowder for Polk County School Board - District 1,0,2
Andy Manar,0,2
Al Muratsuchi for Assembly,0,2
p.s. alumni,0,1
The House Rules Radio Show Every Sat Morning 1am - 4am,0,1
Stephanie Murphy for Congress,0,1
Save Our Sea life,0,1
Salaam Hearts Of Palestine,0,1
Rick Lesser,0,1
Omar Passons for Supervisor 2018,0,1
Mayor Matt Hall,0,1
Julie Willoughby for LD17,0,1
Julie Reiley for Board of Education,0,1
Jonathan Lewis for Congress 2018,0,1
Jason Haeseler For Florida House,0,1
Internet Forever,0,1
Hennepin County Library,0,1
Hanlon for Colorado,0,1
Frank LaRose,0,1
Don Huffines,0,1
Xcel Energy Minnesota,0,0
The Y,0,0
The Home Depot,0,0
Tableau Magazine,0,0
State Representative Manny Diaz Jr,0,0
Senior Healthcare Direct,0,0
Sara Spencer-Noggle for Isabella County Probate Judge,0,0
ProgressVA,0,0
McGruff Safe Kits,0,0
Marsy's Law for Florida,0,0
Louisiana Federation for Children,0,0
Kimberlin Brown,0,0
Kathy Hochul,0,0
Jesse Gabriel for Assembly,0,0
Hidden Tips,0,0
Energy Bill Cruncher,0,0
Dr. Saif Rehman for Board of Education,0,0
Dr. Brent Moody for State Representative,0,0
Brianna Lennon for Boone County Clerk,0,0
Bayer Crop Science,0,0
Angela D. Alsobrooks,0,0
