One Nation,"[2846000, 8003806]"
The Joe You Don't Know,"[2761000, 7066892]"
Judicial Crisis Network,"[1745735, 3861960]"
West Virginia Values,"[1722000, 4410938]"
Restoration PAC,"[1026061, 3401194]"
Patrick Morrisey,"[507000, 1534943]"
Demand Justice,"[451012, 1131095]"
AARP Advocates,"[450000, 1249993]"
Americans for Prosperity - West Virginia,"[427000, 1854923]"
Our Next America,"[422000, 1009992]"
1863 PAC,"[417000, 979982]"
Don Blankenship,"[382655, 942463]"
Americans for Prosperity,"[379069, 1142380]"
ExxonMobil,"[324581, 812014]"
Our Flag Our Country,"[259474, 548870]"
The Wilderness Society,"[241756, 549706]"
Joe Manchin,"[227894, 640464]"
America First Policies,"[199639, 513696]"
Speak Up For Education and Kids,"[195690, 611622]"
Better With Age,"[173452, 394758]"
Richard Ojeda,"[170495, 498519]"
National Association for Gun Rights,"[160000, 349996]"
National Shooting Sports Foundation | NSSF,"[150000, 449993]"
The Holy Tribune,"[149459, 298916]"
Donald J. Trump,"[139889, 616084]"
Dennise Smith for WV Supreme Court,"[115000, 518831]"
The West Virginia Record,"[115000, 514917]"
GOP,"[111008, 648268]"
Planned Parenthood Action,"[109079, 533721]"
Ihlenfeld for State Senate,"[105939, 308770]"
Civiqs,"[102056, 488659]"
Tera Salango For Circuit Judge,"[100000, 319993]"
The Leadership Conference on Civil and Human Rights,"[89034, 392144]"
MO Research,"[83331, 227244]"
Faith and Freedom Coalition,"[76000, 215994]"
Tom Louisos,"[70000, 201995]"
Self-Reliant Republic,"[69745, 199318]"
Tom Steyer,"[69265, 307273]"
West Virginia Center on Budget and Policy,"[68000, 264988]"
Ryan Ferns - WV State Senate,"[64259, 174732]"
Association for Accessible Medicines,"[62000, 131993]"
Future of 55 PAC,"[60167, 229956]"
Americans for Limited Government,"[60000, 149998]"
West Virginia Strong,"[59000, 205982]"
Talley Sergent,"[57846, 262345]"
Wilkes for Supreme Court,"[57000, 269992]"
Ben Queen,"[54000, 213976]"
Military Network,"[50920, 254596]"
The March for Life,"[50000, 99999]"
Living Free,"[49944, 99887]"
Fed of American Hospitals,"[49585, 211532]"
Matthew Kerner,"[49000, 216975]"
McKinley for Congress,"[48763, 97525]"
Women For Civility,"[42982, 184913]"
Kent Carper,"[41000, 204995]"
FutureinAmerica,"[40000, 199996]"
Citizens United,"[38389, 95973]"
Jason Stephens For State Senate 2018,"[38000, 173956]"
Lissa Lucas for WV House,"[36922, 129492]"
Independent Women's Voice,"[36052, 90143]"
Lambda Legal,"[34878, 80846]"
Eric J. Tarr for WV Senate,"[33928, 116817]"
Alliance for Justice Action Campaign,"[33000, 418680]"
NARAL Pro-Choice America,"[32809, 113454]"
Energy Transfer,"[32738, 75421]"
WV Future PAC,"[31463, 134657]"
Modern Medicaid Alliance,"[30000, 165972]"
Protect Our Workers' Earned Retirement Coalition,"[30000, 149997]"
Amy Goodwin for Mayor,"[30000, 121994]"
Team Kendra,"[29657, 95669]"
Delegate Riley Moore,"[29557, 115083]"
Randy Swartzmiller for House of Delegates,"[27994, 94961]"
Mountain Mamas,"[25989, 143903]"
Mike Oliverio for Senate,"[23540, 102955]"
ACLU,"[23223, 108753]"
The Nature Conservancy,"[22008, 81009]"
Greenbrier County Republican Club,"[21506, 80007]"
Guy Ward,"[20706, 44407]"
American Energy Alliance,"[19812, 39625]"
National Republican Congressional Committee,"[17829, 53130]"
Re-Elect Bill Hartman - House of Delegates,"[17604, 89997]"
Renate Pore,"[17000, 71968]"
Don Nickerson,"[17000, 70995]"
Josh Stowers For Lincoln County Commission,"[17000, 69987]"
Robinette for House 2018,"[17000, 57988]"
"Andy Backus, Charleston's Next Mayor","[17000, 56989]"
West Virginia Citizen Action Group,"[17000, 52964]"
Hansen for House,"[16824, 60537]"
VoteTogether,"[15000, 62380]"
County Commissioner Matt Wender,"[15000, 59998]"
NAACP Legal Defense Fund,"[14097, 35255]"
Stephanie Zucker,"[13981, 128796]"
Reconnecting McDowell,"[13000, 64996]"
Elect Margaret Staggers 2018,"[13000, 36993]"
Co-ops Vote,"[12034, 33177]"
MedicareSupplement.com,"[12000, 282765]"
Alex X. Mooney,"[11977, 64875]"
William Ty Nestor for WV House of Delegates,"[11934, 33817]"
John Doyle for WV House of Delegates District 67,"[11755, 60770]"
Cindy for WV,"[11408, 31233]"
West Virginians for Affordable Health Care,"[11000, 55995]"
Robinson For House,"[11000, 26995]"
Doug Skaff Jr.,"[11000, 25996]"
Dr. Charles Sammons for Senate,"[10850, 55247]"
PragerU,"[10583, 21646]"
United States Merchant Marine Academy ALUMNI,"[10127, 20254]"
DoSomething.org,"[10100, 50526]"
Patagonia,"[10095, 50309]"
Theresa “Tess” Jackson Candidate for WV House of Delegates,"[10000, 69999]"
Citizens Against Lawsuit Abuse,"[10000, 55993]"
JB Akers for Mayor,"[10000, 52996]"
"Vote David ""Elliott"" Pritt for WV House District 32","[10000, 52987]"
Richard Lindsay for WV 8th District State Senate,"[10000, 50989]"
National Wildlife Federation Action Fund,"[10000, 49999]"
National Association of Home Builders,"[10000, 49999]"
Merle Norman Cosmetics & Boutique Beckley,"[10000, 49999]"
Anthony M. Woods for Charleston City Council At-Large,"[10000, 49999]"
Will Thompson for Supreme Court,"[10000, 21996]"
Protect Our Care - West Virginia,"[10000, 21768]"
GUNVOTE,"[9931, 49664]"
POET,"[8680, 19798]"
Make the Connection,"[8200, 16399]"
Elect Phoebe Jeffries Meadows House of Delegates 27th District,"[8000, 42989]"
"Chris Phillips, Candidate for WV House of Delegates, 47th District","[8000, 24996]"
Democrats of Jefferson County WV,"[7941, 26751]"
Larry D. Kump,"[7906, 48069]"
Merle Norman Cosmetics & Boutique Lewisburg,"[7561, 37807]"
NRA - National Rifle Association of America,"[7065, 16190]"
Joe Powers for Cabell County Clerk,"[7000, 20996]"
Dan Greear for Kanawha County Circuit Court Judge,"[7000, 20996]"
Human Rights Campaign,"[6227, 13312]"
Auto Alliance,"[6002, 15010]"
"A Safer, Stronger Charleston","[6000, 31992]"
"Joseph ""Joe"" Jeffries for Delegate - District 22","[6000, 15997]"
Moore Capito,"[6000, 14998]"
Frank Luntz,"[6000, 14998]"
4ocean,"[5858, 13629]"
Convention of States,"[5835, 12709]"
Concealed Online,"[5694, 24681]"
League of Conservation Voters,"[5504, 11007]"
Chad Lovejoy for WV,"[5000, 37982]"
Tom Tull,"[5000, 33986]"
"Necco of Charleston, WV","[5000, 9999]"
Carla Jones for WV Senate District 2,"[4999, 24992]"
American Lung Association,"[4955, 9911]"
"Jaime Barron, P.C.   Immigration Attorneys   Abogados de Inmigración","[4899, 9797]"
Unspeakable Crimes,"[4517, 9070]"
Planned Parenthood,"[4499, 11558]"
Everytown for Gun Safety,"[4449, 9849]"
PolicyEd,"[4399, 10689]"
U.S. LawShield,"[4385, 8769]"
Birds of a Feather,"[4319, 8637]"
United States Constitution,"[4302, 12638]"
We Are PA,"[4173, 17446]"
American AF,"[4171, 12018]"
Center for Biological Diversity,"[4100, 9384]"
NRSC,"[4039, 10097]"
Mel for House,"[4000, 36979]"
Greenbrier County Democratic Women's Club,"[4000, 20995]"
Delegate Jason S. Harshbarger,"[4000, 20995]"
Price for Commission,"[4000, 19996]"
Joshua Kurt Higginbotham,"[4000, 19996]"
Leslie Pittenger 4 County Auditor,"[3874, 19357]"
Taxotere Lawsuit Information,"[3858, 8930]"
Make America Great Again - Republican,"[3541, 7083]"
Swing Left,"[3396, 8171]"
Democratic Coalition Against Trump,"[3391, 16540]"
Michael Knowles,"[3340, 7850]"
Power In Cooperation,"[3285, 9032]"
Audible,"[3261, 7075]"
Citizens for Nicole Alt-Myers,"[3209, 13013]"
Ben Shapiro,"[3098, 7373]"
Charlie Reynolds for House of Delegates,"[2995, 21294]"
Erase The Hate,"[2923, 7506]"
Missy Morris for House,"[2897, 22472]"
LifeDaily,"[2876, 7318]"
NRDC,"[2823, 10337]"
E Jay Marcum For Wayne County Commission,"[2794, 17965]"
Sierra Club,"[2664, 7411]"
Dissent Pins,"[2649, 5560]"
Jesse Pippy,"[2598, 12989]"
Elizabeth Warren,"[2477, 7126]"
UnitedHealthcare,"[2355, 7477]"
Andrew Janz,"[2346, 6165]"
Ben Ferguson,"[2334, 5836]"
Tim Ryan for WV House,"[2233, 4466]"
Boredom Therapy,"[2225, 4884]"
Winning For Women,"[2219, 28444]"
Turning Point USA,"[2104, 4542]"
Barbara Comstock,"[2076, 4837]"
Alliance for Lifetime Income,"[2073, 5182]"
Made In America Tax,"[2009, 8829]"
Jill Upson for WV House of Delegates 65th District,"[2000, 20987]"
100 Percent Deplorables,"[2000, 11996]"
The Tax Scam,"[2000, 10997]"
Mark Brazaitis,"[2000, 10997]"
Wood County WV Democratic Party,"[2000, 9998]"
Peter Onoszko for Jefferson County Commissioner,"[2000, 9998]"
HealthSmart WV,"[2000, 9998]"
Harrison County West Virginia GOP,"[2000, 9998]"
Danielle Walker for House,"[2000, 9998]"
Brianne Solomon for House of Delegates District 14,"[2000, 9998]"
Chris Hearsey,"[1968, 4169]"
Conservative Gear,"[1938, 6876]"
End Citizens United,"[1918, 5724]"
EJ Conn for Jefferson County Auditor,"[1892, 8445]"
Larry Hogan,"[1816, 7402]"
Proud Right Winger,"[1812, 4361]"
Essure Lawsuit Information,"[1789, 3577]"
Warrior 12,"[1781, 4578]"
Norma Kirk-McCormick,"[1779, 8895]"
I Love My Freedom,"[1775, 3846]"
Great America PAC,"[1761, 4427]"
ASMDSS,"[1757, 4477]"
Environmental Health News,"[1731, 8657]"
Delegate Gary G Howell,"[1726, 9296]"
Kyle M. Woodman,"[1709, 3418]"
Amy Nichole Grady for WV State Senate District IV,"[1668, 8339]"
The Brookings Institution,"[1663, 3328]"
Oxygen,"[1643, 4115]"
Stand for the 2nd Amendment,"[1534, 5628]"
Live Action,"[1485, 3826]"
Active Measures,"[1474, 3685]"
Color Of Change PAC,"[1450, 3625]"
Breaking Big,"[1411, 3191]"
American Gun Association,"[1390, 3815]"
Fahrenheit 11/9,"[1346, 3686]"
45 Hats,"[1344, 6629]"
Upworthy,"[1329, 3632]"
"Elect Christen Finley for Judge, Lawrence County Court of Common Pleas","[1245, 3388]"
Delegate Kathy Afzali,"[1241, 3062]"
Vote Sarah Kovoor Family Court Judge,"[1230, 6149]"
Giffords,"[1230, 4759]"
Charlie Kirk,"[1224, 2808]"
Jewish Voice Ministries International,"[1217, 4667]"
"Charity Grimm Krupa, Albert Gallatin School Board","[1214, 4232]"
Dinesh D'Souza,"[1213, 6989]"
Protect our Jefferson County,"[1188, 5943]"
YouGov,"[1157, 2814]"
EMILY's List,"[1156, 3048]"
BuzzVideo Advertising En,"[1137, 2843]"
Dr. Nadia for Congress 2018,"[1128, 4361]"
Grigorian for Senate,"[1105, 5525]"
We The People Holsters,"[1099, 3180]"
Kirsten Gillibrand,"[1093, 3716]"
Chesapeake Bay Foundation,"[1091, 3132]"
Donald R. Capper,"[1082, 2163]"
Great American Era,"[1051, 2126]"
Bridge Project,"[1048, 2096]"
State Representative Chris Harris,"[1043, 2891]"
PrintedKicks,"[1024, 2338]"
David Trone,"[1002, 2718]"
Fight For Reform,"[1001, 2503]"
Rowsey for the House,"[1000, 8995]"
Chase For WV,"[1000, 8928]"
Ricky Moye,"[1000, 6997]"
Mullins for House of Delegates District 13,"[1000, 6997]"
Dorothy Kengla for Hampshire County Commission,"[1000, 6525]"
Rugged Roots,"[1000, 5998]"
Holland for WV House - 17th District,"[1000, 5998]"
Bill Wooton,"[1000, 5998]"
Alliance for Justice,"[1000, 5998]"
My WV Gun Rights,"[1000, 4999]"
Mercer County West Virginia Democratic Party,"[1000, 4999]"
"Hampshire County, WV Democrats","[1000, 4999]"
Delegate Joe Statler,"[1000, 4999]"
Andy Daniel for House of Delegates,"[1000, 4999]"
ThoughtCo,"[984, 1969]"
The Western Journal,"[983, 3292]"
"David L. Kelly, Republican for WV House of Delegates - District 6","[978, 4887]"
MoveOn,"[951, 15704]"
Democratic Senatorial Campaign Committee (DSCC),"[943, 2349]"
Friends for Earl Robbins,"[938, 2482]"
Penzeys Spices,"[938, 2456]"
NRATV,"[936, 2149]"
Period Calendar Cherry,"[931, 2327]"
The Daily Show,"[919, 1977]"
Andrew Evans for House of Delegates,"[915, 11435]"
Berkeley County Democratic Executive Committee,"[911, 10464]"
Worrell for House of Delegates - 18th District,"[908, 5537]"
Tax March,"[897, 2234]"
Ryan Hampton,"[894, 1789]"
John Mandt Jr for WV House of Delegates Dist. 16,"[868, 5340]"
Americans for Farmers & Families,"[859, 5794]"
Science for Humans and Freedom Institute,"[848, 10357]"
Bill O'Reilly -dot- Net,"[840, 4197]"
Sand Cloud,"[835, 2137]"
Conservative News Today,"[819, 1638]"
Politico Focus,"[767, 3834]"
Conservative Tribune,"[759, 2245]"
MedStar Washington Hospital Center,"[757, 3784]"
Loudoun County Fire and Rescue,"[751, 3755]"
Boxed Water Is Better,"[751, 1877]"
Heidi Heitkamp,"[751, 1792]"
"I Love You, America","[744, 1489]"
Dalton Haas for The WV House of Delegates - District 3,"[726, 5484]"
Proud American Hunter,"[722, 3370]"
DuPont for Congress,"[716, 1431]"
The Young Turks,"[699, 1800]"
The Jim Jefferies Show,"[692, 1648]"
Democrats,"[669, 3133]"
Partnership for Conservation,"[661, 2919]"
2nd Amendment Rights,"[656, 1312]"
Stacey Abrams,"[646, 1968]"
Coalition For Trump Superstore,"[641, 1283]"
Protect Our Care,"[640, 3198]"
Shield Republic,"[623, 2766]"
International Rescue Committee,"[623, 1488]"
Rock Steady Ecommerce,"[616, 1611]"
DiversityInc,"[606, 1269]"
Joe Kennedy III,"[604, 2038]"
Brooker For Judge,"[599, 2995]"
Circa,"[598, 2404]"
ConsumersTricks,"[598, 1197]"
Ocean Conservancy,"[590, 5700]"
David Smith for Mayor,"[587, 1174]"
Vote Scott M. Renforth Jefferson County Auditor 2018,"[579, 3396]"
Garrett County Democratic Club,"[571, 2855]"
Parks Project,"[567, 1565]"
Camera For Senate,"[539, 2697]"
Help for Essure Victims,"[539, 1878]"
Airbnb,"[536, 1071]"
Kamala Harris,"[520, 3298]"
Citizens for Wayne Keefer,"[505, 3328]"
Tony Evers,"[504, 1017]"
Energy Citizens,"[501, 3370]"
Bernard Semler for State's Attorney,"[497, 2577]"
UPROXX,"[489, 1231]"
Michael Leptic for Allegany County Commissioner,"[486, 2658]"
Patriotic Drop Shop,"[476, 1654]"
Deb Frank for Allegany County Board of Education,"[467, 3260]"
Luis Pacori / The Federal Savings Bank,"[467, 934]"
Beto O'Rourke,"[466, 1132]"
The Years Project,"[464, 1433]"
GreaterHalf.com,"[459, 1905]"
Kevin McCarthy,"[451, 1658]"
Mayor Philip Levine,"[447, 895]"
BESE,"[445, 1227]"
Doctors Without Borders/ Médecins Sans Frontières (MSF),"[440, 880]"
Irvine For Ohio,"[435, 2172]"
National Audubon Society,"[432, 976]"
When We All Vote,"[427, 1216]"
45th President Donald J. Trump,"[415, 1332]"
Deb Haaland for Congress,"[414, 828]"
Bill O'Reilly,"[409, 978]"
NRDC Action Fund,"[407, 1451]"
Seeker,"[405, 810]"
Steven Crowder,"[405, 809]"
HILL TV,"[394, 2078]"
Smart Customer,"[393, 857]"
National Democratic Redistricting Committee,"[392, 2019]"
The Rising Right,"[383, 767]"
GLAAD,"[374, 748]"
America with Eric Bolling,"[372, 2076]"
Alliance Defending Freedom,"[372, 1828]"
ClearPath Action Fund,"[372, 753]"
Proud To Be A Republican,"[366, 1881]"
Randy Bryce,"[364, 774]"
Republican Governors Association (RGA),"[363, 1030]"
Axios,"[359, 717]"
Environmental Defense Fund,"[357, 2125]"
Republican Liberty Caucus,"[341, 1494]"
Viral Motion,"[338, 676]"
World Food Program USA,"[321, 886]"
NRCC IE,"[319, 1635]"
First Quote Health,"[319, 1326]"
Conservative Journalists,"[313, 1561]"
National Network of Abortion Funds,"[305, 1339]"
Finance Watchdogs,"[298, 626]"
Families For Trump,"[296, 1286]"
Appalachian Voices,"[288, 1441]"
DC Statesman,"[279, 1220]"
Human Coalition,"[276, 1007]"
Friends of the IDF (FIDF),"[275, 1434]"
D-C Chiropractic Neurology Center,"[273, 1363]"
Bottom Line With Boris Epshteyn,"[269, 1341]"
The Energy Advocate,"[268, 536]"
Scott Walker,"[267, 1333]"
Greenpeace USA,"[266, 2501]"
St. John for City Council,"[261, 1302]"
White Coat Waste Project,"[259, 2237]"
Foundation for Individual Rights in Education,"[257, 631]"
Pat McGeehan for House of Delegates,"[252, 1573]"
Energy Nation,"[251, 1597]"
NORML,"[247, 1296]"
Stand Up America,"[245, 3217]"
Reverend Billy And The Stop Shopping Choir,"[245, 620]"
Our Lives Our Vote,"[239, 678]"
2nd Amendment For Life,"[238, 1190]"
Compare Medicare Quotes,"[238, 825]"
The Trump Prophecy Movie,"[237, 908]"
Cathy Myers,"[234, 1106]"
Personal Liberty,"[234, 841]"
Dakota Meyer,"[231, 588]"
Vote Justin Olson,"[230, 501]"
Be A Hero,"[227, 923]"
Animal Matters,"[226, 576]"
Humble Household,"[225, 451]"
Indivisible Guide,"[224, 510]"
"Imprimis, a Publication of Hillsdale College","[224, 467]"
Bob Casey,"[224, 454]"
Sandy Hook Promise,"[222, 546]"
National Conference on Public Employee Retirement Systems (NCPERS),"[221, 1104]"
UltimateStraw,"[217, 551]"
Josh Kail,"[215, 540]"
Bud Otis for Frederick County,"[207, 825]"
Let Africa Live,"[207, 424]"
Asa for Governor,"[207, 415]"
UnidosUS,"[206, 513]"
Environmental Working Group,"[206, 483]"
LifeZette,"[202, 14732]"
Rant Nation with Graham Allen,"[200, 798]"
Jeff Merkley,"[199, 1271]"
The Daily Signal,"[198, 990]"
Strekoza Daily,"[197, 986]"
Michael Medved,"[197, 985]"
Independent Voter,"[193, 764]"
Nuclear Energy Institute,"[193, 387]"
St. Martin's Press,"[192, 995]"
Gold Strategies For Americans,"[189, 947]"
Trendy Butler,"[188, 376]"
Paul G. Allen,"[188, 376]"
MJ for Texas,"[187, 492]"
Exclusive Apparel,"[186, 1186]"
Virginia House Democrats,"[183, 913]"
Texas Public Policy Foundation,"[182, 934]"
Sounds Like Tennessee,"[182, 364]"
The News and Why It Matters,"[180, 901]"
The Bank TV Show,"[180, 900]"
iAmerica Action,"[179, 738]"
Katie Hill for Congress,"[179, 359]"
Ohioans Against the Reckless Dialysis Amendment,"[177, 1119]"
Save Animals Facing Extinction,"[177, 886]"
Barbara Comstock has changed,"[175, 525]"
Unite America,"[174, 770]"
Coalition for Future Mobility,"[173, 875]"
Oceana,"[173, 775]"
Prophecy News Watch,"[172, 858]"
FEE,"[170, 853]"
Fans of Jereme Leazier for Washington County Democratic Central Committee,"[169, 1106]"
Abortion On Our Own Terms,"[169, 844]"
SpeakEasy Political,"[168, 858]"
PCCC - BoldProgressives.org,"[162, 716]"
All Out,"[160, 320]"
John K. Delaney,"[157, 787]"
The Devil We Know,"[155, 775]"
The Mark Kaye Show,"[155, 335]"
"Jack Miller, Down to Business","[154, 768]"
Janet Mills,"[153, 769]"
Poor People's Campaign: A National Call for Moral Revival,"[153, 313]"
Adam Schiff,"[152, 893]"
Democratic Governors Association (DGA),"[151, 753]"
Every State For Israel,"[150, 750]"
Bernie Sanders,"[149, 699]"
iSideWith.com,"[147, 738]"
Rebuilding America Now,"[146, 730]"
Conservation International,"[145, 728]"
The Independence Fund,"[145, 726]"
Better Medicare Alliance,"[145, 709]"
Bloomberg Philanthropies,"[144, 720]"
Chad Benson Show,"[143, 923]"
Craig Lindon for State Representative 97th District,"[143, 729]"
Protectors of The Wood Book Series,"[143, 716]"
Kyle Reyes,"[143, 716]"
Free Together,"[142, 284]"
Jay Edwards State Rep,"[141, 509]"
Nine Line Apparel,"[141, 374]"
Prompt News,"[139, 694]"
Masai Troutman for FCPS Board,"[139, 694]"
Mercatus Center at George Mason University,"[139, 546]"
Eric Garcetti,"[138, 701]"
Megan LeRoux for Clerk of Court,"[138, 692]"
OAF Nation,"[137, 1600]"
Scott Cepicky for State Representative,"[137, 274]"
Proxy.Vote,"[136, 526]"
LocalSaver,"[135, 675]"
Amie Hoeber for Maryland,"[132, 663]"
Democratic Attorneys General Association,"[132, 465]"
Brian Frosh,"[130, 650]"
Medicare World,"[129, 646]"
FrackFeed,"[129, 644]"
Steve Scalise,"[129, 643]"
Steve Stivers,"[129, 283]"
EveryLibrary,"[128, 642]"
Supporting American Values,"[128, 639]"
"I'll go ahead and keep my guns, Thanks","[128, 639]"
Wesley Financial Group LLC,"[128, 638]"
World Animal Protection USA,"[126, 252]"
In the Woods with Phil,"[124, 683]"
Showtime Documentary Films,"[124, 259]"
Honoring Our Veterans,"[122, 610]"
Organization for Competitive Markets,"[121, 605]"
Republicans for the Rule of Law,"[121, 248]"
The Committee to Defend the President,"[119, 596]"
Center for Reproductive Rights,"[119, 485]"
The Nib,"[119, 239]"
2nd Amendment Supporters,"[119, 238]"
Zephyr Teachout,"[117, 584]"
CREDO Mobile,"[116, 664]"
Character Matters in Washington County Maryland,"[116, 582]"
Generation 180,"[116, 578]"
Florida Democratic Party,"[116, 543]"
Jason Miller,"[115, 573]"
Moms Clean Air Force,"[115, 550]"
Young America's Foundation,"[114, 620]"
ASPCA,"[114, 579]"
Lessons from Military History,"[113, 1957]"
The Deplorable Deck,"[113, 563]"
StaffDNA,"[112, 558]"
Freedom for All Americans,"[111, 553]"
"Miller & James, LLP","[111, 223]"
HTG Estate Services,"[110, 221]"
Judicial Watch,"[109, 543]"
Blue Wave,"[107, 907]"
Ranker,"[107, 542]"
49th Bud Cook,"[107, 531]"
Nick Freitas,"[106, 220]"
Paul Nicklen Photography,"[106, 212]"
American Bird Conservancy,"[105, 444]"
Proud Americans Supply Gear,"[103, 515]"
Modern Hero,"[103, 515]"
Republican State Leadership Committee,"[103, 514]"
She the People,"[103, 207]"
22 Words,"[102, 1358]"
Military Officers Association of America (MOAA),"[102, 475]"
USCCA,"[101, 508]"
NTD Life,"[100, 5397]"
Pergo,"[100, 499]"
Shout Your Abortion,"[100, 403]"
Alexandria Ocasio-Cortez,"[100, 236]"
Main Street Investors Coalition,"[99, 1041]"
John Dyce for HD5 2018,"[99, 620]"
Mavis Taintor For Delegate,"[99, 496]"
Clear Energy Alliance,"[98, 492]"
Baron and Budd Employment Law,"[98, 492]"
Disability Over 50,"[98, 490]"
National Asset Security Community,"[98, 489]"
Rachel Ratliff for Pike County Attorney,"[97, 488]"
UAW International Union,"[97, 478]"
Build With Strength,"[96, 627]"
News Procession,"[96, 487]"
Hillsdale College Online Courses,"[96, 479]"
AFSCME Maryland,"[96, 479]"
Working Families Party,"[95, 607]"
IAFF 4th District Vice President Andrew Pantelis,"[95, 549]"
CARE,"[95, 514]"
NextGen Virginia,"[94, 473]"
Matavita - Save The Elephants,"[94, 469]"
Allison Gilman For Judge,"[94, 188]"
AFGE,"[93, 468]"
American Heart Association: You're the Cure,"[93, 467]"
Armed American Supply,"[92, 2482]"
Save the Children Action Network,"[92, 977]"
Pay for Ed,"[92, 462]"
Clean Natural Gas,"[92, 326]"
House of Patriots,"[92, 325]"
Shiloh Israel Children's Fund,"[92, 183]"
The Center for Community Change,"[91, 220]"
American Bail Coalition,"[91, 182]"
Congress of Tomorrow,"[90, 539]"
Animal Petitions,"[90, 452]"
Proud American Traveler,"[89, 446]"
Committee to Elect Trampas Puckett,"[89, 444]"
Joe Gruters,"[88, 176]"
Patriot Powered Products,"[87, 648]"
Solar Energy Today,"[87, 263]"
Electric Nation: Powered By Wind,"[87, 221]"
Kell Palguta For Prescott Valley Mayor,"[86, 431]"
Amnesty International USA,"[86, 398]"
No Labels,"[85, 422]"
Mercy For Animals,"[84, 448]"
Get Off My Lawn with Gavin McInnes,"[84, 426]"
"Jason C. Stephens, Lawrence County Auditor","[84, 416]"
Bill Holt's Dreamies,"[84, 235]"
Eric Bolling,"[83, 420]"
Free To Choose Network,"[83, 417]"
Peter G. Peterson Foundation,"[82, 410]"
Emerge America,"[80, 409]"
True Conservative,"[80, 400]"
Pew Research Center,"[79, 394]"
LGBTQ Victory Fund,"[79, 227]"
Quirk Books,"[78, 391]"
Pump The Movie,"[78, 389]"
MoneyWise.com,"[77, 1053]"
We Are The Mighty,"[77, 391]"
Nursing Homes Abuse Advocate,"[76, 382]"
Le Murarmy,"[76, 378]"
Daily Vine,"[76, 189]"
Hill Reporter,"[75, 376]"
Cold Dead Hands,"[75, 376]"
No Kid Hungry,"[75, 252]"
Ben Swann,"[74, 371]"
Jason Tolliver for Lawrence Co. Auditor,"[74, 370]"
Maximum Strength Axia3 ProDigestive Heartburn Relief,"[74, 368]"
Democratic Asian Americans of Virginia,"[73, 367]"
dittymoji,"[72, 430]"
Catholic Relief Services,"[72, 371]"
Outrider Foundation,"[72, 302]"
Shareblue Media,"[72, 167]"
314 Action,"[70, 358]"
Most Viral Across USA,"[70, 351]"
Firearms Policy Coalition,"[70, 350]"
Dr. Bronner's,"[70, 349]"
Thomas Ryan,"[69, 346]"
Lets Make USA Great Again,"[67, 139]"
Beth Liston for Ohio,"[67, 135]"
Protect The House,"[66, 575]"
Military Tees,"[66, 405]"
Human Rights Watch,"[66, 377]"
Trump Store,"[66, 328]"
Comedy Central,"[66, 133]"
Nate for State,"[65, 411]"
World Mercury Project,"[65, 325]"
Union of Concerned Scientists,"[65, 323]"
Clarion Project,"[65, 322]"
Neighborhood Sun,"[65, 130]"
Giving Brush,"[64, 366]"
UnitedVoice.com,"[64, 248]"
Conservative Partnership,"[64, 129]"
Outschool,"[63, 315]"
Yale Program on Climate Change Communication,"[63, 313]"
Dan Milleson for Ohio's 95th,"[63, 313]"
Save the Storks,"[63, 153]"
Climate Conservatives,"[63, 127]"
Andrew Shaffer,"[62, 219]"
AIPAC,"[62, 190]"
Marsy's Law for North Carolina,"[62, 124]"
National Domestic Workers Alliance,"[61, 290]"
Patriot Depot,"[60, 1212]"
Democratic Association of Secretaries of State,"[60, 323]"
PoliticalPlunder,"[60, 302]"
Dogwood Alliance,"[60, 302]"
Vet Voice Foundation,"[60, 300]"
NextGen America,"[60, 271]"
LemonyTree,"[60, 121]"
"Indivisible New River Valley, VA","[60, 119]"
AMATE - American Muslims Against Terrorism & Extremism,"[59, 148]"
End Party Politics,"[59, 118]"
The N.C. Star,"[59, 117]"
The Commonwealth Fund,"[59, 117]"
UUSC: Unitarian Universalist Service Committee,"[58, 292]"
Tee Shirt Palace,"[58, 288]"
Bird + Stone,"[58, 276]"
Indiana Senate GOP,"[58, 146]"
"Military-Veterans Advocacy, Inc.","[58, 116]"
Dan Bongino,"[58, 116]"
Keith Faber,"[57, 283]"
New Federalism Fund,"[57, 115]"
Senator Chris McDaniel,"[56, 281]"
Print For Progress,"[56, 213]"
Your Energy,"[54, 381]"
The Collective PAC,"[54, 268]"
Antonio Delgado,"[53, 222]"
Michigan Republican Party,"[53, 105]"
Braskem,"[52, 340]"
Paramount Network,"[52, 170]"
Colorado Way,"[51, 258]"
AmericaServes,"[51, 255]"
We Make America,"[51, 253]"
UsAgainstAlzheimer’s,"[51, 149]"
Danny O'Connor for Congress,"[50, 204]"
Devin Nunes,"[50, 100]"
The Blue Ridge Store at Harris Hall of Antiques,"[49, 244]"
Yale Environment 360,"[49, 243]"
GetVokl,"[49, 243]"
One Nation Design,"[49, 135]"
Corbin For City Commissioner,"[48, 366]"
Action.GOP,"[48, 264]"
North Carolina Citizens,"[47, 256]"
Pela Case,"[47, 236]"
Louder with Crowder,"[47, 151]"
Two Flags,"[47, 94]"
Dr. Dena Grayson,"[47, 93]"
Renee Hoagenson for Congress,"[46, 299]"
Kurt J Kober,"[46, 230]"
Shaun King,"[46, 186]"
Emerging American Majorities,"[46, 110]"
The Women of Bradville,"[46, 92]"
Mayor Rich Tran,"[46, 91]"
Kentucky Family Values,"[45, 873]"
People's World,"[45, 226]"
Earthjustice,"[45, 226]"
World Jubilee,"[45, 225]"
Elizabeth Baker for District 2 Hamilton County Commissioner,"[45, 224]"
FLIC Votes,"[45, 90]"
Transformations Treatment Center,"[44, 222]"
Jess King for Congress,"[44, 89]"
Colorado Working Families Party for Joe Salazar,"[44, 88]"
Martin Heinrich,"[43, 220]"
Jacobin Magazine,"[43, 217]"
Beaver County Young Republicans,"[43, 215]"
Anna Caballero for Senate,"[43, 214]"
UNICEF USA,"[43, 213]"
Joseph Plummer for Herndon Town Council,"[43, 213]"
Justin Kiska for Frederick,"[42, 212]"
Omaze,"[42, 210]"
The Guide,"[42, 85]"
Coverage of the Trump Presidency by The Epoch Times,"[41, 1388]"
Sevigny for Congress,"[41, 205]"
Pi Yoga Pants,"[41, 204]"
Rugged Country,"[41, 92]"
Distractify,"[40, 869]"
OZY Future,"[40, 647]"
Plan International USA,"[40, 217]"
Finish the Ballot,"[40, 200]"
No on SoccerCity,"[40, 172]"
CRTV Tonight with Gavin McInnes,"[40, 148]"
FloridaStrong,"[39, 100]"
Abigail Spanberger,"[39, 82]"
A Place At The Table,"[39, 79]"
Corey Stewart,"[38, 189]"
Pursuit,"[38, 83]"
The Truth Is In The Tweets,"[38, 77]"
Eat Pray Kill,"[38, 75]"
Road Scholar,"[37, 196]"
SEIU Local 2015,"[37, 185]"
Washington State Democratic Party,"[37, 182]"
ZickWorld,"[37, 74]"
The Giving Keys,"[36, 180]"
I Am An Immigrant,"[36, 179]"
Push Digital Inc,"[36, 72]"
Andrew White,"[36, 72]"
OnX Hunt,"[36, 71]"
Heifer International,"[35, 1907]"
Union Patriots,"[35, 213]"
Competitive Enterprise Institute,"[35, 173]"
Acorn TV,"[35, 126]"
Tina Smith,"[34, 138]"
John Sarbanes,"[34, 108]"
Claire McCaskill,"[34, 96]"
Gates Foundation,"[34, 80]"
Joe Cunningham,"[34, 72]"
Nutrisystem,"[34, 68]"
Julie Oliver,"[34, 67]"
Donald Trump Is My President,"[33, 167]"
Orman for Kansas,"[33, 109]"
Power In Black,"[33, 66]"
45 and Sunny,"[32, 65]"
Cazadores de vampiros,"[32, 63]"
Wyoming Hunters & Anglers Alliance,"[31, 155]"
Controversially Conservative,"[31, 154]"
Tammy Larkin for Delegate,"[31, 61]"
Ron DeSantis,"[31, 61]"
Online Carry Course,"[30, 330]"
Ron George,"[30, 151]"
Alessandra Biaggi,"[30, 151]"
Carbonated.TV,"[30, 94]"
Water Lifestyle Co.,"[29, 226]"
Jacky Rosen for Nevada,"[29, 155]"
Oceanplastic,"[29, 145]"
Citizens Energizing Michigan's Economy,"[29, 143]"
Action Against Hunger USA,"[29, 143]"
Healthy Montana Campaign,"[29, 89]"
Dr. Donna Campbell,"[28, 140]"
Unseen,"[28, 56]"
350.org,"[27, 138]"
Families and Teachers for Antonio,"[27, 134]"
Michigan Leadership Committee,"[27, 93]"
David Friess for State Representative,"[27, 79]"
Game Alert,"[27, 55]"
Philadelphians for a Fair Future,"[27, 53]"
March For Our Lives,"[26, 129]"
"Laurie Halverson for Delegate, District 15","[26, 128]"
Define American,"[26, 60]"
Remezcla,"[26, 52]"
Association of American Physicians and Surgeons,"[26, 52]"
Aspire Fashion,"[25, 393]"
Oxfam,"[25, 142]"
We are mitú,"[25, 137]"
City Journal,"[25, 127]"
American Friends of Magen David Adom,"[25, 127]"
Bill Conway for Council,"[25, 126]"
Nike,"[25, 125]"
Lynn Afendoulis for State Representative,"[25, 123]"
Physicians Committee for Responsible Medicine,"[25, 50]"
Cynthia Nixon for New York,"[24, 129]"
Innocence Project,"[24, 122]"
Kyrsten Sinema,"[24, 64]"
Keep Judge Dan Zalla,"[24, 48]"
Democratic Party,"[23, 31659]"
Phil Bredesen,"[23, 116]"
Penguin Kids,"[23, 114]"
Butch Tilley For Delegate,"[23, 114]"
Republican Committee of Lancaster County,"[23, 51]"
Ted Cruz,"[23, 46]"
Mike Pence,"[22, 3283]"
Steve Huffman,"[22, 112]"
Elect Brian Clark for State Representative,"[22, 111]"
Republican Party of Sarasota,"[22, 110]"
Ammar Campa for Congress,"[22, 90]"
Organization of Iranian American Communities - OIAC,"[22, 44]"
Flip It Blue,"[22, 44]"
Your Trump Shop,"[21, 123]"
Aspiration,"[21, 115]"
Randy Michaelis,"[21, 106]"
Pickup Please,"[21, 105]"
Evan Glass for Montgomery County Council,"[21, 42]"
The Christian Broadcasting Network,"[20, 102]"
Michael “Mike” Diaz for Stephens City Mayor,"[20, 101]"
Magapreneur,"[20, 101]"
Andrew Gillum,"[20, 100]"
Angie Holt Groves for Robertson County Clerk,"[20, 99]"
American Deep State Movie,"[20, 99]"
Alan Wilson,"[20, 99]"
Dave Lislegard For MN House 6B,"[20, 98]"
Taylor Sappington for State Representative,"[20, 91]"
TIDAL,"[20, 40]"
GroundUp,"[19, 160]"
Survival Life,"[19, 96]"
Joseph D. Lane,"[19, 96]"
Congresswoman Barbara Comstock,"[19, 96]"
Judge Libby Messer,"[19, 95]"
Loudoun County Economic Development,"[19, 93]"
Thrasher Coffee,"[19, 91]"
Mallory Hagan for Congress,"[19, 68]"
David Pechefsky,"[19, 41]"
Kash Jackson for Governor,"[19, 37]"
David for Senate,"[19, 37]"
Speech Moves,"[18, 109]"
Liftable Engagement Services,"[18, 106]"
E. O. Wilson Biodiversity Foundation,"[18, 98]"
Progress NC Votes,"[18, 92]"
Kerry Donovan,"[18, 90]"
Jane Raybould,"[18, 62]"
Phone2Action,"[18, 40]"
World Vision USA,"[18, 36]"
The Fighting Forces,"[17, 112]"
The Rutherford Institute,"[17, 99]"
Grabien,"[17, 86]"
Rick Rogers,"[17, 84]"
Anybody seen my slippers ?,"[17, 84]"
USA for UNHCR,"[17, 63]"
Zimbio,"[17, 50]"
Environmental Voter Project,"[16, 555]"
Pfizer,"[16, 305]"
Books Brothers,"[16, 92]"
Sandy Ripple,"[16, 87]"
Riverside County Sheriff Stan Sniff,"[16, 84]"
David Osborne for State Representative,"[16, 80]"
Paul Cummings for BART Director,"[16, 78]"
Home Improvement Deals,"[16, 57]"
Dave Dodson for Senate,"[16, 42]"
Brandy Brooks for Montgomery County - MD,"[16, 36]"
Congressional Leadership Fund,"[15, 276]"
Eddie Zipperer,"[15, 83]"
The People For Bernie Sanders,"[15, 80]"
Need To Impeach,"[15, 77]"
Make America Float Again,"[15, 77]"
Bench.co,"[15, 75]"
The House of Tees,"[15, 74]"
Survivors Advocating For Equity - SAFE,"[15, 74]"
Marilyn Wiles For AZ State Senate - District 10 - Rep.,"[15, 74]"
MAGA MAGA CLUB,"[15, 74]"
OZY After Dark,"[15, 73]"
David Gregory State Representative,"[15, 56]"
Abdul El-Sayed,"[15, 46]"
The Animal Pack,"[15, 31]"
"Carroll Electric Cooperative, Inc. - Ohio","[15, 29]"
Bill Schuette,"[15, 28]"
Definition.org,"[14, 3281]"
Matt Towne,"[14, 72]"
David Smith for State Representative,"[14, 72]"
The Republican Standard,"[14, 71]"
Give America Hope,"[14, 71]"
Dave Joyce,"[14, 71]"
Odometer,"[14, 69]"
Matt Rinaldi,"[14, 69]"
Barbara Lee Family Foundation,"[14, 69]"
In Kind,"[14, 68]"
Humanization,"[14, 68]"
Curt Benson for Judge,"[14, 68]"
The Southern Patriot,"[14, 64]"
Angie Craig,"[14, 46]"
Patients For Affordable Drugs Action,"[14, 28]"
Brian 'BAM' McClendon,"[14, 28]"
Newsweek,"[13, 2765]"
Daily Vibes,"[13, 567]"
Sarasota citizen Martin Hyde,"[13, 111]"
US Lending Marketplace,"[13, 86]"
Melanie Whitfield For House,"[13, 67]"
Stain on America,"[13, 66]"
The GenZ Conservative,"[13, 65]"
Right Wing Threads,"[13, 65]"
John Kasich,"[13, 65]"
ArtProfileratx,"[13, 65]"
American Council for Capital Formation,"[13, 64]"
Delegate Wendy Gooditis,"[13, 63]"
Reform Austin,"[13, 58]"
Rotary International,"[13, 27]"
RageOn,"[13, 26]"
Go Patriotic,"[12, 93]"
Save Kansas Coalition,"[12, 73]"
FuzzWeb,"[12, 66]"
Love in a Time of Fear,"[12, 62]"
Unminced Words,"[12, 61]"
Support for Injured Veterans,"[12, 61]"
Reasonable Anarchy,"[12, 60]"
HELLO BEAUTIFUL,"[12, 60]"
Direct Expose,"[12, 60]"
New American Road Trip,"[12, 59]"
Vote Mike Cole Sheriff Of Walker County 2018,"[12, 58]"
The Gold Standard with Alan Mosley,"[12, 58]"
Sheet Metal Air Rail and Transportation Workers,"[12, 58]"
National Farmers Union,"[12, 58]"
Kevin Stitt for Governor,"[12, 58]"
Conservative Investor Daily,"[12, 58]"
A Farmhouse Full,"[12, 58]"
James Thompson for Kansas,"[12, 36]"
Terri Legrand for NC House 2018,"[12, 24]"
Kanew for Congress,"[12, 23]"
WhyHunger,"[11, 309]"
Premium Care For Seniors,"[11, 288]"
Conservative Writers,"[11, 67]"
Ocean Helper,"[11, 63]"
Crime Survivors for Safety and Justice,"[11, 60]"
Truth in Annapolis,"[11, 57]"
O'Brien Zuckerman 2021,"[11, 57]"
Nissi Worldwide,"[11, 57]"
Black Fly Creations,"[11, 57]"
Keep My Voice,"[11, 56]"
U.S. Chamber of Commerce,"[11, 55]"
The Washington Blade,"[11, 55]"
Stan Sallee for Tulsa County Commissioner,"[11, 55]"
Committee to Rebuild Maine's Middle Class,"[11, 55]"
Voters Response,"[11, 54]"
ProEnglish,"[11, 54]"
Pete Olson for Congress,"[11, 54]"
Don Mayhew,"[11, 54]"
Emily Best for PA Senate,"[11, 53]"
Richard Gottfried for Montgomery County Council,"[11, 44]"
Sharice for Congress,"[11, 42]"
Elect Robbie Williams for Floyd County Judge Executive,"[11, 33]"
FAMM,"[11, 23]"
Scary Mommy,"[11, 22]"
John Carter,"[10, 162]"
Balanced News,"[10, 76]"
Goods Unite Us,"[10, 64]"
Guardian Labs,"[10, 59]"
Scamazon,"[10, 58]"
Representative Dane Eagle,"[10, 53]"
Patients' Rights Action Fund,"[10, 52]"
Mike Miller,"[10, 52]"
Compassion & Choices,"[10, 52]"
Our Revolution in the Blue Ridge,"[10, 51]"
Block Bronx Bolshevik,"[10, 51]"
Team Morris,"[10, 50]"
State Representative Hal Slager,"[10, 50]"
NRA Women,"[10, 50]"
Keep Them Accountable,"[10, 50]"
FLAG  - Foundation for Liberty and American Greatness,"[10, 50]"
Women's Equality Party,"[10, 49]"
Triangle Blade,"[10, 49]"
Louisiana Lawsuit Abuse Watch,"[10, 49]"
Likewise Media,"[10, 49]"
Leah Aldridge for State Senate,"[10, 49]"
Citizens Take Action,"[10, 48]"
Acchildcarecrisis,"[10, 48]"
Waters Kraus & Paul,"[10, 47]"
Chris Wilhelm for County Council,"[10, 34]"
FreedomWorks,"[10, 25]"
Ron Watson for Maryland,"[10, 24]"
Eric Hiltpold,"[10, 20]"
Conversations with Bill Kristol,"[9, 436]"
Topix Rewind,"[9, 381]"
Dan Kildee,"[9, 152]"
Parents' Alliance for Strong Schools,"[9, 111]"
National Committee to Preserve Social Security and Medicare,"[9, 72]"
Soi Dog Foundation,"[9, 60]"
Andy Kim for Congress,"[9, 55]"
"Jason Pizzo for Florida State Senate, District 38","[9, 48]"
Dale Kerns for U.S. Senate,"[9, 48]"
G.I. Jobs Magazine,"[9, 47]"
Dangerous Documentaries,"[9, 47]"
Conservative Daily,"[9, 47]"
TrumpRussia2018 .com,"[9, 46]"
SlutBox,"[9, 46]"
Perspective Wealth Planning,"[9, 46]"
Modern Times,"[9, 46]"
Mississippi Development Authority,"[9, 46]"
I Make America,"[9, 46]"
Councilman Marc Aveni,"[9, 46]"
Raising Tomorrow,"[9, 45]"
Niskanen Center,"[9, 45]"
10-4 Gear,"[9, 45]"
WomenStrong International,"[9, 44]"
OD Action,"[9, 44]"
Mark Mantovani,"[9, 44]"
Make HIM Great,"[9, 44]"
Liberty Justice Center,"[9, 44]"
We Have Teeth and We Vote,"[9, 43]"
True Activist,"[9, 43]"
"POE Group, Inc","[9, 43]"
Mary Elizabeth Coleman,"[9, 43]"
Joe Durso for Seminole County Commission,"[9, 43]"
DefendArizona,"[9, 43]"
The Tilted Glass,"[9, 19]"
Topix Stars,"[8, 57]"
Vote NO on the Job-Killing Community Bill of Rights,"[8, 44]"
The People's Trumpet,"[8, 44]"
Mike Hein,"[8, 42]"
"Brady McNulty, Occasional Cartoonist","[8, 41]"
The LIBRE Initiative,"[8, 40]"
EveryDistrict,"[8, 40]"
People United for Privacy,"[8, 39]"
Your Angry Neighborhood Feminist,"[8, 38]"
We The People ORG,"[8, 38]"
Tim O'Neal for State Representative,"[8, 38]"
The Climate Museum,"[8, 38]"
Savage America,"[8, 38]"
Joshua Gabriel Martinez,"[8, 38]"
Go Vote Project,"[8, 38]"
ACEP Advocacy,"[8, 37]"
Derek Kent,"[8, 18]"
Ja'Mal Green,"[8, 17]"
All for Transportation,"[8, 17]"
WNBA,"[8, 16]"
Virginia Hospital & Healthcare Association,"[8, 16]"
Ken Harbaugh for OH-7,"[8, 16]"
HBCU Digest,"[8, 16]"
Republican Party of Kentucky - Official Page,"[8, 15]"
CANVAS Unplugged,"[7, 212]"
James Howard for Delegate,"[7, 116]"
OpsLens,"[7, 86]"
Howstuffworks,"[7, 58]"
The #News,"[7, 54]"
America's Navy,"[7, 50]"
Blloomigo,"[7, 47]"
YES on 127: Clean Energy for a Healthy Arizona,"[7, 37]"
Virtual Strides,"[7, 37]"
Senate Majority PAC,"[7, 37]"
Pro-Life Action League,"[7, 37]"
Cindy Asche for State Chairman,"[7, 37]"
Whittle School & Studios,"[7, 36]"
Raúl Grijalva,"[7, 36]"
People's House Project,"[7, 36]"
MakingMovies.World,"[7, 36]"
JD and Kate Industries,"[7, 36]"
The Mexican Next Door,"[7, 35]"
Serve America,"[7, 35]"
Richard Painter,"[7, 35]"
Propeller,"[7, 35]"
Americans for Prosperity -  Florida,"[7, 35]"
Trend Tees,"[7, 34]"
Tom Basile for State Senate,"[7, 34]"
The Transgender Training Institute,"[7, 34]"
Marcia LeMay for Ogdensburg City Court Judge,"[7, 34]"
Emma Pinter for Adams County Commissioner,"[7, 34]"
BlackPAC,"[7, 34]"
Backcountry Hunters & Anglers,"[7, 34]"
OutragedVoter,"[7, 33]"
By the People - Impeach Trump,"[7, 33]"
Bobby Dyer for Mayor,"[7, 33]"
State of Great MN,"[7, 32]"
NEA Today,"[7, 16]"
Friends of Christine Kilduff - D,"[7, 14]"
Dean Phillips for Congress,"[7, 14]"
Kaniela Ing,"[6, 281]"
Jetties Bracelets,"[6, 49]"
Alliance for Michigan Power,"[6, 47]"
The Halfway Post,"[6, 40]"
OZY FEST,"[6, 39]"
Take Back California,"[6, 32]"
REPLICANT,"[6, 32]"
Persisterhood,"[6, 32]"
Diane Black,"[6, 32]"
American Friends Service Committee,"[6, 32]"
W.K. Kellogg Foundation,"[6, 31]"
Students for Jennifer Lewis,"[6, 31]"
Steve Papermaster,"[6, 31]"
Stand For Salmon,"[6, 31]"
Roaming Millennial Uncensored,"[6, 31]"
Matt Zerrusen,"[6, 31]"
Jared Golden for Congress,"[6, 31]"
Chris Paddie For Texas,"[6, 31]"
Change vs. More of the Same,"[6, 31]"
Kenneth Mejia for Congress,"[6, 30]"
Joseph Loundy Human Rights Project,"[6, 30]"
Jennie Lou Leeder for U.S. Congress TX-11,"[6, 30]"
California Family Council,"[6, 30]"
Tarbell,"[6, 29]"
Sand Straw,"[6, 29]"
Pennsylvania Record,"[6, 29]"
Pacific Legal Foundation,"[6, 29]"
Men's Humor,"[6, 29]"
Kialo,"[6, 29]"
Frank LaRose,"[6, 29]"
China Focus,"[6, 29]"
Institute for Southern Studies,"[6, 28]"
Mayor Kevin Davis,"[6, 27]"
Rick Green,"[6, 25]"
No Nuke Bailout,"[6, 21]"
Debra Hilstrom for Attorney General,"[6, 13]"
Michela Skelton for the 50th,"[6, 12]"
Yes On B: Build the Veterans Cemetery,"[6, 11]"
BuzzyShare,"[5, 1274]"
Justice Democrats,"[5, 532]"
Leadership Institute,"[5, 38]"
Jonathan Lewis for Congress 2018,"[5, 37]"
Chuck Schumer D-NY,"[5, 37]"
National Park Foundation,"[5, 32]"
David Wilson for Senate District 15,"[5, 28]"
Online ADA,"[5, 27]"
Michelle Malkin Investigates,"[5, 27]"
LGBT Right,"[5, 27]"
Educated Earthling,"[5, 27]"
Brut,"[5, 27]"
U.S. Pharmacopeia,"[5, 26]"
John Adcock,"[5, 26]"
David and Lucile Packard Foundation,"[5, 26]"
Sean Harper For Congress,"[5, 25]"
Rumble,"[5, 25]"
Ignatian Solidarity Network,"[5, 25]"
Gavin Newsom,"[5, 25]"
Ashley Nickloes for Congress,"[5, 25]"
Scott E's Blog,"[5, 24]"
Jennifer Lewis for Congress,"[5, 24]"
Council for a Livable World,"[5, 24]"
Brock Obama,"[5, 24]"
Heritage Action for America,"[5, 18]"
Rob Wittman,"[5, 13]"
Retain Judge Kathleen Bartlett for Judge of 7th District Court of Appeals,"[5, 11]"
Peisinger for Harford County State's Attorney,"[5, 11]"
JD Wooten for NC Senate,"[5, 11]"
Gentner Drummond,"[5, 11]"
Pat Young,"[5, 10]"
Michael Stinziano,"[5, 10]"
Franklin for Council At-Large,"[5, 10]"
Jeff Brandes,"[4, 1054]"
David Baria for Mississippi,"[4, 180]"
EDF Action,"[4, 65]"
Andrew Yang for President 2020,"[4, 60]"
SGT Aaron Penman,"[4, 30]"
Tim Ryan,"[4, 28]"
Religious Action Center of Reform Judaism,"[4, 22]"
New York Working Families Party,"[4, 22]"
Harley Rouda,"[4, 22]"
Corazon Coqui,"[4, 22]"
Tailored Dissent LLC,"[4, 21]"
Ro Khanna,"[4, 21]"
Nathan Fletcher for County Supervisor 2018,"[4, 21]"
Lauren Underwood for Congress,"[4, 21]"
Judge Gene Smallwood,"[4, 21]"
Joshua Svaty,"[4, 21]"
Golden State Observer,"[4, 21]"
Central City News,"[4, 21]"
CNSNews.com,"[4, 21]"
Brexit Latest News,"[4, 21]"
LCV Victory Fund,"[4, 20]"
Kathy Manning,"[4, 20]"
Hillel International,"[4, 20]"
Corrections Tough,"[4, 20]"
Bill Lee,"[4, 20]"
Ryan Sandoz,"[4, 19]"
Domestic Steel,"[4, 19]"
Dianne Feinstein,"[4, 19]"
Debbie Stabenow,"[4, 19]"
World Wildlife Fund,"[4, 18]"
Veterans Education Success,"[4, 18]"
Summer For Congress,"[4, 18]"
South Dakota Democratic Party,"[4, 18]"
Ken Simpler for Delaware,"[4, 18]"
Protect Our National Parks,"[4, 17]"
Portside,"[4, 17]"
Jason Rittereiser for Congress,"[4, 17]"
Phil Weiser,"[4, 9]"
Jon Cardin,"[4, 9]"
Wheeler for NC Senate 47,"[4, 8]"
Vote Jack Bucchioni For House District 20 In 2018,"[4, 8]"
Sarah Elfreth for Senate - District 30,"[4, 8]"
NPR's Latino USA,"[4, 8]"
Mike Coffman,"[4, 8]"
Marsy's Law for Wisconsin,"[4, 8]"
Dan Crenshaw,"[4, 8]"
Colorado Values Project,"[4, 8]"
American Hate: Survivors Speak Out,"[4, 7]"
Texans for Natural Gas,"[3, 76]"
Change The Date,"[3, 33]"
Lebowski Lovers,"[3, 29]"
Kevin de León for U.S. Senate,"[3, 29]"
Mark Pinsley,"[3, 23]"
Rob Davidson for Congress,"[3, 22]"
ProgressVA,"[3, 18]"
Judith Goodson for State Representative,"[3, 17]"
I Care,"[3, 17]"
Alfalit International,"[3, 17]"
Adam Pollack For Circuit Judge,"[3, 17]"
South Carolina Farm Bureau Federation,"[3, 16]"
MedicareAdvantage.com,"[3, 16]"
Kathy Lewis for Florida State Senate District 20,"[3, 16]"
Headline Shirts,"[3, 16]"
Forward Thinking Politics,"[3, 16]"
David Richardson for Congress,"[3, 16]"
Vote for Paul Keefer,"[3, 15]"
Know Colorado,"[3, 15]"
Jason Brodeur,"[3, 15]"
Gail Young for North Carolina,"[3, 15]"
Elect Jodi Rooney,"[3, 15]"
Climate Facts,"[3, 15]"
Care Voters of Minnesota,"[3, 15]"
Tish James,"[3, 14]"
TRIWA,"[3, 14]"
Population Connection,"[3, 14]"
National Partnership for Women & Families,"[3, 14]"
Nancy Soderberg for FL Congress District 6,"[3, 14]"
Michelle Lapine McCabe 2018,"[3, 14]"
Mark Yarbrough for Mesa District 3,"[3, 14]"
Lisa Brown,"[3, 14]"
Latino Tax Professionals Association,"[3, 14]"
Julia Salazar for State Senate,"[3, 14]"
Vote Brandy Hambright,"[3, 13]"
Theresa Stegman for Democratic Central Committee,"[3, 13]"
Steve Dunwoody for California Assembly -54th District,"[3, 13]"
Plunderbund,"[3, 13]"
Perspectives Media,"[3, 13]"
Oklahoma Good Government Fund,"[3, 13]"
Jim Fredericks for Sheriff,"[3, 13]"
Jared Polis,"[3, 13]"
Energy Justice For All,"[3, 13]"
Elect Matt Nolan Wills,"[3, 13]"
Camille Coolidge-Shotwell For Judge,"[3, 13]"
Missouri's Voice,"[3, 12]"
Debbie Mucarsel-Powell,"[3, 7]"
ACLU of Southern California,"[3, 7]"
Robert Burns,"[3, 6]"
NC Conservation Network,"[3, 6]"
Dominic Rapini,"[3, 6]"
Credit Score Squad,"[3, 6]"
Craig Wismer for Justice of the Peace,"[3, 6]"
Committee to Elect Luke Thomas Cass County Circuit Judge,"[3, 6]"
Amber Daniels for Ohio House District 78,"[3, 5]"
Ananta Stones,"[2, 34]"
Lee O. Savage For Mayor of Shreveport,"[2, 23]"
Urban Intellectuals,"[2, 19]"
NRA Institute for Legislative Action,"[2, 14]"
Sean Patrick Maloney,"[2, 12]"
Oregon Forests Forever,"[2, 12]"
Military Spouse,"[2, 12]"
Campbell For NC Senate,"[2, 12]"
Washington County United,"[2, 11]"
UDW Home Care Providers Union,"[2, 11]"
Takeland,"[2, 11]"
Stand for Children - Indiana,"[2, 11]"
South Carolina Alliance to Fix Our Roads,"[2, 11]"
Senator Robert Nichols,"[2, 11]"
Save North Venice,"[2, 11]"
Lone Star Project,"[2, 11]"
Beth Finn for Philadelphia City Council at Large,"[2, 11]"
Tom Wolf,"[2, 10]"
Southern Marsh Collection,"[2, 10]"
Sharon Brackett for D46 Baltimore City Democratic Central Committee,"[2, 10]"
Ohio AFL CIO,"[2, 10]"
Lizzie Pannill Fletcher for Congress,"[2, 10]"
Don Allan for Delaware,"[2, 10]"
Congressman Ami Bera,"[2, 10]"
Chris Elliott for State Senate,"[2, 10]"
Bobby Cox for State House,"[2, 10]"
Amy Blank for District 11,"[2, 10]"
A. Ross Douglass For Judge,"[2, 10]"
Project Democracy - US,"[2, 9]"
George Boyington for TN Democratic Executive Committeeman District 29,"[2, 9]"
GOAT,"[2, 9]"
Bill Mathias Lake County School Board,"[2, 9]"
Ak Parti Amerika,"[2, 9]"
Sue Hatfield for CT Attorney General,"[2, 8]"
Solar Rights Alliance,"[2, 8]"
Sam Messer,"[2, 8]"
Dr. Greg Bonnen,"[2, 8]"
Aquila Private Game Reserve,"[2, 8]"
Alice Cain For Delegate,"[2, 8]"
Planned Parenthood Advocates of Michigan,"[2, 7]"
Americans for Prosperity - Louisiana,"[2, 6]"
Treasure Coast Conservatives,"[2, 5]"
SameSide,"[2, 5]"
Maryland Realtors Political Fund,"[2, 5]"
House Republican Organization,"[2, 5]"
Florida Sunlight Project,"[2, 5]"
David Molina,"[2, 5]"
Meredith Wellington for Montgomery County Council District 1,"[2, 4]"
David Martin For Boone Circuit Clerk,"[2, 4]"
"Allison ""Allie"" Petrus","[2, 4]"
Lesley for CU Regent,"[2, 3]"
First Electric Cooperative,"[2, 3]"
Eric Rollings for Orange County Commissioner 3,"[2, 3]"
Dana Young,"[2, 3]"
Build CT,"[2, 3]"
Matt Spritz for State Representative,"[1, 253]"
Jason Sansone,"[1, 54]"
"Scooter Park, State Representative District 65","[1, 44]"
John Upchurch for Congress,"[1, 25]"
Dave Yost,"[1, 25]"
Kathy Hoffman,"[1, 20]"
Chuck Brannan for State Representative,"[1, 11]"
SC Club for Growth,"[1, 10]"
Mariah Phillips for Congress,"[1, 10]"
UAEUSAUnited,"[1, 9]"
Clean Energy Jobs Ohio,"[1, 9]"
Phyllis Chesler,"[1, 8]"
"Matt Brown, Democrat for Rhode Island Governor","[1, 8]"
Steven Buccini for NC House,"[1, 7]"
State Representative Trent Ashby,"[1, 7]"
Robert McCulloch - County Prosecutor,"[1, 7]"
"Re-Elect Charles Allen, Ward 6","[1, 7]"
Online University of the Left,"[1, 7]"
New Spire Arts,"[1, 7]"
Mike Angley,"[1, 7]"
Marggie Castellano for State Senate 36th District,"[1, 7]"
Josh Harder,"[1, 7]"
Joe Meek for Crystal River Mayor,"[1, 7]"
Congressman Peter King,"[1, 7]"
Clean Power Virginia,"[1, 7]"
Black Justice Initiative,"[1, 7]"
"Amanda Webster, New For 62","[1, 7]"
We Can Solve This,"[1, 6]"
Tim Greimel,"[1, 6]"
Ted Wheeler,"[1, 6]"
Pam Goode / Accountability Alaska,"[1, 6]"
No Nuclear Bailout,"[1, 6]"
Nathan Evershed for District Attorney,"[1, 6]"
Johnny Olszewski for Baltimore County Executive,"[1, 6]"
Dr. Keesha Ewers,"[1, 6]"
Donald Trump Dog Poop Bags,"[1, 6]"
Cort VanOstran for Congress,"[1, 6]"
"Committee to Elect Tom Young for Circuit Judge, Group 26","[1, 6]"
Braddock Films Inc.,"[1, 6]"
Abdorrahman Boroumand Center - بنیاد برومند,"[1, 6]"
Tim Bjorkman,"[1, 5]"
Simon for House,"[1, 5]"
Sam Givhan for State Senate,"[1, 5]"
Roanoke for Jennifer Lewis,"[1, 5]"
Our Kids 1st - Our Schools Now,"[1, 5]"
News Now Nexus,"[1, 5]"
New Mexico Oil & Gas,"[1, 5]"
Kathleen Rice,"[1, 5]"
Kansans for a Better Future,"[1, 5]"
Jim Walsh for Howard County Council,"[1, 5]"
Hass For House,"[1, 5]"
Gary Siegwarth for IA Governor,"[1, 5]"
Garrett Mason,"[1, 5]"
Elect Ryan Berman - State Representative 39th District,"[1, 5]"
Dr. Kim Schrier,"[1, 5]"
Critical Mass,"[1, 5]"
Congressman Keith Rothfus,"[1, 5]"
Community Committee to Elect Robert Cohen,"[1, 5]"
Clarence Lam,"[1, 5]"
Chris DePizzo,"[1, 5]"
Chris Carr,"[1, 5]"
California Rifle and Pistol Association,"[1, 5]"
Byron Brooks,"[1, 5]"
Aloyse Brown for County Mayor,"[1, 5]"
Alderman Copey Grantham,"[1, 5]"
Advance California,"[1, 5]"
32BJ SEIU,"[1, 5]"
United We Dream,"[1, 4]"
Travis Allen,"[1, 4]"
Torat Chayim,"[1, 4]"
Solar Rebate,"[1, 4]"
Scribd,"[1, 4]"
San Francisco Young Democrats,"[1, 4]"
Rep. Austin Davis,"[1, 4]"
Pennsylvania Young Republicans,"[1, 4]"
New York City Department of Education,"[1, 4]"
Michelle Ostrelich for State Senate,"[1, 4]"
Karen Skyers for State House District 61,"[1, 4]"
John Ward,"[1, 4]"
John For Oklahoma,"[1, 4]"
Faith in Public Life Action,"[1, 4]"
Emily Elliott For Alderman,"[1, 4]"
Deann Mitchell for Kansas,"[1, 4]"
Charisse Millett for Alaska State House,"[1, 4]"
Chad Williams for State Representative,"[1, 4]"
Benham for Mayor,"[1, 4]"
Andrew Friedson for Montgomery County Council,"[1, 4]"
American Committee for Shaare Zedek Medical Center in Jerusalem,"[1, 4]"
Aisha Khan,"[1, 4]"
Adam Greenberg for Senate,"[1, 4]"
AFSCME Council 31,"[1, 4]"
Yes on A: Strengthen the Seawall for Earthquakes and Disasters,"[1, 3]"
T.J. Shope,"[1, 3]"
Stephen Brown,"[1, 3]"
Sherman Guyton for Mayor,"[1, 3]"
Russian America TV,"[1, 3]"
Reclaim NY Now,"[1, 3]"
Ray Henningson for Brockton City Council,"[1, 3]"
Mike Mullin for Virginia,"[1, 3]"
Jewish Leadership Conference,"[1, 3]"
Jeff Irwin for State Senate,"[1, 3]"
Gary Turco for State Representative,"[1, 3]"
Fight for $15,"[1, 3]"
Don't Slack,"[1, 3]"
David Garcia,"[1, 3]"
Colorado Liberty PAC,"[1, 3]"
Bob Lucey,"[1, 3]"
Abdelnasser Rashid for Cook County Commissioner,"[1, 3]"
Yes to Affordable Groceries,"[1, 2]"
State Innovation Exchange,"[1, 2]"
Sarcasm Society,"[1, 2]"
SAVE,"[1, 2]"
Orange County Desal Coalition,"[1, 2]"
My America,"[1, 2]"
Mark Boughton,"[1, 2]"
Lincoln Land Wind,"[1, 2]"
Floridians for a Fair Shake,"[1, 2]"
Ben Albritton,"[1, 2]"
SoCal Daily Media,"[1, 1]"
Marsy's Law for Kentucky,"[1, 1]"
Elect Mike Gaskill,"[1, 1]"
Truth Examiner,"[0, 14976]"
Voters Decide,"[0, 9956]"
NTD Television,"[0, 8192]"
Tucker County Democratic Executive Committee,"[0, 4995]"
Richard Patrick For West Virginia,"[0, 4995]"
Medicare Supplement Plans,"[0, 4995]"
Jerry Tucker for Charleston City Council,"[0, 4995]"
Christopher M. Cross for United States Senate,"[0, 3996]"
Job Creators Network,"[0, 3979]"
Susan 4 Fairmont,"[0, 2997]"
"Charleston, WV Local","[0, 2997]"
Factinate,"[0, 2498]"
King Zully,"[0, 1998]"
NumbersUSA,"[0, 1995]"
OVEC,"[0, 1939]"
Standard News,"[0, 1506]"
OMGFacts,"[0, 1457]"
Organizing for Action,"[0, 1274]"
Chrissy Houlahan,"[0, 1059]"
Premiere Collectibles,"[0, 1018]"
Full Medicare,"[0, 1012]"
LoisOlson,"[0, 1000]"
West Virginia Rural Health Association,"[0, 999]"
West Virginia Local News,"[0, 999]"
VinePair,"[0, 999]"
Upshur Indivisible,"[0, 999]"
The Straw Poll Report,"[0, 999]"
Rodney for Roane County,"[0, 999]"
Personal Capital,"[0, 999]"
News Break,"[0, 999]"
Monongalia-Preston Labor Council,"[0, 999]"
Monongalia County Democrats,"[0, 999]"
Mike Manypenny for Taylor County Commission,"[0, 999]"
Legends of the NBA,"[0, 999]"
Kanawha Valley DSA,"[0, 999]"
Kanawha County Federation of Democratic Women,"[0, 999]"
Human Development Fund,"[0, 999]"
HealthInsurance.net,"[0, 999]"
Harrison County Democrats,"[0, 999]"
Drive for Young Life,"[0, 999]"
Do You Remember?,"[0, 999]"
Christians Taking Action for America,"[0, 999]"
Allied Progress,"[0, 999]"
Accurate,"[0, 999]"
Save the Redwoods League,"[0, 505]"
Kiwi Report,"[0, 500]"
Inside Center News Podcast,"[0, 500]"
Framed Tweets,"[0, 362]"
Rooted in Rights,"[0, 344]"
MagiQuiz,"[0, 339]"
You.,"[0, 333]"
Womenworking.com,"[0, 333]"
Trump P45 Apparel,"[0, 333]"
K. Michelle,"[0, 333]"
Support The 2nd Amendment,"[0, 331]"
KevinMD.com,"[0, 323]"
Dan DelMonte for Delegate 1C,"[0, 302]"
Wilson Blacktop,"[0, 285]"
HeadCount,"[0, 272]"
"Billy Orgel, School Board District 8","[0, 250]"
Steve Wollett for Allegany County Commissioner,"[0, 245]"
Friends of Matthew Dowling,"[0, 232]"
Bottlepops USA,"[0, 231]"
Apex Clean Energy,"[0, 217]"
11 Bravos,"[0, 207]"
Vote for Madhavi,"[0, 200]"
Citizens for Charles Burkett,"[0, 191]"
"Important, Not Important","[0, 176]"
Joy After Darkness,"[0, 174]"
Our Lady of Victory Homes of Charity,"[0, 167]"
Congressional Black Caucus PAC (CBC PAC),"[0, 167]"
Maple Heights African American Gazette,"[0, 149]"
Roy Zimmerman,"[0, 143]"
BabyGaga,"[0, 143]"
Here for America,"[0, 136]"
Teamsters Joint Council 10,"[0, 125]"
Occupy Lafayette Park,"[0, 117]"
The Wise Conservative Show,"[0, 111]"
Politicallyincorrecthumor.com,"[0, 102]"
Mikie Sherrill,"[0, 96]"
Social Math® Initiative,"[0, 92]"
United Democratic Club,"[0, 91]"
Freya Health,"[0, 91]"
Divided We Stand,"[0, 91]"
Airbnb Citizen,"[0, 82]"
Everything Veterans Day,"[0, 80]"
Pechin Firehouse Restaurant,"[0, 77]"
Governor's Institute,"[0, 76]"
Patients For Stem Cells,"[0, 74]"
"Stewart Greenleaf, Jr.","[0, 71]"
Anera,"[0, 71]"
Resist Trump's agenda,"[0, 68]"
Insurance Line One,"[0, 68]"
Josh Gottheimer for Congress,"[0, 67]"
NTD News,"[0, 66]"
Bill Nelson,"[0, 66]"
Oppose evil,"[0, 63]"
Native American Proud,"[0, 62]"
Melissa Atherholt for Register of Wills,"[0, 60]"
Lawrence County Democratic Party,"[0, 60]"
Vincent Gwin For Berea City Council,"[0, 59]"
Scot John Tomaszewski for Congress,"[0, 59]"
Smyth4Flacc,"[0, 56]"
Stand with Parkland,"[0, 55]"
Beau Liegeois,"[0, 54]"
Mercy Corps,"[0, 53]"
Green Matters,"[0, 53]"
Chris Pappas for Congress,"[0, 53]"
Human Resources inc.,"[0, 52]"
Maura Healey,"[0, 48]"
Beltway Barbara Comstock,"[0, 47]"
Pittsburgh Arts & Lectures,"[0, 46]"
Barbara Lee,"[0, 46]"
The Dean Obeidallah Show,"[0, 45]"
Nation.com,"[0, 43]"
Arun K  Bhumitra for United States Senate,"[0, 43]"
UnCut Report,"[0, 41]"
Yvette Pennington for Circuit Court Clerk,"[0, 40]"
Zip Mortgage Quiz,"[0, 38]"
Thieves in the Temple,"[0, 38]"
Eastern State Penitentiary,"[0, 38]"
America has a dream,"[0, 38]"
Dugout,"[0, 36]"
Jennifer Wexton,"[0, 34]"
"Elect Ray Martin for Lauderhill City Commissioner, Seat 4","[0, 34]"
Libertarian Coalition,"[0, 33]"
Climate Reality,"[0, 33]"
The Thread with OZY,"[0, 32]"
Graveyard Shift,"[0, 31]"
Weird Nature,"[0, 30]"
Sensible Self Defense,"[0, 30]"
Easy Living Club,"[0, 30]"
The Libertee Company,"[0, 29]"
Ohio Politics,"[0, 29]"
War On Our Future,"[0, 28]"
Conservative Daily News,"[0, 28]"
Chris Murphy,"[0, 28]"
BrainFall.com,"[0, 28]"
Aunty Acid,"[0, 27]"
2atees1,"[0, 27]"
The National Memo,"[0, 26]"
"Race, Racism and the Law","[0, 26]"
Patriot Style,"[0, 26]"
Devoted Apparel,"[0, 26]"
Dan Koh,"[0, 26]"
Andrew Wilkow,"[0, 26]"
Allan Kittleman,"[0, 26]"
Trump Prayer Warriors,"[0, 25]"
"Tactical Air USA, LLC","[0, 25]"
Roger Ford for Pike County Clerk,"[0, 23]"
Rednecknationco,"[0, 23]"
No Public Debt,"[0, 23]"
Mark Uncapher,"[0, 23]"
Liberal Drivel,"[0, 23]"
Eldora Marzelle,"[0, 23]"
C. Jordan Labiosa,"[0, 23]"
Alpha Elite,"[0, 23]"
Top Conservative,"[0, 22]"
Shenandoah Valley Battlefields National Historic District,"[0, 22]"
Ray Ash for Texas House of Representatives 89,"[0, 22]"
Harry J Houck,"[0, 22]"
Elect Don Wilson for Palmdale Water District Division 2,"[0, 22]"
Addicted to Golf,"[0, 22]"
Hello Resistance,"[0, 21]"
Alex Heeren,"[0, 21]"
ThoughtFull,"[0, 20]"
Marc King for LD15 Maryland,"[0, 20]"
Liberal America,"[0, 20]"
Citizens Congress Inc.,"[0, 20]"
1Mission Nutrition,"[0, 20]"
We Are What We Vote,"[0, 19]"
The International Fellowship of Christians and Jews,"[0, 19]"
Synthisophy,"[0, 19]"
Refi Marketplace,"[0, 19]"
Old Glory Apparel,"[0, 19]"
Notorious Rbg - Protect Women Power,"[0, 19]"
Jill Larson-Vito for Elk River City Council 2018,"[0, 19]"
Senator Marty Knollenberg,"[0, 18]"
Elite Tech News,"[0, 18]"
Data Driven View,"[0, 18]"
Commemorate Number 45,"[0, 18]"
Alliance for a Better Minnesota,"[0, 18]"
The People's Government,"[0, 17]"
Rainforest Action Network,"[0, 17]"
Paleo Politico News,"[0, 17]"
Fipple,"[0, 17]"
Theodore maternity services,"[0, 16]"
Printeefy Store,"[0, 16]"
Michelle Ciccolo for State Rep,"[0, 16]"
Kibbe on Liberty,"[0, 16]"
Kevin Daley for State Senate,"[0, 16]"
Chinita Allen Georgia House District 44,"[0, 16]"
Care2,"[0, 16]"
Vote Yes For Athens City School District,"[0, 15]"
Tammy Baldwin,"[0, 15]"
Red for Blue,"[0, 15]"
Keith Swank for Senate,"[0, 15]"
Joseph Barney for Governor,"[0, 15]"
Gilbert & Wiseman Insurance,"[0, 15]"
Dennis Disrupting,"[0, 15]"
DeLisa Locke-Locke Group Realty/Remax Alliance,"[0, 15]"
Coalition for Modern Water Systems,"[0, 15]"
Candy Scratch,"[0, 15]"
Bruce Johnson,"[0, 15]"
American Independence,"[0, 15]"
Wisconsin Red to Blue,"[0, 14]"
Video Junkyard Podcast,"[0, 14]"
Sexual Assault,"[0, 14]"
POW Action Fund,"[0, 14]"
"Omara Strategy Group, LLC","[0, 14]"
Heretics,"[0, 14]"
Friends of Judge Mark W Crooks,"[0, 14]"
FTC PAC,"[0, 14]"
Willes Lee NRA Board of Directors,"[0, 13]"
SupChina,"[0, 13]"
Stennis Center for Public Service,"[0, 13]"
PSA Supply Co.,"[0, 13]"
Make Stickers Great Again,"[0, 13]"
Left Over Rights,"[0, 13]"
Jimmy Stephens for Sheriff 2018,"[0, 13]"
Eye Heart World,"[0, 13]"
Connected Commerce Council,"[0, 13]"
Center For Progressive Urban Politics,"[0, 13]"
Brian Mast,"[0, 13]"
BJJ Tee Club,"[0, 13]"
America's Best,"[0, 13]"
Who Stole the American Dream?,"[0, 12]"
We Love Bees,"[0, 12]"
The Tree,"[0, 12]"
The Atlas Society,"[0, 12]"
TeacherFreedom,"[0, 12]"
Sitrep: China,"[0, 12]"
Pink Ribbon Army,"[0, 12]"
Ohmygorgeous,"[0, 12]"
Module 9 at 11:22,"[0, 12]"
Mike Cierpiot,"[0, 12]"
Kentucky Democratic Party,"[0, 12]"
Katz Liberty Books LLC,"[0, 12]"
Guerrilla Warrior,"[0, 12]"
Greg Palast,"[0, 12]"
Dana Nessel for Michigan Attorney General,"[0, 12]"
Chris Jennison,"[0, 12]"
37.5 Technology,"[0, 12]"
Wellness.com,"[0, 11]"
Watson Airlock,"[0, 11]"
TheRichest,"[0, 11]"
The Vegan Vibe,"[0, 11]"
The Progressive Voice,"[0, 11]"
The Policy,"[0, 11]"
The Peanut Dude Boiled Peanuts,"[0, 11]"
Peregrine Outdoor Products,"[0, 11]"
Neal Simon for U.S. Senate,"[0, 11]"
Mommy Underground,"[0, 11]"
Michele Campbell Books,"[0, 11]"
Klean Kanteen,"[0, 11]"
Invidme,"[0, 11]"
Defenders of Wildlife,"[0, 11]"
Ayanna Pressley,"[0, 11]"
WorldLifestyle,"[0, 10]"
The Right Way,"[0, 10]"
Sea Vitality,"[0, 10]"
Save the Turtles,"[0, 10]"
Pristine Auction,"[0, 10]"
My Shop Therapy,"[0, 10]"
Kevin Fisher for Murfreesboro City School Board,"[0, 10]"
Hot Trend Sale,"[0, 10]"
HomeGrown Tees,"[0, 10]"
HAWK Advisers,"[0, 10]"
Disrupt Aging,"[0, 10]"
Cigars Lovers Club,"[0, 10]"
ChurchSource,"[0, 10]"
Change Your Range,"[0, 10]"
We Will Ride,"[0, 9]"
Voices for Refugees - أصوات لأجل اللاجئين,"[0, 9]"
Stormey Primm for Coroner,"[0, 9]"
Solar Rebates Today,"[0, 9]"
Seth Levy for District Attorney,"[0, 9]"
Patriot News Alerts,"[0, 9]"
No On AB 2107,"[0, 9]"
Marna Sanford for FNSB Assembly,"[0, 9]"
Lice Clinics of America,"[0, 9]"
Equality Florida Action PAC,"[0, 9]"
Anarchist Luke Tatum,"[0, 9]"
12 Peers Theater,"[0, 9]"
Yes On 1631,"[0, 8]"
Trumped Tweets Game,"[0, 8]"
The News Literacy Project,"[0, 8]"
Tenth Amendment Center,"[0, 8]"
Mendelson For Chairman,"[0, 8]"
Let Them Live,"[0, 8]"
Huru International,"[0, 8]"
Howard Slugh,"[0, 8]"
George Franklin,"[0, 8]"
Faith in Public Life,"[0, 8]"
Buddhas Buds,"[0, 8]"
BruceJBerger,"[0, 8]"
1MISSION,"[0, 8]"
Young Evangelicals for Climate Action,"[0, 7]"
Trump Loves Me,"[0, 7]"
TAS Apparel,"[0, 7]"
Shaping The Future,"[0, 7]"
Senator Jim Rosapepe,"[0, 7]"
Re-elect Kristina Earwood for District Court Judge,"[0, 7]"
New York Bully Crew,"[0, 7]"
Lisa L. Langford for Judge,"[0, 7]"
LATOKEN,"[0, 7]"
Jim Mathias,"[0, 7]"
Hanging With Trump,"[0, 7]"
Florida Policy Institute,"[0, 7]"
Fierce by mitú,"[0, 7]"
Big Cat Rescue,"[0, 7]"
ADL - Anti-Defamation League,"[0, 7]"
World Relief,"[0, 6]"
Wellsforiutrustee,"[0, 6]"
Vote YES for New Smyrna Beach Turnbull Creek Water Quality Bonds,"[0, 6]"
Trends Tee,"[0, 6]"
Sustainable tomorrow,"[0, 6]"
SAM - Serve America Movement,"[0, 6]"
Robbyn C Spratt Photography,"[0, 6]"
Rick Neal for U.S. Congress,"[0, 6]"
Reclaim The American Dream,"[0, 6]"
Progressive Turnout Project,"[0, 6]"
Pledge Red America,"[0, 6]"
Paula for Kentucky Senate,"[0, 6]"
National Geographic Society,"[0, 6]"
LegalMatch,"[0, 6]"
Kelly Morrison for Minnesota House - District 33B,"[0, 6]"
Kathy Rogers for Anne Arundel County State's Attorney,"[0, 6]"
Jonathan Porter for Delegate,"[0, 6]"
Jamie Kirchick for Yale Trustee,"[0, 6]"
Hope Necklace,"[0, 6]"
Home And Decoration,"[0, 6]"
Democratic Legislative Campaign Committee - DLCC,"[0, 6]"
Becket,"[0, 6]"
2018 Hot Deals,"[0, 6]"
Stop the wall,"[0, 5]"
Real Justice,"[0, 5]"
Music for Resistance and Revolution,"[0, 5]"
Molle & Alice,"[0, 5]"
Mike Bloomberg,"[0, 5]"
Justin Fortner for Campbell County Commonwealth Attorney,"[0, 5]"
Jess Ekstrom,"[0, 5]"
Hampton Institute,"[0, 5]"
Get Money Out - Maryland,"[0, 5]"
"Community, Wealth & Providence","[0, 5]"
Christopher Rufo for Seattle City Council,"[0, 5]"
Besttee Live,"[0, 5]"
Allegheny Forest Alliance,"[0, 5]"
Abolish Abortion PA,"[0, 5]"
Will Freeman,"[0, 4]"
"Vericool, Inc.","[0, 4]"
Valerie Horsley for CT State Senate,"[0, 4]"
Trumpified News - Blue pilled to Red pilled,"[0, 4]"
Tahirah Amatul-Wadud,"[0, 4]"
Senator Joan Carter Conway,"[0, 4]"
Robert Trimble for Anaheim City Council Dist 2,"[0, 4]"
Radiolab,"[0, 4]"
Michelle For Our Schools,"[0, 4]"
Marc Snyder for House District 18,"[0, 4]"
Marc Friedenberg for Congress,"[0, 4]"
Jennifer Benson for NC House,"[0, 4]"
Gimme Gimme Gets,"[0, 4]"
Dan David For Congress,"[0, 4]"
Charlotte County Democratic Party,"[0, 4]"
Armor Concepts,"[0, 4]"
Zoë Bands,"[0, 3]"
Untied Status Marin Crops,"[0, 3]"
The Hunger Project,"[0, 3]"
Sig Hutchinson For Wake,"[0, 3]"
Rebel Rampage,"[0, 3]"
National League of Cities,"[0, 3]"
Meals For Pets,"[0, 3]"
Linda Gross for the Az House- LD8,"[0, 3]"
Liberty Junkies,"[0, 3]"
Keith Ellison for Attorney General,"[0, 3]"
Josh Kaul,"[0, 3]"
Joe McBride for State Supreme Court,"[0, 3]"
Jarvis Project,"[0, 3]"
JJ for JP,"[0, 3]"
HealthyWay,"[0, 3]"
Friends of Michael A Thomas,"[0, 3]"
Delegate No Show,"[0, 3]"
CMMB,"[0, 3]"
Blockchain World Conference,"[0, 3]"
Best Self Co,"[0, 3]"
Ben Carmitchel for State Senate 16th District,"[0, 3]"
Ambassador Delano Lewis,"[0, 3]"
Voice of the Sea,"[0, 2]"
The Trouble,"[0, 2]"
Texas Patriot,"[0, 2]"
Terrell Boston Smith,"[0, 2]"
Support Our Schools,"[0, 2]"
Support National Parks,"[0, 2]"
Stephanie Murphy for Congress,"[0, 2]"
State Representative Travis Cummings,"[0, 2]"
Sivoli For Senate,"[0, 2]"
SDSU WEST,"[0, 2]"
Rick Roth,"[0, 2]"
PubTalks with Eric & Dave,"[0, 2]"
Paul Henry Carr Memorial Foundation,"[0, 2]"
Paul Bradley for State Senate,"[0, 2]"
Not A Nuisance,"[0, 2]"
"Nick Josefowitz for Supervisor, San Francisco, District 2","[0, 2]"
Molekule,"[0, 2]"
Melissa Howard,"[0, 2]"
Matt Rusteika for State Representative,"[0, 2]"
Maryland House DEMs,"[0, 2]"
Marc Elrich for County Executive,"[0, 2]"
Lee Bright,"[0, 2]"
Jason Reese for House District 83,"[0, 2]"
Isaiah Knight,"[0, 2]"
Immigration to Canada,"[0, 2]"
Humane Society International,"[0, 2]"
Helen Probst Mills,"[0, 2]"
Freedom United,"[0, 2]"
Eric Rutherford,"[0, 2]"
Deborah Kafoury,"[0, 2]"
David Ryden for State's Attorney,"[0, 2]"
Danielle Ford for CCSD School Board Trustee in District F,"[0, 2]"
Dan Hamilton,"[0, 2]"
Come Back Obama,"[0, 2]"
Clarke Tucker for Congress,"[0, 2]"
Charlesetta Wilson for State Representative,"[0, 2]"
CASA of Eastern Kentucky,"[0, 2]"
Black & Proud 365,"[0, 2]"
Bill Hightower for Alabama,"[0, 2]"
Arcadia Power,"[0, 2]"
Andrew Cuomo,"[0, 2]"
African Wildlife Foundation,"[0, 2]"
Willie Gray for House 102,"[0, 1]"
"Tom Fredricks for Alabama State Representative, District 4","[0, 1]"
Pramila Jayapal,"[0, 1]"
Ohio Blue Wave,"[0, 1]"
Marsy's Law for Florida,"[0, 1]"
Fox 4,"[0, 1]"
Coalition to Help Families Struggling with Infertility,"[0, 1]"
BIgBridge,"[0, 1]"
Victor Mitchell,"[0, 0]"
Tea Party Patriots,"[0, 0]"
State Representative Manny Diaz Jr,"[0, 0]"
Ron Kind,"[0, 0]"
Rep. Neal Collins,"[0, 0]"
Renewal by Andersen of Dallas/Fort Worth,"[0, 0]"
Janee' Hanzlick for County Commissioner,"[0, 0]"
Jamie Kiel,"[0, 0]"
I Am Pro-Life,"[0, 0]"
Facebook,"[0, 0]"
Associated Builders and Contractors of Wisconsin,"[0, 0]"
