WV Future PAC,100000
Impact Strategies LLC,100000
"Go West Virginia, Incorporated.",99813
WV Patriots for Liberty.,81595
Restoration PAC,50000
"Our Next America, Inc.",50000
No On Amendment 1,50000
March For Life,50000
Judicial Crisis Network ,50000
"Committee to Elect Bob Beach WV Senate, Marsha Plybon-Treasurer",50000
McKinley for Congress,48887
Citizens United,38389
NAACP Legal Defense Fund,14097
Energy Transfer Partners,12846
Lambda Legal,12692
the Leadership Conference on Civil and Human Rights ,10000
the Economic Security Fund,10000
West Virginians for Affordable Health Care ,10000
Waxman for WV House,10000
Tom Louisos,10000
The Faith and Freedom Coalition,10000
The Committee to Elect Michael Folk 2018,10000
The Committee to Elect Brandon Steele,10000
Sean Hornbuckle,10000
SMP. Not authorized by any candidate or candidate's committee.,10000
"Planned Parenthood Action Fund, 123 William St, NY NY 10038. Not authorized by any candidate or candidate's committee.",10000
One Nation,10000
National Wildlife Federation Action Fund,10000
National Wildlife Federation,10000
National Shooting Sports Foundation,10000
National Association of Home Builders,10000
National Association for Gun Rights PAC,10000
Moore Capito for WV,10000
"Manchin for West Virginia, Jack Rossi, Treasurer",10000
Kent Carper for County Commission,10000
"Harrison County Federation of Teachers COPE Geraldine Beckett, Treasurer",10000
Friends of Sean Forney,10000
Don Blankenship for U.S. Senate,10000
Concerned Women for America LAC ,10000
Committee to Elect Richard Ojeda,10000
Civiqs,10000
Brigade,10000
Anthony M. Woods for City Council at Large,10000
Americans for Limited Government,10000
American Bridge 21st Century PAC.,10000
Amanda for House,10000
AARP ,10000
"1863 PAC, Ltd. Not affiliated with any candidate or candidate’s committee",10000
Committee to Elect Andy Daniel,9986
Committee to Elect Lisa Zukoff,9959
"MO Research, Inc.",9943
NumbersUSA,9907
American Energy Alliance,6896
United Moms,5949
Wilkes for Supreme Court,5000
Vote Yes on Schools,5000
SHAW2018,5000
Robinson for House,5000
Robert J. Frank for Supreme Court ,5000
Protect Our Workers Earned Retirement,5000
Protect Our Care West Virginia ,5000
Need to Impeach,5000
Matt Wender for County Commission,5000
Matt Spurlock,5000
League of Conservation Voters,5000
"Friends of George ""Boogie"" Ambler",5000
Frank Luntz,5000
Elect Staggers,5000
Elect Eric Nelson,5000
Committee to Elect McIntyre For House,5000
Committee to Elect Guy Ward,5000
Baldwin for WV,5000
Hansen for House,4988
The Committee to Elect Brian Prim,4964
American Lung Association,4955
Greenbrier County Republican Club,4506
West Virginia Democratic Party,4319
National Parks Conservation Association,4072
Infinity Marketing Solutions LLC,3803
Hoover Institution,3790
American Muslims Against Terrorism & Extremism,3058
the EnergySure Coalition,2346
Ryan for WV House,2233
"Winning for Women, Inc.",2177
Webinar Technologies,2007
Hearsey for Congress,1968
Norma Kirk-McCormick For State Representative,1779
"Environmental Health Sciences, a nonpartisan, nonprofit publisher of science and news on the environment.",1731
Kyle M. Woodman,1709
Super LTD,1474
"Color of Change PAC, not authorized by any candidate or candidate’s committee. ",1450
Grunt Style,1449
YouGov,1438
"Friends of Jesse Pippy; Daniel W Hemp, Treasurer",1409
Breaking Through News Productions,1268
Friends of Jill York,1226
End Citizens United,1224
Hillsdale College,1199
Charlie Kirk,1104
Grigorian for Senate,1064
Dropkick Memes,1019
Citizens for Nicole Alt-Myers,1011
CLIF Bar & Co.,1009
End Citizens United Nonfederal,1001
the National Education Association,1000
the Committee to Elect Jason S. Harshbarger,1000
the Committee to Elect Eric J. Tarr for WV Senate.,1000
the Committee to Elect Eric J. Tarr for WV Senate,1000
the Committee to Elect Don Nickerson,1000
the Committee to Elect Carla Jones.,1000
candidate Jeff Maddox for Wayne County Commission.,1000
"a Safer, Stronger Charleston",1000
West Virginia Strong,1000
WVFREE,1000
"Upson For WV, Laura Galvin, Treasurer",1000
UMWA PowerPac,1000
Tom Crouser,1000
The Wood County Democratic Executive Committee,1000
The Wilderness Society Action Fund,1000
The West Virginia Center on Budget and Policy,1000
The Record,1000
The Family Policy Council of West Virginia,1000
"The Committee to Elect Tom Tull, WV House of Delegates 38th District.",1000
The Committee to Elect Richard Lindsay,1000
The Committee to Elect Jason S. Harshbarger ,1000
The Committee to Elect Andy Backus,1000
The Committee To Elect Josh Stowers,1000
The Committee To Elect Brianne Solomon,1000
The Candidate,1000
Terrell Ellis for WV Senate,1000
Susan Shelton Perry,1000
Sunjeev Bery.,1000
Steven Strauss ,1000
"Statler For House. Linda Chisler, Treasurer.",1000
Smith for the Supreme Court,1000
SMP. (202) 871-9255. Not authorized by any candidate or candidate's committee.,1000
Reconnecting McDowell,1000
Putnam County Democratic Women's Club,1000
Putnam County Democratic Executive Committee,1000
Project Best,1000
Price For Monongalia County,1000
Phyllis Smith,1000
Phoebe Jeffries Meadows,1000
Phillips for Delegate Committee,1000
Peter Onoszko for Jefferson County Commission,1000
New Activists on the Block,1000
Neighbors for a Safer Charleston PAC,1000
Naomi Bays City Council At-Large,1000
NARAL Pro-Choice America,1000
Mountain Mamas PAC,1000
Lovejoy for House,1000
Kanawha County Democratic Executive Committee,1000
Joe Powers for Cabell County Clerk Committee,1000
James Robinette,1000
Higginbotham for West Virginia,1000
HealthSmart,1000
Harrison County Republican Executive Committee,1000
Harrison County Democratic Executive Committee,1000
"Hampshire County Democratic Club, Dorothy Kengla, Treasurer",1000
Greenbrier Valley Democratic Women's Club,1000
"Goodwin for Mayor, Patrick Smith, Treasurer",1000
Generation West Virginia,1000
Future in America,1000
Friends of Ferns,1000
Friends of Evan Worrell,1000
Friends of Ben Queen,1000
Federation of American Hospitals,1000
Duty and Country. Not authorized by any candidate or candidate’s committee.,1000
Demand Justice,1000
David Miller,1000
Committee to Elect Larry L. Rowe,1000
Citizens for Tobacco Rights,1000
"Caitlin Cook for Charleston City Council - James Berkeley Bentley, treasurer ",1000
Bailey for Council  Larrie Bailey Treasurer,1000
Andrew Robinson,1000
Americans for Prosperity Foundation,1000
Americans for Prosperity,1000
America Rising PAC,1000
Adams for WV,1000
AMERICAN CONSERVATIVE UNION,1000
100 Percent Deplorables,1000
Talley Sergent for West Virginia,999
Steve Malcomb for Delegate,999
Paid for by 35th Inc. Not Authorized by any Candidate or Candidate’s Committee.,999
NRSC. Not authorized by any candidate or committee.,999
"Friends of Barbara, Jane Peak Treasurer",999
"America First Action, Inc. Not authorized by any candidate or candidate's committee.",999
"Great American Era, LLC",995
Future of 55 PAC,994
DL Hamilton or Mountain Mamas PAC,994
the Committee To Elect Sam Brown,993
Committee to Elect Andrew Evans ,992
Marion Country Republican Executive Committee,991
Committee to Elect Cody Thompson for House of Delegates,988
Friends of Mike Oliverio,982
"David L. Kelly, Republican Candidate for West Virginia House of Delegates, District 6",981
Kendra Fershee for Congress,978
the committee to elect Bill Hartman. ,974
"the candidate, Tom Acosta",951
"Jennifer for Frederick.  Debbie Childers, Treasurer",935
Committe to Elect Mark Hunt Justice,929
The Democratic Coalition,924
by Team Sobonya for Cabell Commission,920
Justin Cory Hamilton,898
Doyle for Delegate Committee,894
the Eric Chaney Campaign Fund,853
Avocado Green Mattress,852
Charles Sammons for State Senate,850
Cindy Lavender-Bowe or CLB 4 WV Committee,847
Penzeys,833
"We Are PA, a project of the The Immigration Hub.",831
"The Democratic Party of Pike County, Kentucky",829
Gill Foundation,823
Joann,816
The Daily Wire,803
Family Research Council,789
the National Democratic Training Committee,774
POLITICO Focus,767
MedStar Washington Hospital Center,757
The American Tort Reform Association,745
the American Kidney Fund,732
The Committee to Elect Dalton Haas ,726
"DuPont for Congress — William Phelan, Treasurer",716
The Leadership Conference Education Fund,715
Protect Our Care,640
the Employment Policies Institute,634
Committee to Elect Sarah Kovoor for Judge,631
"Winning For Women, Inc.",619
"Brooker for Judge Committee, Mike Lorentz, Treasurer 809 Mary St., Belpre, OH 45714 ",599
2A4LIFELLC,594
Garrett County Democratic Club,571
Camera for Senate,539
Airbnb,536
Oklahomans Against SQ 793,522
Young America's Foundation,512
Sandy Hook Promise,507
"James Allen Pauley-Barker Candidate for Mayor of Louisa, Kentucky. I James Allen Pauley-Barker approve this Ad. ",491
BRITE Coalition.,482
Conservatives Against Media Manipulation,479
Eric Householder for Delegate,467
"Citizens for Debra Frank for School Board, Jonathan Frank, Treasurer",467
Donald J. Trump - 45th President,461
The committee to elect Leslie Pittenger,448
Friend of Justin for Congress,447
Doctors Without Borders/Médecins Sans Frontières (MSF),440
Irvine for Ohio,435
MJ for Texas,434
Deb Haaland for Congress.,414
Hulu,410
"Harold Montgomery, Candidate, 275 Pineview Drive, Gallipolis, Ohio 45631",409
Friendship,390
Ben Cline for Congress,387
HeloGreen,384
Media Research Center,383
GLAAD,374
Axios,359
Delta Foundation of Pittsburgh,356
Daily Wire,345
"Tactical Air USA, LLC",342
PragerU ,333
Gary Johnson for US Senate,326
Turning Point USA,324
the Atlantic Coast Pipeline,321
Progress News Network,321
Progressive Turnout Project,319
Ditch Fund and not authorized by any candidate or candidate's committee,317
Citizens for Brian Albert,316
CIWF,313
"Prevent Cruelty California. Sponsored by Humane Society Organizations. Committee major funding from: Open Philanthropy Action Fund, Humane Society of the United States, Deborah Stone.",269
Committee to Re-Elect Tim Mahoney,265
Andrew St. John,261
Lawrence County Democratic Party,260
Pat McGeehan for 1st District,252
Congressional Black Caucus PAC,250
Likewise,239
Tim Ryan for Congress,233
Oxfam America,232
Kevin Hall for Pike County Judge Executive,228
Positive Christian Purity,222
"Friends for Masai Troutman, Sandra Troutman Treasurer",215
Consumer Alert Services,215
"ClearPath Action, Inc. Not authorized by any candidate or candidate's committee.",213
"Authority: Dan Cox for Delegate; J. Dwight Hutchinson (USN, ret.), Treasurer.",213
Affordable Medicare,209
First Liberty Institute,206
The Church of Stop Shopping,201
Proud American Hunter,196
"Authority, Friends of Kathy Afzali, John Cornelius, Treasurer",194
House Democratic Caucus,183
Chris Harris for State Representative,183
Charity Grimm Krupa,183
Katie Hill for Congress,179
Texas Public Policy Foundation ,172
the campaign for Donald R. Capper for Lawrence County Common Pleas Judge,169
"Citizens for Jereme Leazier, Patti Leazier, Treasurer",169
"the Committee to Elect Judge David D'Apolito, 7th District Court of Appeals",164
"Philip Levine, Democrat, for Governor",164
Parks Project,160
All Out,160
Friends of John Delaney,157
Jack Miller Down to Business,154
Brian Clark for State Representatiave,151
Sinclair Broadcast Group,150
SFT2 Tactical Supply,150
The Mark Kaye Show,147
Rebuilding America Now Super PAC,146
The Independence Fund,145
The Whiskey Patriots,143
Protectors of the Wood LLC,143
"Liberty T, LLC",143
State Policy Network,142
Voice Big,139
Prompt Media,139
Committee to Elect Scott Cepicky- Treasurer Beverly Simmons,137
Conor Lamb for Congress,136
Supporting American Values,134
Page County Democratic Committee ,130
"Citizens for Brian Frosh, Jerry Gross, Treasurer.",130
Scalise for Congress,129
EveryLibrary | FEIN 46-1534149,128
Financial Security Today,124
Ben Ferguson Show,123
"Benepath, Inc.",122
Organization for Competitive Markets,121
Committee to Elect Emily Best,121
Little Pink House,116
For Kids & Country,116
"Mid Maryland For Jason Miller, Amanda Miller - Treasurer",115
the Board of Regents of George Mason's Gunston Hall,113
Deck of Deplorables,113
StaffDNA,112
Freedom for All Americans,111
" Miller & James, LLP",111
Must Read Texas,110
Tactical Pro Supply,109
FRIENDS OF SCOTT WALKER,109
2A4LIFE LLC,109
Care Net,107
Rebuild Maine PAC,106
the Republican State Leadership Committee,103
NICK FREITAS FOR U.S. SENATE,103
Modern Hero TV,103
iVote Civic Education Fund,101
Convention of States Action,101
Renewable Energy Systems,100
Mavis Taintor,99
"Kevin Grubb for Frederick County,  Authority Treasurer, Audrey Brkovich ",99
LeadingResponse,98
Clear Energy Alliance,98
Boredom Therapy LLC,97
Downsize DC,96
Conservative Gear,96
Circa,96
Finley for Judge,95
Nine Line Apparel,94
Save Animals Facing Extinction,93
Discover Charter Schools,93
UnitedHealthcare,92
NRATV,92
Judicial Watch,92
"Minn DFL State Central Committee 255 East Plato Blvd. St. Paul, MN 55107.  It is not coordinated with or approved by any candidate nor is any candidate responsible for it.",91
Loudoun Constitutional Conservatives,91
Kurt Schrader for Congress.,91
Cold Dead hands of America,91
"Christen N. Finley, Candidate ",91
American Bail Coalition,91
"Red, White and F You",90
Matt Piña for Texas Land Commission Campaign,90
FirstQuoteHealth,90
Eaton: Investing in our Children,90
The Mercatus Center at George Mason University,89
Primary The Ruling Class Political Action Committee,89
Committee to Elect Trampas Puckett,89
Abortion On Our Own Terms,89
"Political advertisement, paid for and approved by Joe Gruters, Republican for Florida State Senate, District 23",88
When Democrats Turn Out PAC,87
The Heritage Foundation ,87
Kell Palguta for Prescott Valley Mayor,86
the Democratic Legislative Campaign Committee,84
PETA,84
"Patients for Affordable Drugs, Inc.",83
True Conservative,80
Aspen Snowmass,80
Pew Research Center,79
Partnership for Civil Justice Fund - defending democracy and civil rights in the courts and in the streets,79
Trying Together & Its Underwriters,78
Quirk Books,78
Proxy Vote,78
Fuel Freedom Foundation,78
Wind Energy Foundation,77
State Run Films,77
Robert F. Wright,77
PACRONYM. Not authorized by any candidate or candidate’s committee,76
Bill Holt's Dreamies®,76
"Marin Crops, LLC",75
Hill Reporter,75
Healthy Living Initiative ,75
DC Statesman,75
Ben Swann,74
the Ohio Democratic Party,73
Run for Something PAC,73
by Apollo Marketing,71
Rep. Kevin McCarthy,71
Let Africa Live,71
Dwight Weidman,71
Ken Paxton Campaign,70
Gell,70
Firearms Policy Coalition,70
Dr. Bronner's,70
Teflon Film LLC,69
SpeakEasy Political,69
Proud Americans Supply,69
the Peterson Institute for International Economics,68
The Committee to Defend The President,68
One Nation Design,67
The Ohio House Democratic Caucus,66
Animal Matters,66
World Mercury Project,65
Rick Neal for Congress,65
"Zya, Inc. ",64
She the People USA,64
Defenders of Wildlife,64
CPI Conservative Partnership ,64
Yale Program on Climate Change Communication,63
Outschool,63
"Friends of Nate Loewentheil, Guy Tawney, Treasurer.",63
Climate Conservatives,63
Alexandria Ocasio-Cortez 2018,63
Republicans for the Rule of Law,62
"Marsy’s Law for North Carolina, L.L.C.",62
"Zen Brands International, LLC",61
The News Literacy Project,60
Political Plunder,60
Lemony Tree,60
Hinkle for Kentucky,60
Dogwood Alliance,60
The DataFace,59
"The Commonwealth Fund, a nonpartisan organization",59
Families For Trump,59
"End Party Politics, LLC",59
Better Medicare Alliance,59
Unitarian Universalist Service Committee,58
Military-Veterans Advocacy,58
Indiana State Senate,58
Dan Bongino,58
client and does not endorse any candidate or candidate committee.,57
"Planned Parenthood Votes, 123 William St, NY NY 10038. Not authorized by any candidate or candidate's committee.",57
People's Action,57
Gold Asset Information Group,57
Friends of Faber,57
Swing Left. Not authorized by any candidate or candidate's committee.,56
St. Martin's Press,56
Partnership for Conservation.,56
Friends of Chris McDaniel,56
"Raymond Wagner Jr.  for Commissioner, Deb Wagner, Treasurer",55
Kos Media LLC.,55
Economic Security Project,55
"National Shooting Sports Foundation, Inc.",54
IVN News,54
Democratic Association of Secretaries of State ,54
News Procession,52
WeAllMAG,51
Shea Moriarty,51
SEIU on behalf of iAmerica Action,50
Ohioans Against the Reckless Dialysis Amendment,50
getVokl,49
Yale Environment 360,49
Equality Texas.,48
Democratic Asian Americans of Virginia. Not authorized by any candidate or candidate's committee,48
Patty Murray for Senate,47
Mid Atlantic LECET,47
Illinois Family Institute,47
Dr. Dena Grayson,47
WeThePeopleHolsters ,46
Re-Elect Mayor Rich Tran 2018 FPPC #1400416,46
POET.,46
Kevin McCarthy for Congress,46
Frances Presley Rice,46
Conservation International,46
Rachel Ratliff Campaign Fund,45
Heidi for North Dakota,45
FLIC Votes,45
Earthjustice,45
the Colorado Working Families Party IE Committee,44
Friends of Jay Edwards,44
the Friends of Jess King,43
Military Officers Association of America (MOAA),43
Joseph Plummer for Herndon,43
David Lossing for State Representative ,43
Beaver County Young Republicans ,43
Protect Our Winters Action Fund,42
Omaze,42
"Justin Kiska for Frederick; Trey T. Kiska, Treasurer",42
Flaccavento for Congress,42
Colion Noir,41
Mike Malone,40
Live Action,40
She the People,39
Foundation for Individual Rights in Education,39
Chesapeake Bay Foundation,39
A Place at the Table,39
Texans for Natural Gas,38
"Stewart for Senate, Inc. ",38
the Progressive Change Campaign Committee PAC (BoldProgressives.org) and not authorized by any candidate or candidate's committee. Contributions to the PCCC are not deductible as charitable contributions for federal income tax purposes.,37
Washington State Democratic Party,37
STEPHENS 2018,37
SEIU Local 2015,37
"Political Storm, a non partisan political discussion site and Jon SaltzmanPublisher",37
Push Digital ,36
"LPAC, not authorized by any candidate or candidate's committee.",36
Friends of Sherrod Brown,36
Feeding America,36
Center for Reproductive Rights,36
Unplanned,35
"MoveOn.org Political Action, pol.moveon.org, not authorized by any candidate or candidate's committee.",35
Foundation for Economic Education,35
UnidosUS,34
The Leadership Conference on Civil and Human Rights ,34
Paid for by Print for Progress,34
Julie for Texas 25,34
Joe Cunningham For Congress,34
Giffords,34
Common Sense Fusion,34
Transport Workers Union,33
"OAF Nation, Inc",33
Humane Society International,33
"Goods Unite Us, Inc.",33
Fundamentalist Party,33
"This message has been authorized and paid for by Republican Governors Association, Michael G. Adams, Treasurer. This message has not been authorized or approved by any candidate or ballot issue committee.",32
"STEWART FOR SENATE, INC.",32
SEIU,32
NY Times Bestselling Author Andrew Shaffer,32
NRDC Action Fund,32
Jerry Valentine,32
Henry Holt and Company,32
Friends of Bernie Sanders,32
Ben & Jerry's,32
Amnesty International USA,32
Wyoming Hunters and Anglers Alliance 501 (c) (4),31
Tristan Cruz,31
Thomas Batten,31
"Ron DeSantis, Republican, for Governor. ",31
"Political advertisement paid for and approved by Bridget Ziegler for Sarasota County School Board, District 1",31
CMMB-Healthier Lives Worldwide,31
"Authority Friends of Tammy Larkin, Ohlen M. Hunt, Treasurer",31
The Committee to Elect Alessandra Biaggi,30
"Ron George, State Senate; Harold Falcon, Treasurer",30
Paramount Network,30
Friends of Dan Milleson,30
South Florida's Future independently of any candidate.,29
Jacek Zurada,29
CITIZENS FOR ENERGIZING MICHIGAN'S ECONOMY,29
Action Against Hunger ,29
Friends of Donna Campbell,28
DiNapoli 2018,28
Coalition for Future Mobility,28
CHC BOLD PAC,28
Be a Hero PAC,28
"4Ocean, LLC",28
"Families & Teachers for Antonio Villaraigosa for Governor 2018, sponsored by California Charter Schools Association Advocates. Committee major funding from Reed Hastings, Eli Broad and Michael Bloomberg. Not authorized by a candidate or a committee controlled by a candidate.",27
the Association of American Physicians and Surgeons,26
World Animal Protection,26
Working America,26
USPS,26
Stivers for Congress,26
Slade Ross,26
Sevigny for Congress,26
Remezcla,26
March For Our Lives,26
"Laurie Halverson for Delegate - Joe Schmelzle, Treasurer",26
Great America PAC,26
"Giffords, a section 501(c)(4) issue advocacy organization, and Giffords PAC, a federal political committee. Not authorized by any candidate or candidate's committee.",26
BESE,26
the Physicians Committee for Responsible Medicine,25
Washington County Democratic Committee,25
Shatterproof,25
Committee to Elect Lynn Afendoulis 3333 Falcon Bluff Ct Grand Rapids MI 49525,25
City Journal,25
Andrew Frawley,25
"Michigan Republican Party Not authorized by any candidate or candidates committee. 520 Seymour Ave. Lansing, MI 48933",24
Ted Cruz for Senate,23
Shop Insurance Plans,23
Sarah Smith for US Congress 2018,23
CASA in Action,23
Third Party Films,22
The Innocence Project,22
"Steve Huffman for Ohio, John Stickel, Treasurer, PO Box 739, Troy, Ohio 45372",22
Retail Politics LLC,22
Moreno 4 Yolo County Board of Education 2018,22
Elizabeth Baker for District 2,22
Citizens for Kail,22
Authority Fredericks for Maryland; Fay Fredericks Treasurer,22
"Paid for and approved by Christian Ziegler, Republican for Sarasota County Commission, District 2",21
LifeSiteNews,21
Friends of Randy Michaelis,21
Friends of John Sarbanes,21
Evan Glass for Montgomery County Council ,21
"Bill Conway for Council, Ira Goldstein, Treasurer",21
VoteVets Action Fund,20
Tidal,20
The Closet Conservatives,20
"The Christian Broadcasting Network, Inc.",20
Strasson Group,20
ResistryPAC; not authorized by any candidate or any candidate's committee.,20
Lislegard for House 6B Committee,20
Friends of Michael Diaz,20
Comedy Central,20
"Angie Holt Groves for Robertson County Clerk, Janet McClain, Treasurer",20
America Fighting Back PAC,20
Alan Wilson for Attorney General,20
the Office of Congresswoman Barbara Comstock,19
The Nib,19
Pechefsky for Congress,19
"ORMAN FOR KANSAS, INC; TIM OWENS, TREASURER",19
Loudoun Economic Development,19
Kim David for Senate 2018,19
"Friends of Connie FitzPatrick. PO Box 814, Gig Harbor, WA 98335",19
Committee to Keep Judge Messer,19
Citizens for Kash Jackson,19
350 ,19
the Campaign for Sustainable Rx Pricing,18
World Vision USA ,18
Washington Speakers Bureau,18
UPROXX,18
Progress NC Action IE PAC,18
ExxonMobil,18
Donovan for State Senate,18
Citizens for Friess,18
Celebrity Voice Changer,18
AFSCME Retirees,18
AFSCME Maryland,18
UsAgainstAlzheimer's,17
The Conservation Fund,17
Pigeon Media USA,17
"Mad World News, LLC",17
Innomatic Studios,17
Friends of Rick Rogers,17
FRIENDS OF GREG ROTHMAN,17
Anybody Seen My Slippers ?,17
Amie Hoeber for Congress,17
Tisha Black for County Commission,16
"Paul Cummings, Director for a Better BART 2018",16
Muratsuchi for Assembly 2018.,16
Melvin Willis for Richmond Mayor 2018 FPPC# 1403955,16
Jay Helquist LLC,16
In Kind,16
Great America Alliance,16
Friends of Jeff Cole,16
Democratic Socialists of America,16
Davyne Dial,16
David Osborne for State Representative,16
Conservative Investor Daily,16
Conservative Institute,16
Comstock for Congress,16
4WeThePeople-Cook,16
the National Democratic Redistricting Committee,15
the Florida Democratic Party. Not authorized by any candidate or candidate's committee.,15
Viewpoint Israel,15
Tom Steyer,15
The House of Tees,15
The Committee to Elect John MacDonald,15
Roy Zimmerman,15
Republican Governors Association (RGA) Colorado PAC and not authorized by any candidate.,15
Planned Parenthood,15
"Philip Johnson, Ph.D. of Global Next, LLC",15
Maga Maga Club,15
Eddie Zipperer,15
Cynthia for New York.,15
Clean Water Action/Clean Water Fund,15
"Carroll Electric Cooperative, Inc. - Ohio",15
COMMITTEE TO ELECT MARILYN WILES,15
those who want to make our communities stronger,14
Thrasher Coffee,14
The Republican Standard,14
TENN Values PAC. Not authorized by any candidate or candidate's committee.,14
Shout Your Abortion,14
"Save Kansas Coalition, Inc.",14
Patients For Affordable Drugs Action and not authorized by any candidate or candidate’s committee.,14
Matt Rinaldi Campaign,14
Jeff Triplett for Mayor of Sanford,14
Give America Hope,14
"Friends of Dave Joyce, P.O. BOX 516 , PAINESVILLE, OH 44077",14
Elect Aaron Lieberman,14
"David Smith, Republican, for State Representative",14
Curt Benson for Kent County Circuit Judge,14
Brian McClendon for Kansas Committee,14
Bill Person for Hillsborough County School Board District 1,14
Trump Republic ,13
The Unofficial Bill O'Reilly Fan Club,13
Sarasota Citizen Martin Hyde,13
Rotary International ,13
Right Wing Threads,13
Right Wing News ,13
Melanie Whitfield For State House,13
"Laborers Union Local #110 Voluntary Political Fund, Don Willey, Treasurer",13
Keep and Bear,13
"Kasich for America, not authorized by any candidate or candidate's committee.",13
International Rescue Committee,13
"Huntington Beach Firefighters Association PAC. 18411 Gothard Street, Suite H. Huntington Beach, CA 92648.  Not authorized by a candidate or a committee controlled by a candidate.",13
Hayes For Maine,13
Friends of Wendy Gooditis,13
David Koch,13
Be Conscious. Be Kind.,13
"ArtProfiler, Austin's Premiere Online Cultural Magazine",13
Ammar Campa-Najjar for Congress.,13
American Friends of Magen David Adom,13
American Council for Capital Formation,13
the Democratic Governors Association.,12
The Gold Standard with Alan Mosley,12
The Fighting Forces,12
TYT Network,12
Steven ,12
Security Finance Initiative,12
SR&B Advertising,12
Purpose,12
Pennsylvania Budget and Policy Center,12
"Ohio Value Voters, Inc.",12
"Marathon Productions, LLC",12
Liberty Digest,12
"LPT & Associates PLLC, Personal Injury Lawyers",12
Kanew For Congress,12
International Association of Sheet Metal Air Rail and Transportation Workers,12
GO PATRIOTIC,12
Florida Jobs PAC,12
Eric Rutherford for HD 33,12
"DUH - DEMAND UNIVERSAL HEALTHCARE is a not for profit organization whose mission is to promote Universal Healthcare, SinglePayer Healthcare, Medicare for All via HR676 and S1804.  We are a not for profit organization licensed as such in Springfield, IL.  We do not have an IRS - based non profit status, so donations are not tax-exempt.",12
Alliance for Safety and Justice,12
AIPAC,12
by Jim & Madelyn Meyer,11
Voters Response,11
Truth in Annapolis,11
Teamsters for O'Brien/Zuckerman,11
Stephen Rutgers,11
Steffen for Judge,11
STAN SALLEE FOR TULSA COUNTY 2018,11
Republican Committee of Lancaster County,11
ReThink Media,11
No Labels. Not Authorized by Any Candidate or Candidate Committee.,11
Nissi Worldwide,11
National Media Distribution Services,11
Murtaugh for Congress,11
Market Analysis For Investments ,11
"Maine Conservation Voters Action Fund, 295 Water St. Ste. 9, Augusta, ME 04330. NOT PAID FOR OR AUTHORIZED BY ANY CANDIDATE.",11
Keep My Voice,11
Johnny Rye for State Representative.,11
Grabien,11
Friends of Kirby Delauter,11
FAMM,11
"Elect Mike Bowersox, Jo Bowersox, Treasurer",11
"Donald B Mayhew FSR; Donald B Mayhew, Treasurer",11
Center for Biological Diversity,11
"Beachside Media, Inc.",11
the Law Offices of Timothy P. O'Brien,10
the Competitive Enterprise Institute ,10
contributions to Novin For Walnut Creek City Council 2018 – FPPC# 1406916,10
We Are The Mighty,10
UltimateStraw,10
Trump White House Shop,10
Triangle Blade,10
The National Memo,10
Tee Shirt Palace,10
Team Morris for Morris County Freeholder,10
"Stand for Children, Inc.",10
Shareblue Media,10
Save The Storks,10
"Public Land, Public Benefit, a coalition of San Diego taxpayers, community planners, local business, and education, park and environmental advocates, opposed to SoccerCity. Supported by Mission Valley property owners. Committee major funding from H.G. Fenton Company and Sudberry Properties.",10
People's World,10
Patient's Rights Action Fund,10
Partnership for Oregon Communities,10
New York State SRCC,10
Nate McMurray for Congress,10
NRA Women,10
Meraki Journey,10
MIKE MILLER FOR CONGRESS,10
"Left Over Rights LLC, an independent grassroots movement that receives absolutely zero funding from any political entity  ",10
Leah Aldridge for State Senate,10
Kiara Ashanti Journalist ,10
John Carter for Congress,10
Jason Smith,10
Holden 2018,10
"HOUSE MAJORITY PAC, (202) 849-6052, AND PRIORITIES USA ACTION, (302) 469-3772. NOT AUTHORIZED BY ANY CANDIDATE OR CANDIDATE’S COMMITTEE.",10
Foundation for Liberty & American Greatness (FLAG),10
For Our Future. Not authorized by any candidate or candidate's committee.,10
"Eric Hiltpold, P.O. Box 772, Prince Frederick MD 20678",10
"DAGA, democraticags.org, not authorized by any federal, state, or local candidate or candidate’s committee.",10
Committee to Elect Hal Slager,10
Committee for Alameda County Childcare & Early Education,10
"Ben Cardin for Senate, Inc",10
Abdul El-Sayed for Michigan,10
1st Amendment Partnership,10
the Newseum,9
the National Council on Aging,9
the NRCC and not authorized by any candidate or candidate's committee.,9
"iSideWith, LLC",9
Welcome.us,9
USA Liberty Store,9
The Tilted Glass,9
The Sam Nation Radio Show,9
"TTG, Inc",9
Save the Children US,9
"Sassan K. Darian - A private citizen concerned about basic human decency, liberal democracy and the sovereignty of our democratic process. ",9
Raybould for US Senate,9
Patriotic Drop Shop,9
Parents' Alliance for Strong Schools,9
"POE Group, Inc",9
Oral Health America,9
National Rural Electric Association,9
Mississippi Development Authority,9
Michael Campbell,9
Mary Barzee Flores for Congress,9
Marc Aveni for City Council,9
Liberty for All Seasons,9
Liberty Justice Center,9
Laurin Wheaton for Cookeville City Council,9
"J Street, the political home for pro-Israel, pro-peace Americans.",9
House of Patriots,9
Holt International,9
G.I. Jobs Magazine,9
Friends of Mary Elizabeth Coleman,9
Equal Citizens,9
Conservative Daily,9
Cignal Media LLC,9
Capital Research Center,9
"Authority: Friends of David Wilson, Sharon Bauer, Treasurer",9
Association of Equipment Manufacturers,9
the WNBA,8
the Climate Museum,8
"We the People Org, Inc.",8
We Are What We Vote,8
Virginia Hospital & Healthcare Association,8
Vet Voice Foundation,8
TheBlaze,8
The American Republic Party - NAR,8
THE REPUBLICAN PARTY OF KENTUCKY. NOT AUTHORIZED BY ANY CANDIDATE OR CANDIDATE COMMITTEE. 502.875.5130,8
Savage America,8
People United for Privacy,8
National Trust for Historic Preservation,8
LGBTQ Victory Fund ,8
Kialo,8
JVMI,8
"Gregory For Missouri, LK ""Chip"" Wood Treasurer.",8
Green For Chicago,8
GoVote Media Project,8
Friends of Tim O'Neal,8
Friends of Richard Gottfried,8
Friends of Mike Hein,8
Environmental Voter Project,8
Environment America Action Fund,8
Citizens Against Russian Election Tampering,8
CANVAS Unplugged - An Art Gallery of Today's Stories,8
"Brady McNulty, a guy who draws cartoons",8
Barbara Lee Family Foundation,8
Asa for Governor,8
American Possibilities PAC,8
All for Transportation,8
"ASMDSS, Inc",8
the NRCC and not authorized by any candidate or candidate’s committee.,7
the Dyer Difference,7
"Yes for East Bay Parks – Yes on FF 2018 Major funding by Regional Parks Foundation, Save the Redwoods League. FPPC # 1402363",7
The OutragedVoter,7
The #News,7
Serve America PAC,7
Reproaction,7
Propeller Enterprises,7
Pro-Life Action League,7
Philadelphia Church of God,7
Penguin Young Readers,7
Pedro Chávez,7
Painter Minnesota,7
Paid for by Marcia LeMay for Ogdensburg City Court Judge ,7
Paid for by BlackPAC and not authorized by any candidate or candidate’s committee.,7
Maple+Twig,7
Mallory Hagan for Congress,7
Jason Anderson for District Attorney 2018,7
JD and Kate Industries,7
Ignatian Solidarity Network,7
"Healthy Montana, Dr. Steven Bailey, Treasurer, PO Box 1614, Helena, MT 59624",7
Greater Half,7
Friends of Lucy McBath,7
"Friends of Christine Kilduff (D) | P.O. Box 65431, University Place, WA 98464",7
Emerge America,7
EDF Action,7
E.O. Wilson Biodiversity Foundation,7
Dinesh D'Souza,7
Daniel L. Hatcher,7
Congressional Leadership Fund,7
Concealed Club,7
Cindy Asche for State Chairman,7
Chism Strategies,7
Californians for Consumer Privacy. Committee major funding by  Alastair Mactaggart.,7
CRI Counter Terrorism Training School Inc.,7
Bennet for Colorado ,7
Backcountry Hunters & Anglers,7
Americans for All of Us Action,7
A Whole Lot Of People For Grijalva Congressional Committee,7
30A,7
the Democratic Party of Illinois,6
the Campaign for Jeanie Smith for State Senate,6
the Alliance for Michigan Power,6
"mitú, Inc.",6
Zoë Bands,6
Yale Climate Connections,6
W.K. Kellogg Foundation,6
"VALOR - Veterans Alliance of Orange County Issues Committee, Yes on Measure B, sponsored by Heritage Fields El Toro, LLC. Committee major funding from Heritage Fields El Toro, LLC",6
Unger for Senate Committee,6
U.S. Chamber of Commerce,6
"To Be Fair, Inc. ",6
The Record ,6
The LIBRE Initiative,6
The Hill,6
The American Friends Service Committee (AFSC),6
Texans for Chris Paddie,6
Stand for Salmon,6
"Sky Took, LLC",6
Sierra Club,6
Riggs for Arizona,6
Replicant,6
Randy Bryce for Congress,6
Providence: A Journal of Christianity & American Foreign Policy,6
Population Connection,6
Patagonia ,6
"Paid for by Public Land, Public Benefit, a coalition of San Diego taxpayers, community planners, local business, and education, park and environmental advocates, opposed to SoccerCity. Supported by Mission Valley property owners. Major funding by H.G. Fenton Company and Sudberry Properties.",6
Paid for by Be a Hero PAC,6
Pacific Legal Foundation,6
Our Revolution in the Blue Ridge,6
No Labels Action. Not authorized by any candidate or candidate's committee.,6
Nano Vision,6
Medals of America,6
Matt Zerrusen,6
Kevin Davis,6
Kenneth Mejia for Congress,6
Jennie Lou Leeder for U.S. Congress,6
Institute for Southern Studies,6
Human Rights Watch,6
Human Coalition,6
Good Media Group,6
Donnelly for Indiana,6
Donald Trump Dog Poop Bags,6
Diversity Incorporated ,6
Diane Black for Governor,6
Debra Hilstrom for Attorney General,6
DeGenaro for Justice,6
Committee to Elect Jared Golden,6
California Family Council,6
Block Bronx Bolshevik,6
Bethany Barratt,6
the North Carolina Democratic Party and Bobbie Richardson for NC House.,5
the North Carolina Democratic Party and Barbara S. Yates-Lockamy NC House.,5
the Democratic Governors Association,5
the Committee to Elect Rachael Rollins,5
the Committee to Elect Ayanna Pressley,5
myHIVteam,5
"Zito Media. We are a Cable, Phone and Internet Provider. Pricing, equipment availability, services available, and internet speeds vary based on location. ",5
Virginians Against Tim Kaine,5
The National Puerto Rican Chamber of Commerce,5
The Fight PAC,5
The David and Lucile Packard Foundation,5
The Committee to Elect Adina,5
Smart Customer,5
Sean Harper For Congress,5
Scott Wagner for Governor,5
Scott E's Blog,5
Rock Steady Ecommerce,5
PushBlack Now,5
"Pursuit, a non-partisan, non-profit organization",5
Online ADA,5
Oceana,5
National Park Foundation,5
Mercy For Animals,5
McCready for Congress,5
Matt Hall for Mayor 2018,5
Kongregate,5
Kerri Evelyn Harris for Delaware,5
Katie Rinck,5
Josh Lowenthal For California,5
John Adcock for NC House,5
Howard County Democratic Party,5
Gesslein and Luttrell for Freeholder,5
"Friends of Patrick Young, Nicole Magnani,Treasurer",5
"Friends of Mel Franklin, Brendon Laster, Treasurer",5
"Friends of James Howard, William C. Woodcock, Treasurer",5
Feinstein For Senate 2018,5
FRIENDS OF GENTNER DRUMMOND 2018,5
EveryDistrict PAC,5
Elizabeth for MA,5
Diversity Incorporated,5
"Democratic Midterm Victory Fund, 777 S. Figueroa Street | Suite 4050 | Los Angeles Ca 90017. Not Authorized By Any Candidate Or Candidate's Committee.",5
DCCC. (202) 863-1500. Not authorized by any candidate or candidate's committee.,5
Committee to elect Kathleen Bartlett for Judge,5
Coalition of Minnesota Businesses,5
Clarion Project,5
Citizens for Stinziano,5
Citizens for JD Wooten,5
Catalyst,5
Carbonated TV,5
CARE,5
Brock Obama for President Committee,5
Bird + Stone ,5
Barbara Lee Political Office,5
Aspiration,5
"the White Coat Waste Project, Inc",4
the Virginia Transportation Construction Alliance,4
the South Dakota Democratic Party,4
the North Carolina Democratic Party and Committee to Elect Joe Webb NC Senate 6.,4
the Contra Costa Republican Party,4
and authorized by Janet Mills for Governor.,4
Yes for Homes Coalition of San Juan County,4
World Wildlife Fund,4
"Working Assets Funding Service, Inc. on behalf of itself and its affiliate, CREDO Mobile, Inc.",4
Wheeler for NC,4
Veterans Education Success,4
Unite Colorado Election Fund,4
TimKen Steel,4
"The Simpler Campaign, LLC",4
The Religious Action Center of Reform Judaism ,4
The Committee to Elect John Barnes,4
The Brookings Institution,4
"Svaty for Kansas, Shirley Jacques, Treasurer",4
Summer for Congress,4
Soi Dog Foundation,4
"Shak Hill for Congress, Inc.",4
Reform California,4
Phil Weiser for Colorado.,4
Pennsylvania Citizens Against Nuclear Bailouts,4
"PSEA and our 181,000 proud school employees that make our public schools work.",4
Ohio House Republican Organizational Committee,4
North Cook News,4
News For Democracy,4
New American Media Group LLC,4
National Partnership for Women & Families,4
National Domestic Workers Alliance,4
NPR's Latino USA,4
Michael Bailey,4
McCaskill for Missouri,4
"Marsy’s Law for Wisconsin, LLC",4
Maine Coast Heritage Trust,4
Lesbians Who Tech + Allies,4
Lauren Underwood for Congress,4
Kathy Manning for Congress,4
Jessie Danielson for Colorado,4
"Jay Inslee for Washington (D) PO BOX 21067 Seattle, WA 98111",4
James Thompson for Kansas,4
Hillel International,4
HIAS,4
Goodwin For House 2018,4
"Friends of Tommi Makila (Dionne A. Makila, Treasurer)",4
"Friends of Sarah Elfreth; Michael G. Miller, Treasurer",4
Friends of Michela Skelton,4
Friends of Jack Bucchioni,4
Free to be Kids,4
FRIENDS OF S. ASHLEY NICKLOES,4
Derrick Crowe,4
Crenshaw for Congress,4
Corrections Tough,4
"Community Press, LLC",4
Committee to Elect D. Cole Phelps,4
Coffman for Congress 2018,4
Citizens for Brandon McClain,4
Cathy for Congress,4
Campaign to Elect Julia Ratti,4
Bryan Zilonis,4
"Brian McClendon for Kansas Committee, Sandy Praeger, Treasurer.",4
"Bill Conway for Council, Ira Goldstein, Treasurer ",4
"Arjun Sethi, Author of American Hate",4
the North Carolina Democratic Party and The Committee to Elect Joe Fowler.,3
the North Carolina Conservation Network,3
the Kathleen Clyde Committee,3
and approved by Yarbrough for District 3,3
Vote Amber Daniels,3
Tony for Wisconsin. ,3
This page is created and maintained by the Committee to elect Camille Coolidge-Shotwell for Circuit Court Judge.,3
The People's Trumpet LLC,3
The Frontier Power Company ,3
Sudan Relief Fund Inc.,3
Steve Dunwoody for Assembly,3
Stacey Abrams for Governor,3
Soderberg for Congress,3
Salazar for State Senate,3
SC Farm Bureau Federation ,3
Rick Foulke for NC House,3
Reform Austin Inc.,3
"Political advertisement paid for and approved by the Committee to Elect Adam Pollack Circuit Judge, Group 24",3
Plunderbund,3
Perspectives Media,3
"Paid for by the Committee to Elect Brandy Hambright, Circuit Court, PO Box 1901 Mobile, AL 36633",3
Paid for by Nick Freitas for U.S. Senate,3
Oklahoma Good Government Fund.  Not authorized by any candidate or candidate’s committee.,3
Nicole George for Metro Council 21,3
New Jersey Citizen Action,3
Luke Thomas,3
Lisa Brown for Congress,3
"Korean Americans in Action, Inc.",3
Know Colorado,3
Ken Harbaugh for Congress,3
Judith for Arkansas,3
"Jason Pizzo, Democrat for Florida Senate District 38",3
"Jason Brodeur, Republican, for State Senate.",3
I Care,3
Headline Shirts,3
"Giangrande for Senate; Philip Liotta, Treasurer      ",3
Gary Soiseth for Mayor 2018,3
"Friends of Theresa Stegman, Paul White, Treasurer",3
"Friends of Steve McKay 4 Frederick County, Jenn Rucker (Treasurer)",3
Friends of Craig Wismer,3
Friends of Beth Liston,3
Fred Costello for Congress,3
"Forward Thinking Media, LLC",3
Florida Strong Action PAC independently of any candidate.,3
Elect Jodi Rooney LD1,3
"Dominic For Senate, Michele Berardo, Treasurer. Approved by Dominic Rapini ",3
Diehl for U.S. Senate,3
Delgado for Congress,3
Define American,3
Debbie for Congress,3
Committee to Elect Matt Wills,3
Change The Date Sarasota,3
Catholic Relief Services,3
Burns for NH,3
Bloomberg Philanthropies,3
Bill Nelson for U.S. Senate,3
"Bill Lee for Tennessee, Inc. - Fred Decosimo, Treasurer",3
Becoming American Initiative,3
Alison for Virginia,3
Advance Carolina,3
"AAF Nation, LLC",3
" the House Republican Campaign Committee, Inc.",3
the Women's Equality Party,2
the North Carolina Democratic Party and Committee to Elect Isaiah (Ike) Johnson.,2
the North Carolina Democratic Party and Citizens for JD Wooten.,2
the International Campaign for Tibet,2
the House Republican Organization,2
"the House Democratic Campaign Committee. P.O. Box 1925, Austin, TX 78767.",2
"the Committee to Re-elect Rep. Jane Powdrell-Culbert. Larry Holmes, Treasurer.",2
and Authorized by  Andrew Janz for Congress.,2
X Social Media LLC,2
When We All Vote,2
Vision Blue PAC,2
Treasure Coast Conservatives,2
Tom Wolf for Governor,2
The University of Chicago,2
The Trumptastic Shop,2
The Committee to Elect Petrus/Sanes for Governor & Lieutenant Governor ,2
The Auto Alliance,2
Taylor Sappington For Change,2
Sunday Gover For Assembly 2018,2
"Strauss Brands, Inc.",2
"Stand for Children, Inc. ",2
Spanberger for Congress,2
Save North Venice,2
SOS International ,2
"SMP, and not authorized by any candidate or candidate’s committee.",2
SEAL PAC Supporting Electing American Leaders PAC,2
SC Alliance To Fix Our Roads,2
Rosen for Nevada,2
"Representative Ami Bera, M.D.",2
"Reform Austin, Inc. ",2
Rebecca Bauer-Kahan for Assembly 2018,2
"Public Land, Public Benefit, No on Measure E, a coalition of San Diego taxpayers, community planners, local business, and education, park and environmental advocates, opposed to SoccerCity. Supported by Mission Valley property owners. Committee major funding from H.G. Fenton Company and Sudberry Properties.",2
Project Democracy LLC,2
"Political advertisement paid for and approved by Dan Janson for Jacksonville Beach City Council, Seat 6, District 3.",2
Political advertisement paid for and approved by Bill Mathias for Lake County School Board,2
Pantsuit Nation Action,2
Paleo Life LLC,2
Paid for by Oregon Forests Forever,2
Outrider Foundation,2
Our Lives Our Vote,2
Ohio AFL CIO,2
"No Plan, No Accountability, No on Prop C",2
NextGen Climate Action Committee,2
National Solar Rebate,2
National Audubon Society,2
NYS Laborers' LECET,2
Mission First VA,2
Military Spouse,2
"Maryland REALTORS® Political Fund, Michael Cerrito Treasurer",2
Maloney for New York,2
Lone Star Project,2
Lindsey Deckard for Alabama State Representative,2
Lesley for CU Regent,2
"Kyle South Campaign PO Box 65 Fayette, AL 35555",2
"Kristiina Arrasmith for School Board 2018, FPPC #1404044",2
"Kathy Lewis, Democrat, for Florida State Senate District 20",2
Johnny Alexander,2
James for NY,2
Illinois State Treasurer's Office,2
HuruPembe,2
Home Improvement Deal,2
Holly Grange for NC House,2
Heritage Action for America and not authorized by any candidate or candidate’s committee,2
Henderson For Missouri ,2
"Hatfield 2018. Loretta Chory, Treasurer. Approved by Susan Hatfield. ",2
Hashimi for Us Committee,2
Harrington For Sheriff #1397268,2
Grow America's Infrastructure Now,2
Gillibrand for Senate,2
"Friends of Sharon Brackett; Matt Thorn, Treasurer",2
Friends of Meredith Wellington,2
Friends of Glenn Thompson,2
Friends of Amy Blank,2
"Friends of Alice Cain; Jenni Rooney, Treasurer",2
Friends for Dave Ettman,2
Florida Sunlight Project,2
Florida Republican Senatorial Campaign Committee,2
Finnspiration PAC,2
"Fairness Maryland, Inc., Michael W. Macleod-Ball, Treasurer.  This message has not been authorized or approved by any candidate.",2
Everytown for Gun Safety Support Fund,2
Everytown for Gun Safety Action Fund,2
Eric Rollings for Orange County Commissioner District 3,2
Energy Citizens,2
Elizabeth Pannill Fletcher for Congress,2
Elect Emily 4 PA,2
Education Matters PAC. Committee major funding from Steve & Susan Chamberlin,2
Earth,2
Defending Donald,2
Debbie Wasserman Schultz for Congress,2
Dean Phillips for Congress,2
David Molina for Oregon,2
"Committee to elect Aaron Penman, R. Royster, Treasurer.",2
Committee to Elect Shawna Roberts,2
Committee to Elect Douglass For Judge,2
Colorado Values Project,2
Colorado Information Network,2
Citizens for Tim Walters,2
Chris Elliot for State Senate,2
Care Voters of Minnesota,2
Campaign To Vote Mike Cole For Sheriff Of Walker County 2018,2
Build CT,2
Boyington for Democratic Progress,2
Bobby Cox for State House,2
Bill Schuette for Governor,2
Anera,2
American Civil Liberties Union,2
Allan for Delaware,2
мои личные средства в рекламу моей компании,1
the office of Keith Rothfus,1
the candidate,1
the North Carolina Democratic Party and Rhonda for NC.,1
the North Carolina Democratic Party and Dianne Little for NC House.,1
the North Carolina Democratic Party and Chad Stachowicz for NC.,1
the North Carolina Democratic Party and Bossert for State Senate.,1
the North Carolina Democratic Party and Barbara Lee for NC House of Representatives.,1
the Maryland Food Bank,1
Yes! To Affordable Groceries ,1
Upton for All of Us.,1
United We Dream Action,1
USA for UNHCR,1
"Turco for Newington, Michael Nafis, Treasurer. Approved by Gary Turco",1
Torat Chayim,1
Tony Buba,1
Tim Greimel for Congress,1
"Tim Bjorkman for South Dakota, Dr. Tom Ortman, Treas.",1
The Greg Bonnen Campaign,1
The Energy Cooperative ,1
Texans for Trent Ashby,1
Terry for Arizona,1
Taxpayers For Torren,1
TRAVIS ALLEN FOR GOVERNOR 2018,1
Susan B Anthony List Candidate Fund,1
"Strong Economy for All, a fiscally sponsored project of Center for Popular Democracy",1
Strickland for Georgia,1
"Strengthen Our Seawall for Earthquakes and Disasters, Yes on Prop. A. FPPC ID #1402245.",1
Stonewall Democratic Club,1
Stitt for Governor 2018,1
Stephen H. Brown for Congress ,1
State Innovation Exchange,1
Sinema for Arizona,1
Shope for House 2018,1
"Sherman Guyton Campaign PO Box 1662 Gadsden, AL 35902",1
Sharice for Congress,1
Scribd,1
Savage for Mayor Campaign,1
Saul Cohen ,1
San Francisco Young Democrats,1
SameSide,1
SAVE Action PAC,1
Robert Nichols for Texas Senate,1
Right Call Media,1
Rep. Austin Davis ,1
"Re-Elect Charles Allen for Ward 6, Pat Johnson, Treasurer, 1530 D Street, NE Washington, DC 20002",1
Raymond Henningson Jr,1
RNY Initiative,1
"REGULATED FUNDS BY MICHIGAN PLANNED PARENTHOOD VOTES SUPER PAC, P.O. BOX 15041, LANSING, MI 48901. NOT AUTHORIZED BY ANY CANDIDATE OR CANDIDATE’S COMMITTEE.",1
Progress Virginia,1
Priorities USA Action and SMP. Not authorized by any candidate or candidate's committee.,1
Portside,1
"Political advertisement paid for and approved by Karen Skyers, Democrat, for Florida House District 61.",1
"Planned Parenthood of Advocates of Michigan | PO Box 15041, Lansing, MI 48901",1
Planned Parenthood Action PAC North Carolina. Not authorized or in coordination with any campaign.,1
"Phil McGrane for Ada County Clerk, Eva Gay Yost Treasurer",1
Pennsylvania United,1
"Paid for by Maine Republican Party, 9 Higgins Street, Augusta, ME 04330 Ben Lombard, Treasurer",1
Paid for by Jeff Irwin for State Senate ,1
Paid for by Friends of Copey Grantham,1
PAYR PAC,1
Our Schools Now,1
Orange County Coastkeeper,1
Oklahomans For John W McKenna 2018,1
O'Dorisio for Adams County,1
New York Working Families Party,1
New Mexico Oil & Gas Association,1
Neighbors for Irene,1
National Education Association,1
Nathan Evershed for District Attorney,1
Mike Smith for Delaware,1
Mike Mullin for Virginia,1
Mike Gaskill for Indiana,1
"Merrill 2018, Holly Bates, Treasurer.  Approved by Denise W. Merrill, Candidate.",1
"McCulloch For County Prosecutor Committee, Irene Yu, Treasurer",1
"McCaul for Congress, Inc.",1
"Matt Spritz, Republican, for State Representative",1
Matt Brown for Governor,1
Mariah Phillips for Congress,1
Marggie Castellano for Senate 2018,1
Lincoln Land Wind,1
Likewise Media,1
Kentucky Tomorrow. Not Authorized by any candidate or candidate’s committee.,1
Kenny Marchant for Congress,1
Kathleen Rice for Congress,1
"Kansans for a Democratic House, Adam Lusker, Treasurer",1
"Justice San Diego supporting Genévieve Jones-Wright for District Attorney 2018, sponsored by Alliance San Diego Mobilization Fund. Committee major funding from: Quinn Delaney",1
Judge Dan Hinde Campaign in compliance with the voluntary limits of the Judicial Campaign Fairness Act,1
"John Ward for Congress, Inc.",1
"Joe Zimmerman, Republican, for Florida State House District 11.",1
Joe Meek for Crystal River Mayor,1
Jewish Leadership Conference,1
Jena Griswold for Colorado,1
Jason Sansone 2018,1
Jason Rittereiser for Congress,1
Human Rights Campaign PAC,1
Hass for House,1
Harder for Congress,1
Hallinan For Board of Equalization 2018 ,1
Gretchen Whitmer for Governor,1
Greenberg for State Senate. Kelly P Ricciardi Treasurer. Approved by Adam D Greenberg.,1
Good Business Colorado,1
Gerry Connolly for Congress,1
George Scott for Congress,1
Gary Siegwarth,1
Garcia for Governor. Authorized by Garcia for Governor.,1
GO Public Schools Oakland Advocates,1
Friends of Stan Sniff 2018,1
"Friends of Ron Watson, Sean L. Osborne, Treasurer",1
"Friends of Pinky Vargas (D) PO Box 3106, Bellingham, WA, 98227",1
Friends of Michelle Ostrelich,1
Friends of Kate Klunk,1
Friends of John Olszewski Jr.,1
"Friends of Joel Rubin - Samuel Agger, Treasurer",1
Friends of Joe Norman,1
Friends of Jennifer Lewis,1
"Friends of Clarence Lam; Pat Payne, Treasurer.",1
Friends of Chris Carr,1
Friends of Cheesman,1
"Friends of Andrew Friedson, Brian Ashin, Treasurer",1
Friends of Aloyse Brown,1
Friends for Rashid,1
Floridians for a Fair Shake,1
Fight for $15,1
Faith in Public Life Action Fund,1
FWD.us Education Fund,1
Empire State 32BJ SEIU PAC,1
Emily Elliott for Alderman,1
Elect Kathy Hoffman for Superintendent; Authorized by Kathy Hoffman,1
Elect Justin Olson,1
"Elect Cardin, Steven M. Gelblum, Treasurer",1
Eagle Point School District 9,1
Dr. Kim Schrier for Congress,1
Don't Slack,1
Dodson for Senate – Wyoming First,1
Defend Arizona. ,1
Deborah Gonzalez for GA,1
"Deann Mitchell 4 Kansas, Greg Mitchell Treasurer",1
DePizzo For Congress,1
"Danny Farrar For Frederick | Jennifer Wilcox, Treasurer | P.O. Box 522, Walkersville, MD, 21793",1
DSCC and authorized by Bredesen for Senate,1
DCCC. (202) 863-1500 . Not authorized by any candidate or candidate’s committee.,1
Cory Booker for Senate ,1
Cort Vanostran for Congress,1
Community Committee to Elect Robert Cohen,1
Committee to Elect Gisele Norberg Surprise City Council Dist 3 Authorized by Gisele Norberg,1
Committee for Byron Brooks,1
Colorado Liberty PAC,1
Colin Schmitt for State Assembly,1
Clean Power Virginia ,1
Clean Energy Jobs Ohio,1
Citizens for Truth in Drug Pricing,1
"Citizens for Jim Walsh, Teresa Sanders, Treasurer",1
Citizens Against Nuclear Bailouts,1
"Chuck Brannan, Republican for State Representative District 10.",1
Chris Wootton,1
Chris Wilhelm for County Council,1
Chris Phillips for Pensacola City Council District 4,1
"Charisse Millett for State House PO Box 230853 Anchorage, AK 99523",1
Change Now and not authorized by any candidate or candidate’s committee.,1
Chad Williams for Tennessee,1
"Carl Davidson, 15001",1
California Rifle & Pistol Association,1
California Democratic Party,1
"By Authority, Friends of Aisha Khan; Keith Timmons, Treasurer",1
Business Forward,1
Building Stronger Communities,1
Brandy Brooks Power Posse; Treasurer: Eleanne Brooks,1
Brandon Peters for U.S. Congress,1
"Boughton for Governor, Michael J. Purcaro, Treasurer; Approved by Mark Boughton",1
Bob Lucey for County Commission 2,1
Bill & Melinda Gates Foundation,1
Benham for Benton,1
"Ben Albritton, Republican, for State Senate District 26",1
Askov Finlayson,1
Angley for Sheriff,1
"Amanda Webster, New For 62. Brandon Webster, Treasurer. ",1
Acción Revolución - VotoMigrante - Jorge Miranda,1
Abdorrahman Boroumand Center for the Promotion of Human Rights in Iran ,1
AFSCME Council 31,1
AFL-CIO,1
AFGE,1
three American friends who care,0
theSkimm,0
the United States Holocaust Memorial Museum ,0
the Trump Make America Great Again Committee,0
the Rusteika Committee.,0
the Republican National Committee,0
the North Carolina Democratic Party. Authorized by Committee to Elect Vernon Moore NC State Senate District 10,0
the North Carolina Democratic Party and Tim Barnsback for NC House.,0
the North Carolina Democratic Party and The Committee to Elect Marcia Morgan.,0
the North Carolina Democratic Party and The Committee to Elect Aimy Steele.,0
the North Carolina Democratic Party and Simon for NC House.,0
the North Carolina Democratic Party and Sam Edney for NC House.,0
the North Carolina Democratic Party and Love for NC.,0
the North Carolina Democratic Party and Kim Bost for NC House,0
the North Carolina Democratic Party and Jennifer Benson for NC House.,0
the North Carolina Democratic Party and Jen Mangrum for NC.,0
the North Carolina Democratic Party and Garner for North Carolina.,0
the North Carolina Democratic Party and Don Davis for NC Senate.,0
the North Carolina Democratic Party and Committee to Elect Terri LeGrand.,0
the North Carolina Democratic Party and Committee to Elect Jean Sivoli.,0
the North Carolina Democratic Party and Committee to Elect Helen Probst Mills.,0
the National Network of Abortion Funds,0
the National League of Cities,0
the NRCC and not authorized by any candidate or candidate's committee. www.nrcc.org,0
the Kentucky Democratic Party,0
"the Keith Ellison for Attorney General committee, PO Box 80824, Minneapolis, MN 55408",0
"the International Union, United Automobile, Aerospace, and Agricultural Implement Workers of America (UAW).  Not authorized by any candidate.",0
"the Governor's Institute a private non-profit that receives support from the U.S. Substance Abuse and Mental Health Services Administration through the Division of Mental Health, Developmental Disabilities, and Substance Abuse Services, North Carolina Department of Health and Human Services.",0
the Friends of Matthew Dowling,0
the Foundation for Independent Voter Education,0
the Foundation for Constitutional Government,0
the Environmental Working Group,0
the Democratic National Committee,0
the DSCC,0
the Committee to Elect Morgan for Michigan,0
the Committee to Elect Michelle Ciccolo.,0
the Committee to Elect Dan Koh,0
the Center for Immigration Studies,0
the Canterbury for WV Committee,0
"the Campaign to elect Steven Kelly, Rod Kreie, Treasurer ",0
the Allegheny Forest Alliance,0
the ASPCA,0
the ACLU,0
reclaimtheamericandream,0
reclaim the american dream - 501(c)3 - IRS certified ,0
john deprospo,0
"iVote Fund, Ellen Kurz, President. Not authorized by any candidate or candidate’s campaign committee.",0
iLobby LLC,0
committee to elect Sandra J. Hile,0
committee to elect Charlie Reynolds,0
by the committee to re-elect Kristina Earwood,0
"by GroundUp. Not authorized by any campaign, committee, or PAC.",0
act.tv,0
Zucker for West Virginia,0
Zephyr for NY,0
Yvette Pennington for Circuit Court Clerk,0
Your Trump Shop,0
Young Evangelicals for Climate Action,0
Yes She Can,0
World Food Program USA,0
Working Families Party,0
"Working Assets Funding Service, Inc. on behalf of itself and its affiliate, Credo Mobile, Inc.",0
Woody Hanna,0
WomenStrong International,0
Women's March Disability Caucus,0
"WipeRecord, a division of Eastman Meyler, PC",0
Willie Gray for AL House 102,0
Willes Lee,0
Will Thompson for Justice Committee,0
Will Freeman for SC House 110,0
WhyHunger,0
Wexton for Congress,0
Wells for IU Board of Trustees,0
We The People of West Virgina-Jefferson County,0
We The People - PA Action,0
We Are Pennsylvania,0
Waters Kraus & Paul,0
Water Lifestyle Co.,0
"Washington Electric Cooperative, Inc.",0
Walkington For Wisconsin,0
WV Racing Association,0
WV Citizens for Clean Elections,0
WV Citizen Action Group,0
WORLDZ,0
WNYC,0
Voters Decide,0
Vote Yes: Continuing Levy Committee,0
Vote Scott M. Renforth Jefferson County Auditor,0
Vote Elliott Pritt for House of Delegates,0
Voice of the Sea TV Series — Learning from experts across the ocean,0
Vericool Inc,0
"Valerie for CT, Analis Quintman, Treasurer. Approved by Valerie Horsley. · ",0
Utah Education Association Political Action Committee,0
"Upend, Inc. ",0
University of Minnesota School of Public Health,0
United Way of Greater New Haven,0
Unite Arizona,0
Unite America Inc.,0
Union Patriots,0
US Lending Marketplace,0
"UNITED FOOD AND COMMERCIAL WORKERS INTERNATIONAL UNION WORKING FAMILIES ADVOCACY PROJECT, 1775 K STREET, NW, WASHINGTON, DC 20006. NOT AUTHORIZED BY ANY CANDIDATE OR CANDIDATE’S COMMITTEE.",0
UCR,0
U.S. National Committee for UN Women,0
Tucker County Democratic Executive Commitee,0
Truthout,0
Trumpified News,0
TruOcean,0
"Travis Cummings, Republican, for State Representative",0
Transamerica Center for Health Studies,0
Trade for America,0
Traci Stephens,0
Torn Wires Limited Liability Company,0
Top Conservative Network,0
"Tony for Wisconsin. Connie Hutchison, Treasurer.",0
Tina Smith for Minnesota,0
Tiffany Willis,0
"ThoughtFull Enterprises, Inc.",0
Thomas W. Rodd and Friends of Blackwater,0
The committee to elect Dixie Moore,0
The Years Project,0
The Wise Conservative Show,0
The Wilderness Society,0
The Western Journal,0
The West Virginia Liberty Political Action Committee,0
The Vegan Vibe,0
The United Democratic Club,0
The Tucker County Democratic ExecutiveCommittee,0
The Straw Poll Report,0
The Rutherford Institute,0
"The Progressive Voice, a non-profit publication created for the furtherance of progressive causes and giving a voice to those underserved by our institutions and society writ large",0
The Pragmatic Libertarian,0
The Poor People's Campaign: A National Call for Moral Revival,0
The People's Government,0
The Other Side of Texas,0
The Office of Mayor Ted Wheeler ,0
The Niskanen Center,0
The New Data Project,0
The Nature Conservancy,0
The National Organization for the Reform of Marijuana Laws,0
The NEA Fund,0
The Maura Healey Committee,0
The Libertee Company,0
The Libertarian Coalition,0
The International Fellowship of Christians and Jews,0
"The Independent Republicans of Wyoming, a registered 501(c)(4). The Independent Republicans of Wyoming is not affiliated with any political campaign and this website was not authorized by any candidate or candidate's committee.",0
The Hunger Project,0
The Halfway Post,0
The Friends of John Dyce for State Representative,0
The Family Protection Association,0
The Epoch Times,0
The Dude's Designs,0
The Conservative Caucus Foundation,0
The Committee to Elect Tom Fredricks,0
The Committee to Elect Cathy Albro for Congress,0
The Committee To Elect Sam Brown,0
The Committee To Elect John Hardy,0
The Committee To Elect Dawn Barlow For Congress,0
The Committee To Elect Amber Hunt Sisco,0
The Committee For Ranked Choice Voting,0
The Colorado Way,0
The Collective PAC; not authorized by any candidate or any candidate's committee.,0
The Coalition to Help Families Struggling with Infertility,0
The Climate Reality Project,0
The Cardinal Institute for West Virginia Policy,0
The Campaign Fund of Kelly Smith,0
The Atlas Society,0
The American Gun Association ,0
The American Brief ,0
Terrell Ellis for Senate,0
Tera Salango for Circuit Judge,0
Team Lissa,0
Tea Party Patriots,0
Tax March,0
Tammy Baldwin for Senate,0
TZ Insurance Solutions,0
THE VOTE YES FOR LIBRARIES COMMITTEE,0
TAS Apparel,0
T Love Inc,0
Suzanne Domagala ,0
Susan Moran Palmer for Congress,0
"Susan L. McCollum, Candidate for Fairmont City Council, District 1",0
Susan B. Anthony List Education Fund,0
Surfrider Foundation Maui Chapter,0
Support The 2nd Amendment,0
SupChina,0
Students for Life of America,0
Stormey Primm for Coroner,0
Stephanie Murphy for Congress,0
Stennis Center for Public Service,0
State Senator Marty Knollenberg,0
Stanley Charles Kimer,0
Stand With Parkland,0
Stand Up America,0
Stabenow for U.S. Senate,0
Solar Rebates,0
Social Math Productions LLC,0
SoCal Daily Media,0
Snuffer for House,0
"Smyth4Flacc, PO Box 1221, Marion, VA 24354. Not authorized by any candidate or candidate's committee.",0
Smashbutton Media LLC,0
"Sitrep: China, LLC",0
Shireen for Congress,0
Shenandoah Valley Battlefields Foundation,0
Serve America Movement,0
Senior Lifestlye Improvement Inititive ,0
Senate Leadership Fund,0
Sean the Candidates for Liberty moderator,0
Sean Matthews,0
"Screamin Lemur, a Ballistic Rain Media Inc. Company",0
Science for Humans and Freedom Institute,0
Schwartz Center for Economic Policy Analysis,0
Scamazon,0
Savory Institute,0
Save the Turtles,0
Save the Redwoods League,0
Save the Children Action Network ,0
Sand Cloud,0
STEPHENS FOR WV SENATE,0
SOLAR ENERGY TODAY,0
SC Club for Growth,0
Ryan Hampton,0
Rustic Edge Marketing,0
Rufo for City Council,0
Rowsey for the House Campaign Committee,0
Rooted in Rights,0
Ron Hatfield,0
"Roman Stauffer, Associate Chairman, WVGOP",0
Roger Ford for Pike County Clerk,0
Roel Garcia,0
Robert Trimble for Anaheim City Council District 2 Campaign Committee,0
"Robert ""Bobby"" Olszewski, Republican for State House, District 44",0
Rob Wittman for Congress,0
Ro for Congress,0
Ritter for Commissioner,0
Right Call Media LLC,0
Ricky Moye Campaign Fund,0
"Rick Roth, Republican for Florida House of Representatives, District 85",0
Rick Green for Congress,0
Retirement Wealth Network,0
Republican Liberty Caucus,0
Regina Smith,0
Reese for State House 2018,0
Redneck Nation,0
Redmond School District,0
Recovery Advocacy Project ,0
Rebel Rampage,0
Reason To Believe PAC,0
Really American,0
Real Justice PAC and not authorized by any candidate or candidate's committee.,0
"Ray Martin, Non-Partisan, Lauderhill Commission, Seat #4",0
Ray Ash for HD-89,0
Ranker,0
Rainforest Action Network,0
Queen City Unity,0
Pyles For The House Committee,0
Public Service Proud,0
PubTalks,0
Proxymate Cause | Making our democracy better by helping passionate citizens reach out to their elected officials about the issues that matter most.,0
Proud Right Winger,0
Protect the House,0
Protect our Jefferson County,0
Prof.V.Randall,0
PrintedKicks,0
Premiere Collectibles,0
Pramila for Congress,0
"Political advertisement paid for and approved by Manny Diaz, Republican, for State Senate, District 36.",0
Ploughshares Fund,0
Pledge Red America,0
Planned Parenthood Votes Northwest and Hawaii,0
Planned Parenthood Federation of America,0
Planned Parenthood Action Fund.,0
Plan International USA,0
Pittsburgh Arts & Lectures,0
Phyllis Chesler,0
Phone2Action,0
Phil Diserio for WV House of Delegates,0
Pfizer,0
Pete King for Congress.,0
Personal Liberty,0
Paula Setser-Kissick for Kentucky Senate,0
Patriots for A Free America,0
Patriot Style,0
Patriot Powered Products and Publications,0
Patriot News Alerts ,0
Patriot Depot,0
Palzewicz For Wisconsin,0
Paleo Politico News,0
"Paid for by Seth Levy for District Attorney, Chris McCarthy Treasurer, P.O. Box 31, Brunswick, ME",0
"Paid for by Mantovani for STL, Tim Fogerty, Treasurer",0
Paid for by Friends of Patrick Martin,0
Paid for by Friends of Bibi,0
Paid for by Ellen Lee Zhou for Mayor 2018 FPPC #1400965,0
Page County Democratic Committee,0
PI Yoga Pants,0
PEACEbuttons,0
"PACRONYM. 611 Pennsylvania Ave SE #143 Washington, DC 20003. Not authorized by any candidate or candidate’s committee.",0
O’Connor for Congress,0
OuterGoods LLC,0
Out of Context Games LLC,0
Oscar Garcia for Fresno County Auditor-Controller 2018,0
Orvis,0
Organizing for Action,0
OpsLens. ,0
OpenTheBooks,0
Open Doors USA,0
Online Lenders Alliance,0
Online Carry Course,0
Old Glory Apparel,0
Ohio Valley Economic Coalition. ,0
Ocean Helper,0
Ocean Conservancy,0
Occupy Lafayette Park,0
OZY Media,0
OD Action,0
No Public Debt,0
No Nuclear Bailout,0
No Kid Hungry,0
NextGen Climate Action,0
NewsDriver,0
"New Spire Arts, Inc",0
Neal Simon for U.S. Senate,0
National Security Action,0
National School Walkout,0
National Geographic Society,0
National Farmers Union,0
National Committee to Preserve Social Security & Medicare,0
Nathan Berning,0
NRSC,0
NRDC,0
NRA,0
"NM Accountability Project PAC. Jeremy Sment, Treasurer",0
NIXON 2018,0
"NBCUniversal Media, LLC",0
My Faith Votes,0
"MoveOn.org Political Action, not authorized by any candidate or candidate's committee.",0
MoveOn.org Civic Action.,0
"Morrisey for Senate, Inc.",0
Morris 4 House,0
Moore for West Virginia,0
Mooney for Congress,0
Monroe County Democratic Executive Committee ,0
Monongalia County Democratic Executive Committee,0
Moms March for America,0
Moms Clean Air Force,0
Moe for Meigs,0
Modern Medicaid Alliance,0
"Mitchell Blatt, Political Columnist",0
"Missourians For Mike Cierpiot, Fran Baker Treasurer.",0
Mineral County Republican Executive Committee ,0
Military History Working Group at the Hoover Institution,0
Miley for WV,0
Mikie Sherrill for Congress,0
Mike Levin for Congress,0
Middle Class Voices,0
Michigan Leadership Committee. Not authorized by any candidate.,0
Mic,0
Metro Weekly,0
Mendelson for Chairman 2018,0
Melvin Kessler,0
Melissa Hubbard,0
"Melissa Howard, Republican, for Florida House of Representatives, District 73",0
Melanie Nutter for BART Board 2018,0
Meitiv for Montgomery,0
"McSally For Senate, Inc.",0
Matt Lynch For Judge,0
Matt Corbin for City Commissioner,0
Math4cure,0
MasterClass,0
Massoumi Web Holdings LLC,0
Mary J. Orange For Circuit Court Clerk,0
Martin Heinrich for Senate,0
"Marna Sanford, 455 McKinley View Dr., Fairbanks, AK 99712",0
Mark Uncapher,0
Mark Langfan,0
"Marin Crops, Inc",0
March of Dimes,0
"Marc Elrich for County Executive, Dale Tibbitts, Treasurer",0
Maple Heights African American Gazette,0
Main Street Investors Coalition,0
Mahoning Valley Jobs and Growth Coalition,0
MPower Change,0
MAST FOR CONGRESS,0
"MAGApreneur, INC.",0
MAGA Shop 2020,0
Live Nation Concerts,0
Liuba for Congress ,0
Litehouse Solutions,0
LifeZette Inc.,0
LifeDaily,0
Liberty Junkies,0
Libertarian Country,0
Liberal Drivel,0
Let Us Vote For A Balanced Budget Amendment Citizen's Campaign,0
LegalMatch,0
Lebowski Lovers,0
Learn Our History,0
Leadership Institute,0
Latino Tax Professionals Association,0
Las Vegas Newspaper,0
"Larry Hogan for Governor, R. Christopher Rosenthal, Treasurer",0
Lane for West Virginia,0
Lake County Gazette,0
Labiosa for Council,0
LaTisha Mitchell,0
LaRose for Ohio,0
LCV Victory Fund,0
L. W. Henderson,0
L. Svara,0
"Kristina M. Caudle, Treasurer, Citizens for Bernard Semler",0
Klean Kanteen,0
Kind for Congress,0
Kevin de León for U.S. Senate,0
Kevin Fisher for Murfreesboro City School Board,0
Kessler for WV,0
Kentucky Family Values,0
"Kengla for Hampshire County Commission, Dale Brady, Treasurer",0
Kelly Morrison for Minnesota House Committee PO Box 684 Wayzata MN 55391,0
Kaul for Attorney General,0
Katie Porter for Congress,0
Karl Dean for Governor,0
Kansas Values Institute,0
Kaniela Ing for Congress,0
Kanawha County Federation of Democratic Women,0
Kamala Harris for Senate,0
"Justine Gonzalez for LAUSD 2019, FPPC ID# Pending",0
Justin Schultz for Pottawattamie County,0
Justin Franich,0
Justin Fortner for Commonwealth Attorney,0
"Justice Democrats, not authorized by any candidate or candidate's committee.",0
Julienne D. Hensley,0
Julie Elliott,0
"Julie 2019, Kate Conetta treasurer.",0
Judd Cowan for State Representative,0
Josh Gottheimer for Congress,0
"Joseph Knapp, not authorized by any candidate or candidate's committee",0
"Joseph Barney PO Box 132 Swanton, VT 05488",0
"Jose Pepe Diaz for Miami-Dade County Commissioner, District 12",0
Jonathan Lewis for Congress 2018,0
Johnathan S. Perkins,0
John Upchurch for Congress,0
John Lowrance for Kansas State Representative,0
John Isner,0
John Dishwasher,0
Joe Messerli,0
Joe McBride for State Supreme Court Judge,0
Joe Kennedy for Congress.,0
Joe Jeffries for the People,0
Job Creators Network,0
Joan Greene for Congress,0
Jim Butler for West Virginia,0
Jill Larson-Vito for City Council,0
Jetties Bracelets,0
Jefferson County WV NAACP,0
Jefferson County Democratic Party,0
Jeff Toborg for Parker Town Council,0
Jeff Merkley for Oregon,0
Jeff Dove for Congress,0
Jeff Campbell,0
"Jeff Brandes, Republican, for State Senate",0
Javier Perez for Los Angeles Superior Court Judge,0
Jason McGinty,0
"Jamie Kiel Campaign 14696 Hwy 43, Russellville, AL 35653",0
"Jamie Ballinger for Senate, LaKenya Middlebrook, Treasurer",0
Jackson for Congress,0
Jack Dale,0
Jack Burkman,0
"JJ Peña Campaign, Eira M. Peña, Treasurer",0
JB Akers for Mayor,0
J Matthew Ash,0
It Starts Today and not authorized by any candidate or candidate committee.,0
Isaiah Knight,0
"Isaac Durrance for School Board of Highlands County, District 1",0
International Fund for Animal Welfare,0
International Association of Fire Fighters 4th District,0
Indivisible Project,0
Indivisible Action FL,0
Indivisible Action,0
Independent Women's Voice,0
InVidMe ,0
"Important, Not Important LLC",0
Ihlenfeld for Senate,0
IVYPAC,0
I Love My Freedom,0
Huru International,0
Human Rights Campaign,0
Howard Slugh,0
HowStuffWorks,0
HomeGrown Tees,0
Holler Creative Company LLC,0
Here for America,0
Heifer International,0
Healthcare for All Virginians,0
HeadCount,0
Haynes for House Committee,0
Harley Rouda for Congress,0
"Hanzlick for County Commission. Jay Lehnertz, Treasurer.",0
Hanna for House Committee,0
Hampton Institute,0
HIGHTOWER FOR ALABAMA,0
"HAWK Advisers, Inc. ",0
Guerrilla Warrior,0
Greg Palast,0
Greenpeace USA,0
"Great Schools Now, with major funding from Invest in Education. Not authorized by any candidate.",0
Giving Care ,0
Giving Brush LLC,0
Giffords.,0
Giffords PAC.,0
"Get Money Out - Maryland, an all-volunteer group seeking reforms so that so that all citizens have equal access to the ballot and an equal say in governance.",0
George Thomas Clark Page,0
Gavin Newsom for Governor,0
Gary Walker,0
Friends to Elect Fred Fox,0
Friends of the IDF,0
Friends of Stewart Greenleaf,0
Friends of Scooter Park for House 2018,0
Friends of Sammi Brown,0
"Friends of Sam Givhan, 100 Washington St., Huntsville, AL 35801",0
Friends of Randy Swartzmiller 2018,0
Friends of Paul Bradley,0
Friends of Mike Romano,0
"Friends of Michael A. Thomas, Authority of Annie Thomas, Treasurer.",0
"Friends of Melissa Atherholt, Erica Moore Treasurer",0
Friends of Maynard,0
Friends of Mark Pinsley,0
Friends of Marc Friedenberg,0
Friends of Linda Gross,0
Friends of Larry D. Kump,0
"Friends of Kathy Rogers; Stacey Rice, Treasurer",0
"Friends of Jonathan Porter; Brenden Carlson, Treasurer",0
"Friends of Jim Mathias. Donna Richardson West, Treasurer",0
Friends of Jerry Tucker,0
Friends of E.J. Conn,0
Friends of Derek Kent,0
Friends of Denyc Boles,0
Friends of Danielle Walker,0
Friends of Dana Nessel ,0
Friends of Dana Beyer,0
Friends of Dan Kildee,0
Friends of Christopher Suarez,0
Friends of Chris Murphy,0
Friends of Chezia Cager,0
"Friends of Camden Raynor, Melanie Raynor, Treasurer.",0
Friends of Bruce Johnson for State's Attorney,0
Friends of Bill Wooton,0
Friends for Stefanski,0
"Friends for Earl Robbins, Willie Wright, Treasurer",0
FreedomWorks for America. Not authorized by any candidate or candidate's committee.,0
FreedomWorks,0
Freedom United,0
Freedom Partners,0
Free To Choose Network,0
Frank Walker Law,0
Framed Tweets Inc,0
Focus on the Family,0
Florida Sheriff's Association,0
Florida Policy Institute ,0
Florida Policy Institute,0
Florida Conservation Campaign,0
Fire Ted Cruz PAC,0
Fipple,0
Finance Watch Dogs,0
Family Policy Alliance,0
Facts First LLC,0
Facebook,0
FWD.us,0
FRIENDS OF SCHUMER,0
FRIENDS OF RENEE HOAGENSON,0
Eye Heart World,0
"Equilibrium Management, LLC",0
"Equality Florida Action PAC, P.O. Box 13184, Saint Petersburg, FL 33733",0
Environmental Defense Fund,0
Environmental Defense Action Fund,0
Energy Nation,0
End Animal Cruelty Club,0
Emma Johnson,0
Emerging American Majorities,0
Elevate Ohio and not authorized by any candidate or candidate's committee,0
Elect Knecht for AZ Senate in LD 21,0
Elect Kayla Kessinger,0
Elect Kathy Hoffman for Superintendent,0
Elect Don Wilson to Palmdale Water District - Division 2,0
Elect Deborah Kafoury,0
Education Matters PAC,0
Eastern State Penitentiary,0
EMILY's List,0
E. Brian Rose,0
Doug Skaff for WV,0
Donald Trump Collectables,0
"Donald J. Trump for President, Inc.",0
"Donald J. Trump for President, Inc",0
Don Blankenship,0
DoSomething,0
Divided We Stand®️,0
Distractify,0
Dissent Pins,0
Digital Product Showcase,0
"Diana Arezzo, Ph.D., concerned private citizen, solely for the purpose of increasing post reach",0
Dennis Mihalsky,0
Democrats.com LLC,0
Democratic Climate Action – a project of the Democratic Governors Association.,0
Democracy Fund Voice.,0
Delano Lewis,0
Defending Democracy Together,0
Dean Obeidallah,0
Dayton Daily News,0
"David Trone For Congress, Inc. ",0
David Goloff PhD,0
Dave Yost for Ohio,0
Dane Eagle for State Representative. ,0
"Dan Toomey for NH State Representative; Kathy Toomey, Fiscal Agent",0
Dan Greear for Judge Committee,0
Dan David for Congress. ,0
Dale Kerns for Office,0
Dakota In The House 2018,0
"DSPolitical, LLC",0
DIANE FOR COLORADO CD3,0
DCCC,0
DAN KOHL FOR CONGRESS,0
DAN HAMILITON FOR CONGRESS,0
Curzio Research,0
"Crowdpac Inc., a certified B Corporation. Not authorized by any candidate or candidate committee.",0
Craig Lindon for State Representative,0
Corwyn Davis Campaign,0
Consumer Energy Alliance,0
Conservative Tribune,0
Conservative Daily News,0
ConocoPhillips Company,0
Connected Commerce Council (3C),0
Congressman Ken Buck,0
Concerned Citizens Of America,0
Concerned Citizen David Townsend,0
Concealed Online,0
"Community, Wealth, & Providence Party",0
Committee to elect Karl Bickel Sheriff,0
Committee to elect Carlos Walker,0
Committee to Re-Elect Billy Orgel,0
Committee to Elect Ty Nestor,0
Committee to Elect Theresa Jackson,0
Committee to Elect Tahirah Amatul-Wadud,0
Committee to Elect Rob Garcia for House,0
Committee to Elect Rob Davidson,0
Committee to Elect Richard Patrick,0
Committee to Elect Pam Snyder,0
Committee to Elect Marc Snyder,0
Committee to Elect Madhavi Venkatesan,0
Committee to Elect John Isner,0
"Committee to Elect Joan Carter Conway, Gerald Stinnette, Treasurer",0
Committee to Elect Clay Riley,0
Committee to Elect Chinita Allen for George House of Representatives District 44,0
Committee to Elect Charlesetta Wilson,0
Committee to Elect Brenden Long,0
"Committee to Elect Allan Kittleman; Bradley Myers, Treasurer",0
Committee to Elect Addie Jenne,0
Committee for Michelle McKissack,0
Come Back O,0
Coloradans For Victor Mitchell,0
Collins for SC House District 5,0
Cole for Nicholas County Commission Committee ,0
Climate Fest,0
Cliff Gephart,0
"Client First Insurance Solutions, LLC",0
"Clean Air Clean Energy Washington 4347 Roosevelt Way NE Seattle, WA 98105",0
Civic Shout,0
"Citizens for Wayne Keefer, Tracy Salvagno, Treasurer",0
"Citizens for Terrell Boston Smith, Joy Francis, Treasurer",0
Citizens for Patrick Windhorst,0
"Citizens for Mike Mooney, Myron Tranel, Treasurer",0
"Citizens for Michael Leptic.  Rebecca Galliher, Treasurer.",0
Citizens for Lt.Col. Marc King LD15,0
Citizens for Gary Howell,0
Citizens for Ben Carmitchel. Authorized by Ben Carmitchel,0
"Citizens United Super PAC, LLC",0
Citizens For Tom Basile,0
"Citizens For Steve Wollett. Authority, Robert Smith, Treasurer.",0
"Citizens Congress Inc., a 501 C4 non-partisan, non-profit organizetion registered in the state of Florida.",0
"Chuck Brannan, Republican for State Representative.",0
"Christopher Steven Jennison, Candidate for MCDCC District 19",0
Christopher M. Cross,0
Christians Taking Action for America,0
Christian Democrats of America,0
Christian Care Ministry,0
Chrissy Houlahan for Congress,0
Chris Pappas for Congress,0
Chet Long,0
Chesney for Illinois ,0
Chase For WV,0
Charlotte County Democratic Party,0
Charles Marshall,0
Chad Lovejoy,0
Chad Benson,0
Center for Progressive Urban Politics,0
Center for Community Change,0
"Cecilia Jones, Republican, for Walton County Commission District 2",0
Carter Turner for Delegate,0
Care2,0
Candidate,0
Campaign Fund For Vincent Gwin,0
Californians for Safe and Affordable Housing,0
"CTMT. David Desjardins, Treasurer. Approved by Kerry Wood.",0
CRTV,0
CREDO Mobile,0
CONCERNED WOMEN FOR AMERICA ,0
COALITION FOR MODERN WATER SYSTEMS,0
CLARKE TUCKER FOR CONGRESS,0
Byrd for Wyoming ,0
By: nick charles tilberg:,0
"By Authority: Maryland House Democratic Caucus Committee; Gail E. Smith, Treasurer. ",0
Build With Strength,0
Brut,0
Bruce J. Berger,0
BrightEarth,0
Bright for Congress,0
Brian Carroll,0
Brian Booth for Commissioner,0
Bredesen for Senate. Approved by Phil Bredesen.,0
Bredesen for Senate,0
Brady PAC,0
Boyer for Senate,0
Bottlepops USA,0
Bob Casey for Senate,0
Blue Wave Voters,0
Blue Media Project,0
Bill O'Reilly Staff,0
Bill Besser ,0
Big Bridge,0
Better Jobs NM,0
Beto for Texas,0
Berkeley County Democratic Executive Committee ,0
Becket Law,0
Beau for Congress,0
Be a Hero PAC. Not authorized by any candidate or candidate’s committee.,0
Battleraddle,0
Batman for Assembly,0
"Barnhart for Delegate, Stephanie Curran, Treasurer",0
Baria for Mississippi,0
Barby Frankenberry,0
Barbara Lee for Congress,0
"Barbara Cady, Democrat, for Florida House District 42.",0
AutoWise,0
"Authority: Friends of Judge Mark W Crooks, Treasurer: John Crooks",0
"Authority DelMonte For 1C, Charles Shelquist, Treasurer.",0
Association of Young Americans,0
Association for Accessible Medicines,0
Aspire Gear,0
Armed American Supply,0
Arlington Young Democrats,0
Arcane Treasures,0
Anti-Defamation League,0
Angry Buckeyes,0
Angie Craig for Congress,0
Andy Kim for Congress,0
Andrew Yang,0
"Andrew Gillum, Democrat, for Governor",0
Andrew Cuomo for Governor,0
"Andrea Lockhart, DDS (New Martinsville Dental)",0
Amy Fazio For PA,0
Ampersand Consulting,0
Americans for Legal Immigration,0
Americans for Freedom,0
Americans for Farmers and Families,0
Americans for Affordable Birth Control,0
Americans For Prosperity,0
American Heart Association,0
American Gas Association,0
American Bird Conservancy,0
American Beverage Association,0
America's Navy,0
"America First Policies, Inc.",0
America First Policies,0
Allied Progress Action,0
Alliance for a Better Minnesota Action Fund. Not Coordinated With Or Approved By Any Candidate Nor Is Any Candidate Responsible For It.,0
Alliance for a Better Minnesota,0
Alliance for Justice Action Campaign,0
Alliance for Justice,0
Alliance Defending Freedom,0
"Alex Heeren, Democrat, for Florida House District 66.",0
Alec Mento,0
African Wildlife Foundation,0
Advancing Florida Agriculture,0
Advance California,0
Addicted to Golf,0
Adam Schiff for Congress,0
Abolish Abortion PA,0
Abich Financial Services ,0
ALLIANCE OF AUTOMOBILE MANUFACTURERS,0
"AEF Media, LLC",0
ABC COMMITTEE,0
A.L. Moore ,0
"A freedom loving American Citizen exercising my natural law right, protected by the 1st Amendment and protected by the 2nd Amendment.",0
45th President Donald J. Trump,0
45 Hats,0
314 Action Fund,0
2atees1,0
12 Peers Theater,0
1199SEIU United Healthcare Workers East,0
#VoteTogether | A project of Civic Nation,0
#VoteTogether,0
,0
