NumbersUSA,500000
Judicial Crisis Network ,100000
"Friends of Al Jaeger, Stacy Walz, Treasurer",100000
Family Policy Alliance of North Dakota,100000
"MO Research, Inc.",99788
National Association of Home Builders. Not authorized by any candidate or candidate’s committee.,76518
the National Education Association,50000
regulated funds by Healthy and Productive North Dakota,50000
Women Speak Out PAC,50000
Ryan Rauschenberger for Tax Commissioner ,50000
Paid for by NRSC and not authorized by any candidate or candidate’s committee,50000
"Our Next America, Inc.",50000
Future in America,50000
Americans for Prosperity Foundation,19479
the Theodore Roosevelt Conservation Partnership,10000
the Opportunity Solutions Project,10000
the Economic Security Fund,10000
Wayne Stenehjem for Attorney General ,10000
The Faith and Freedom Coalition,10000
Seminary for Mayor,10000
Rich Mattern Re-election Campaign,10000
One Nation,10000
North Dakotans for Comprehensive Energy Solutions,10000
"North Dakota United, President Nick Archuleta",10000
"North Dakota Democratic-NPL Party, Warren Larson Chair",10000
News For America,10000
National Wildlife Federation Action Fund,10000
National Shooting Sports Foundation,10000
National Horizon. Not authorized by any candidate or candidate's committee.,10000
National Association of Manufacturers,10000
National Association of Home Builders. Not authorized by any candidate or candidate's committee.,10000
National Association for Gun Rights PAC,10000
Mihalick for Mayor,10000
McEvers for Justice,10000
"Mark Jantzer for Minot City Council, Nancy Wegenast Treasurer",10000
March For Life,10000
"Legalize ND. David Owen, Chair",10000
Judy Lee for Senate,10000
Job Creators Network,10000
Heidi for North Dakota,10000
Growth Energy.,10000
Friends of Ruth Buffalo,10000
Friends of Brian Kroshus,10000
Elsberry & Thomason for ND House,10000
"District 29 Republicans, Dayne Headland, Chair",10000
Demand Justice,10000
DISTRICT 5 REPUBLICANS,10000
Armstrong for Congress.,10000
Americans For Prosperity,10000
AARP North Dakota,10000
AARP ,10000
We Stand United Campaign,9504
Take Back Our Republic a C(3) non-profit educational organization ,7973
the Leadership Conference on Civil and Human Rights ,5000
"Vawnita Hovet Best, Candidate",5000
Paul Pitner,5000
Office of the First Lady,5000
"North Dakotans for Public Integrity, Inc. - Dina Butcher, Chair",5000
"National Shooting Sports Foundation, Inc.",5000
"Nancy Yon for State's Attorney Committee, Michelle Bredemeier, Treasurer",5000
NDMedCard,5000
Louser for House,5000
Lignite Energy Council,5000
League of Conservation Voters,5000
Lawrence King for School Board,5000
Jim Dotzenrod for Ag Commissioner Campaign,5000
Jason Dodge For Sheriff,5000
Holmberg For Senate,5000
Friends of Joshua Boschee,5000
"District 10 Republican Party - Lowell Thorson, Treasurer",5000
Christopher Votava and Supporters,5000
Canright for Sheriff,5000
Candidate,5000
Bee Maloney for Mandan City Commission,5000
Arlette Preston for City Commission,5000
#VoteTogether,5000
Priorities USA Action. Not authorized by any candidate or candidate's committee.,4996
The Center for Election Science,3994
Katie Hill for Congress,2596
Kongregate,2238
Peterson for Congress ,1948
2A4LIFELLC,1922
Kinder World,1640
Invisible Innocence,1394
NAACP Legal Defense Fund,1388
Senate Conservatives Action and not authorized by any candidate or candidate's committee.,1348
Family Research Council,1131
60 Plus Association,1064
NowThis,1048
New Democracy,1045
henry hutcheson,1000
Unseen,1000
U.S. Term Limits,1000
Thompson for Attorney General ,1000
The North Dakota Republican Party,1000
The Minuteman Blog,1000
The Leadership Conference on Civil and Human Rights ,1000
The Democratic Coalition,1000
The Coalition for Medicare Choices,1000
The American Cancer Society Cancer Action Network.,1000
Sunjeev Bery.,1000
Steven Strauss ,1000
Sierra Heitkamp for Senate,1000
Secure Energy Future,1000
"Schultz for State's Attorney, Scott Herslip, Treasurer",1000
"Schneider for Sheriff Committee, Erica Weisser,Treasurer",1000
Sabina McGarrahan Gasper for House,1000
Reform Fargo,1000
Protect Our Workers Earned Retirement,1000
Protect Our Care,1000
Priorities USA Action. (302) 469-3772. Not authorized by any candidate or candidate's committee.,1000
"Planned Parenthood Action Fund, 123 William St, NY NY 10038. Not authorized by any candidate or candidate's committee.",1000
Perry Miller for ND Senate,1000
Pamela Anderson for North Dakota House,1000
"Paid for by District 38 GOP - Steve Perry, Treasurer",1000
Occupy ,1000
"Oban for Senate. Grace Link, Chair.",1000
North Dakota Republican Party,1000
Nancy Guy for Bismarck City Commission,1000
ND District 23 Dem-NPL Candidates,1000
MomsRising Together,1000
"McEvers for Justice, Andrea Smith, Treasurer",1000
"Mark Jantzer For City Council, Nancy Wegenast Treasurer",1000
March For Our Lives,1000
Madison Rodgers for House,1000
Mac Schneider for North Dakota,1000
Lilie Schoenack,1000
Leben for Sheriff,1000
Kara Brinster,1000
"Johnsrud for Mayor | Justin Johnsrud, Candidate",1000
"Friends to Elect Haley - John Botsford, Treasurer",1000
Friends of Tim Hoye,1000
"Friends of Kylie Oversen, Arvin Kvasager, Chair",1000
"Friends of Darren Schmidt | Darren Schmidt, Candidate",1000
Friends of Bob Schwartz,1000
"Flakoll for Fargo, Jordan Stiefel Treasurer",1000
"Emineth for North Dakota, Andrea Toman, Treasurer",1000
"District 43, Dan Hinnenkamp, Treasurer",1000
"District 43, Dan Hinnenkamp - Treasurer",1000
District 21 Dem-NPL,1000
Dave Palermo,1000
Cramer for Senate,1000
Conservative Trust of America. Not authorized by any candidate or candidate’s committee. ,1000
Citizens for Responsible Government,1000
Carrie Leopold for ND,1000
"Candidate, R. Travis Brazelton for ND State Senate District 37",1000
Brandi Jude for Senate,1000
Ben Olson for District 43,1000
"Bakken for Bismarck, Brandon Lemer, Treasurer",1000
Association of Equipment Manufacturers,1000
American Center,1000
America Rising PAC,1000
"America First Action, Inc. Not authorized by any candidate or candidate's committee.",1000
Alliance for Justice,1000
Al Carlson for ND House District 41,1000
350 ,1000
Brian Johnson For Burleigh County State's Attorney,999
Sorvaag for Senate,984
Marlyce Wilder/Sieler,944
The Tuttle Rebuttal,929
Bridget Ertelt for ND House,929
"Friends of Monte Gaukler, Joel Schleicher Treasurer",906
Sebastian Ertelt,886
"Citizens For Johansen, Matt Johansen candidate",883
Supporters of Angela Urlacher,876
Cody Schulz,864
"Cass County Democratic-NPL, Chris McEwen, Chair",812
Friends of Ruth Buffalo ,783
"Minnesotans for Trust, Respect, Access",751
Kevin L. Campbell,633
CONCERNED WOMEN FOR AMERICA ,610
Prophecy News Watch,565
Consumer Alert Services,547
Citizens United,538
Levi Strauss & Co.,438
Patriot News Alerts ,426
Rich Meyer,401
"AAF Nation, LLC",400
Indivisible Action,390
Protect The Harvest,371
the ACLU,366
"Murphy for Minnesota, PO Box 40036, St. Paul, MN 55104",363
The Term Limit Revolution,347
Xcel Energy,344
"PETE SESSIONS FOR CONGRESS, STEVE HARGROVE, TREASURER",342
FreedomWorks,329
Friends of the Earth,296
Pfizer,287
ConocoPhillips Company,276
Webinar Technologies,268
"VOTE. Flaunt your power, vote this November & spread the message!",267
STAND FLAG POLES,266
Proud Americans Supply,262
Airbnb,262
Likewise,254
policetees,251
Charlie Kirk,245
American Public Transportation Association,244
Minnesota Ag Energy Alliance,241
Jonathan L. Green on his own behalf.,235
Positive Christian Purity,230
National Partnership for Women & Families,227
McNickle and friends for county auditor,225
Center for Biological Diversity,218
Joe Walsh,217
Rep. Dario Anselmo,212
Progressive Turnout Project,202
The Mackinac Center for Public Policy,197
Teflon Film LLC,192
Lemony Tree,192
"Jason for South Dakota; Use of military rank, job title, and photograph in uniform does not imply endorsement by the Department of Defense.",182
TBS Network,178
JIM NEWBERGER FOR UNITED STATES SENATE,170
"Goods Unite Us, Inc.",169
National Farmers Union,163
Republicans for the Rule of Law,157
National Education Association,157
"Anbex, Inc.",157
Giffords,155
Sutton for South Dakota,146
PETA,146
"the Committee to Save Idaho Horse Racing, Create Jobs, and Fund Public Schools",142
Friends of Bernie Sanders,138
Convention of States Action,133
FirstQuoteHealth,129
Link Media,128
Human Rights Campaign,128
Tidal,126
"Main Street Law Firm, PLLC",125
Cold Dead hands of America,121
Liker ,118
Greenpeace USA,117
Conservative Gear,113
People United for Privacy,111
Big Cat Rescue,111
"SicKophant Songs (a ragtag gaggle of Colorado Creatives with a passion for social justice, music, and HUMOR)",106
Cody Sunderland,102
Johnson for Governor,101
Coffman for Congress 2018,99
Tim Walz for Governor,98
Klobuchar for Minnesota,97
FreightWaves,89
"TTG, Inc",87
Friends of John Thune,87
NRDC,85
CIWF,85
Wine & Spirits Wholesalers of America,82
Planet Love Life,82
Amy for the People,80
Americans for Affordable Birth Control,78
Grunt Style,74
"Democratic Midterm Victory Fund, 777 S. Figueroa Street | Suite 4050 | Los Angeles Ca 90017. Not Authorized By Any Candidate Or Candidate's Committee.",70
Children International,70
Axios,69
"House Republican Campaign Committee, Inc., Eddy Justice, Treasurer.",67
"Great American Era, LLC",67
Nancy Robbinson for Orange County School Board Chair (Nonpartisan),66
Hulu,62
Western Carolina University,61
Nine Line Apparel,58
Keep and Bear,58
United Moms,56
YouGov,55
STARZ Shows,53
Likewise Media,53
Painter Minnesota,52
NationSwell,52
WCS,50
Utah Diné Bikéyah,50
News Procession,49
Blue Lives Matter,49
Diversity Incorporated,48
"ClearPath Action, Inc. Not authorized by any candidate or candidate's committee.",48
Tamara St. John for District 1 House of Representatives,47
"Freedom Watch, Inc.",47
Connect Americans Now.,47
Travis Grantham for AZ House LD12,46
For Our Future (ForOurFuturePAC.org). Not authorized by any candidate or candidate’s agent or committee.,46
"Citizens to Elect Steve Schuh; Daria Shaw, Treasurer",46
Matt Piña for Texas Land Commission Campaign,45
Donald J. Trump - online store for Trump/Pence merchandise and campaign collectibles.,45
TalkPoverty,44
the National Council on Aging,43
Proud American Supply,43
Mayes Middleton for State Representative,42
Nuclear Matters,41
Bill O'Reilly Staff,41
" Miller & James, LLP",41
The Western Journal,40
Live Action,39
Warrior 12,38
Sand Cloud,37
Henry Holt and Company,37
Flaccavento for Congress,37
"Friends of Abdullah Hammoud. PO BOX 2719, Dearborn, MI 48123",36
Coalition of Minnesota Businesses,36
Tactical Pro Supply,35
Military Spouse,35
Carol Moses for Madera County  Superior Court Judge FPPC#1401522,35
Alan R. Ostergren for Muscatine County Attorney,35
"Swanson For Liberty, P.O. Box 20562, Billings, MT 59104",34
Shatterproof,34
"Resurgent Media, LLC",34
"Reform Austin, Inc. ",34
Paramount Network,34
Cato Institute,34
Bill & Melinda Gates Foundation,34
the Friends of Jess King,33
"Sky Took, LLC",33
RepublicEn,33
Illinois Family Institute,33
Shareblue Media,32
Reform Austin Inc.,32
"All electoral content on this account is prepared by the SEIU Minn State Council Political Fund, 2233 University Ave W, #422, St. Paul, MN 55114, as an independent expenditure, and is not approved by any candidate nor is any candidate responsible for its content.",32
Your Trump Shop,31
Unite America Inc.,31
Ted Cruz for Senate,31
PragerU ,31
"OAF Nation, Inc",31
Jack Miller Down to Business,31
AutoWise,31
the admins,30
the DSC Foundation,30
and Authorized by  Andrew Janz for Congress.,30
Subject Politics LLC,30
Power of Minnesota,30
"Marin Crops, LLC",30
Hawkins for US Senate,30
Haeder for SD State Treasurer ,30
Turning Point USA,29
The Brookings Institution,29
Right Wing News ,29
"Representative Ami Bera, M.D.",29
Central Florida Post,29
2A4LIFE LLC,29
Yale Program on Climate Change Communication,28
Service Employees International Union,28
R Vincent Warde,28
KWTV News 9,28
Federal Voting Assistance Program,28
"Faith in Minnesota Fund, 2356 University Ave W St. Paul, MN",28
End Citizens United Nonfederal,28
Digitize.Life,28
Chris4Arizona. Authorized by Christine Marsh.,28
the National Network of Abortion Funds,27
"Tim Bjorkman for South Dakota, Dr. Tom Ortman, Treas.",27
"Stephenson for House, P.O. Box 222, Champlin, MN 55316",27
MFV,27
Better Medicare Alliance,27
the United States Holocaust Memorial Museum ,26
USPS,26
National Geographic Society,26
Media Research Center,26
Conservative Institute,26
Coalition for Humane Immigrant Rights ,26
C-SPAN,26
Alpha Elite,26
"Zya, Inc. ",25
Tom Steyer,25
The Refugee Center Online,25
Liberty Digest,25
Huffman for Congress,25
Fight the New Drug,25
Colion Noir,25
The Ripon Society,24
The Christian Left,24
The Centennial Institute,24
Svonkin for Board of Equalization 2018,24
RepresentUs,24
National Park Foundation,24
MN 7th Congressional District DFL,24
Chad Benson,24
Airline Passengers for Justice,24
the Committee to Elect Paul Walker,23
"The Commonwealth Fund, a nonpartisan organization",23
Sinclair Broadcast Group,23
"Ron DeSantis, Republican, for Governor. ",23
Primary The Ruling Class Political Action Committee,23
Organization United for Respect,23
Medicare for All. Not authorized by any candidate or candidate committee.,23
DrugJustice,23
BeyondBasic10,23
"ASMDSS, Inc",23
"and prepared by the Committee to elect Elliott Nickell, 445 Minnesota Street, Suite 1500, Saint Paul, MN 55101.",22
UPROXX,22
Pigeon Media USA,22
National Constitution Center ,22
I Love My Freedom,22
Hope4Orcas,22
Global Climate Action Summit,22
Conservative Tribune,22
Clarion Project,22
the Trump Make America Great Again Committee,21
The Collective PAC; not authorized by any candidate or any candidate's committee.,21
"Romney for Utah, Inc.",21
Randy Bryce for Congress,21
Harley Rouda for Congress,21
Gillibrand for Senate,21
EveryLibrary | FEIN 46-1534149,21
Earth,21
Soi Dog Foundation,20
Smart Customer,20
Sierra Club,20
Ringelstein For Maine,20
Portfolio Books,20
National Committee to Preserve Social Security & Medicare,20
Jennifer Hofmann,20
Jack Johnson for State Senate,20
GZERO Media,20
Blue Fox Entertainment,20
Alliance Defending Freedom,20
Udall for Us All,19
TheBlaze,19
Political App,19
Omar Navarro for Congress,19
NextTribe ,19
Kialo,19
Conservative Investor Daily,19
Axios Partner,19
" John James for Senate, inc.",19
Wake Up World & Smell The Coffee,18
Let Africa Live,18
LeadingResponse,18
FRIENDS OF SCOTT WALKER,18
Doctors Without Borders/Médecins Sans Frontières (MSF),18
David Carlucci for New York ,18
CARE Action,18
The Markey Committee,17
NatureServe,17
Hillel International,17
"Friends of Adam Schwadron, Andrew Westerfeld - Treasurer",17
Foundation for Economic Education,17
FWD.us Education Fund,17
ExxonMobil,17
Emerson College Polling,17
Delivered Digital Marketing,17
the Organization of Iranian American Communities - OIAC,16
Women United Now,16
Vericool Inc,16
UltimateStraw,16
The Alliance for Solar Choice,16
TYT Network,16
Patty Murray for Senate,16
Omaze,16
Lebowski Lovers,16
"Leapyear, inc",16
Fred Arnett for Justice of the Peace,16
FRIENDS OF RENEE HOAGENSON,16
Andrew Janz for Congress,16
Roy Zimmerman,15
Restore the Mississippi River Delta,15
News For Democracy,15
Mary Barzee Flores for Congress,15
Kirsten Kennedy for Congress,15
Friends of Dan Kildee,15
"Florida 32BJ United American Dream Fund, 1313 NW 36th Street Suite 501 Miami, FL 33142. Independently of Any Candidate. No Candidate Has Approved This Ad.",15
Financial Security Today,15
Cathy Costello for Labor Commissioner,15
Adam Schiff for Congress,15
the Environmental Working Group,14
the Democratic Legislative Campaign Committee,14
Veterans Education Success,14
Thrasher Coffee,14
The American Gun Association ,14
Scamazon,14
Right Now MN,14
Rene Lopez for Chandler,14
Raintree Media Group,14
Public Citizen,14
"Political advertisement paid for and approved by Bridget Ziegler for Sarasota County School Board, District 1",14
O’Connor for Congress,14
Linsey Fagan for TX 26 ,14
Larry Cook,14
Job Creators Network (“JCN”),14
IVN News,14
Housley for Senate Committee,14
"Elect Price Harris, Naser Fazlullah, Treasurer",14
Bryan Zilonis,14
Barbara Lee for Congress,14
Animal Matters,14
the National Committee on U.S.-China Relations,13
"the Keith Ellison for Attorney General committee, PO Box 80824, Minneapolis, MN 55408",13
The Nib,13
The Heritage Foundation ,13
Stabenow for U.S. Senate,13
Rooted in Rights,13
National Association of Home Builders,13
Michigan Leadership Committee. Not authorized by any candidate.,13
HuruPembe,13
DeliverFund ,13
"Call to Activism, Inc.",13
Sandy Hook Promise,12
Rushing for State Representative,12
Republican Liberty Caucus,12
Morris for New Mexico,12
Liberty Watch Magazine,12
Let Us Vote For A Balanced Budget Amendment Citizen's Campaign,12
Human Coalition,12
Friends of Sherrod Brown,12
Dodson for Senate – Wyoming First,12
Diehl for U.S. Senate,12
American Center for Law and Justice,12
 Great Lakes Education Project,12
Tim D'Annunzio,11
The Welcome. Campaign,11
The Poor People's Campaign: A National Call for Moral Revival,11
The Arena PAC,11
Save The Storks,11
Rock Steady Ecommerce,11
Real Justice PAC and not authorized by any candidate or candidate's committee.,11
Paul Moya For Congress,11
"ODonell for Missouri.com, Walt Bivins, Treasurer",11
Mike Sax,11
Johnson For Governor,11
Ian Todd for Congress,11
Generation 180,11
Discover Charter Schools,11
CREDO Mobile,11
American Wild Horse Campaign,11
American Family Voices,11
UNICEF USA,10
"Political advertisement paid for and approved by the Committee to Elect Adam Pollack Circuit Judge, Group 24",10
New American Leaders,10
Kristina Daley Roegner for Ohio,10
Indivisible Project,10
"Good Jobs Colorado; Donna Johnson, Registered Agent; Not Authorized by Any Candidate",10
Glisson for Congress,10
FreeLaura2018,10
End Citizens United,10
"DAGA, democraticags.org, not authorized by any federal, state, or local candidate or candidate’s committee.",10
Colorado Values Project,10
Coalition to Regulate Marijuana Like Alcohol,10
Carbonated TV,10
Be a Hero PAC,10
Anybody Seen My Slippers ?,10
"30x30, FF&L",10
the National Democratic Redistricting Committee,9
Working Families Party,9
The Winning Patriot Shop,9
Stand (EIN: 94-3331587),9
Seth Moulton for Congress,9
Rep. Kevin McCarthy,9
Priority Arizona,9
Kinetic Affect,9
Jim Bradley for Salt Lake County Council,9
International Rescue Committee,9
Everytown for Gun Safety Support Fund,9
Dan Manick for St. Louis County Commissioner ,9
Beto for Texas,9
Ben & Jerry's,9
Askov Finlayson,9
Ammar Campa-Najjar for Congress.,9
Aftab for Ohio,9
AIPAC,9
314 Action Fund,9
the Progressive Change Campaign Committee PAC (BoldProgressives.org) and not authorized by any candidate or candidate's committee. Contributions to the PCCC are not deductible as charitable contributions for federal income tax purposes.,8
the Physicians Committee for Responsible Medicine,8
Wyoming Progress,8
The Republican Party of Sarasota County,8
The Future of Nursing: Campaign for Action ,8
Sal Peer,8
No Kid Hungry,8
Jesse Colvin for Congress,8
"J Street, the political home for pro-Israel, pro-peace Americans.",8
Holden 2018,8
Comedy Central,8
"Brian McClendon for Kansas Committee, Sandy Praeger, Treasurer.",8
Beau for Congress,8
American Medical Association,8
Washington Education Association   ,7
The Southern Environmental Law Center ,7
"The Impact Fund, a Public Charity, dedicated to supporting strategic litigation to advance economic, environmental, and social justice for marginalized communities.",7
"Status Coup, LLC",7
State Treasurer Chris Lowry,7
Sharice for Congress,7
Save Animals Facing Extinction,7
Quigley for Congress,7
"Political advertisement, paid for and approved by Joe Gruters, Republican for Florida State Senate, District 23",7
"Melanie for New Mexico. Donna Lockner, Treasurer.",7
Kaniela Ing for Congress,7
Judi Jackson Reiss,7
Jackson for Congress,7
Gena Lofton,7
Committee to Elect Jennifer Harris to Fullerton School Board,7
Charles Payne W Street,7
Brave Response,7
Aldis Browne,7
the National Democratic Training Committee,6
"Yes on Measure N – Committee for Housing Recovery, Resiliency and Affordability, a Coalition of First Responders, Teachers, Seniors, Families and Business Leaders – FPPC I.D. #1403348  ",6
Welcome.us,6
Trifecta Shirts,6
Tina Smith for Minnesota,6
Tim Ryan for Congress,6
The Ohio House Democratic Caucus,6
The Daily Wire,6
The #News,6
Tee Shirt Palace,6
Shot Glass of History,6
Rustic Edge Marketing,6
Rick Neal for Congress,6
"MoveOn.org Political Action, pol.moveon.org, not authorized by any candidate or candidate's committee.",6
Matt Hall for Mayor 2018,6
"LPAC, not authorized by any candidate or candidate's committee.",6
"Kansans for a Democratic House, Adam Lusker, Treasurer",6
Joe Kennedy for Congress.,6
House of Patriots,6
"Ginny Klevorn for State Representative, 4755 Kingsview Ln N, Plymouth, MN 55446.",6
Friends of Adrian Plank,6
"Elect Tanisha Harris (D), PO Box 872514, Vancouver, WA 98687",6
"Democrats for Congress/ John Dupont, Treasurer",6
Carl Carter for Alabama Senate 11,6
Baaz,6
the National Propane Gas Association,5
the National Center for Transgender Equality Action Fund,5
The Rutherford Institute,5
Sevigny for Congress,5
Rev. Dr. Chuck Currie,5
Publishing Company,5
Proud Right Winger,5
Preston Worley for 7th District Council,5
Pew Research Center,5
Patriot Style,5
Patriot Powered Products and Publications,5
Original Gun Oil,5
"NBCUniversal Media, LLC",5
My Faith Votes,5
Mountain Journal,5
Military Tees,5
Joe Cunningham For Congress,5
Giffords PAC.,5
Friends of Nicole Miller for HD82,5
Friends of Cheryl Baber 2018,5
Friends of Bruce Johnson for State's Attorney,5
Fossil Rim Wildlife Center,5
Enbridge Line 3,5
Cynthia for Government USA,5
Committee to re-elect Chief Chris Wilrye,5
Colorado Liberty PAC,5
Color Of Change,5
Clint Townsend,5
Christian Care Ministry,5
Center for Reproductive Rights,5
"Caroline Self for Senate, PO Box 714, Florence, AL 35631",5
Carmen Chu for Assessor 2018 FPPC# 1398053,5
Bloomberg Philanthropies,5
Authentic American Tees,5
Arthur Winter,5
Alyse Galvin,5
Addicted to Golf,5
#ProjectRedTX and not authorized by any candidate or candidate’s committee,5
the Committee to Elect Dan Koh,4
the Center for Immigration Studies,4
"and Authorized by Maryland Democratic Senate Caucus Committee; Patricia L. Horton, Treasurer",4
World Food Program USA,4
WeThePeopleHolsters ,4
We Are The Mighty,4
UsAgainstAlzheimer's,4
U.S. National Committee for UN Women,4
"Tony for Wisconsin. Connie Hutchison, Treasurer.",4
The Meanest Woman Alive LLC,4
The Family Protection Association,4
The Committee to Elect Alessandra Biaggi,4
The Burkean Conservative,4
The Atlas Society,4
Students for Life of America,4
Stop The Wall,4
Sentinel Books,4
Ross Township Republican Committee,4
Right Now USA,4
Recirculating Farms Coalition,4
Really American,4
Raybould for US Senate,4
"Public Land, Public Benefit, No on E, Yes on G, a coalition of San Diego taxpayers, community planners, local business, and education, park and environmental advocates. Committee major funding from H.G. Fenton Company and Sudberry Properties.",4
Proxy Vote,4
"Philip Levine, Democrat, for Governor",4
Patriot Depot,4
"Patients for Affordable Drugs, Inc.",4
"Paid by Tommy Gregory, Republican, for State Representative",4
Outside The Box Software,4
Ohio AFL CIO,4
Norm Novitsky,4
News and News,4
Ned for CT. Richard Smith Treasurer. Approved by Ned Lamont.,4
Mountain State Values.,4
"Morrisey for Senate, Inc.",4
Monheit Marketing,4
Mic,4
"Merrill 2018, Holly Bates, Treasurer.  Approved by Denise W. Merrill, Candidate.",4
Marilyn Brown for NC House,4
LifeDaily,4
Larry Sharpe for Governor,4
"Kasich for America, not authorized by any candidate or candidate's committee.",4
Jordan B. Rickards,4
Humane Society International,4
Hughes for Congress,4
Gell,4
Friends of Jahana Hayes,4
Friends of Dan Schwartz,4
Freedom for All Americans,4
Florida Senatorial Campaign Committee,4
Florida Jobs PAC,4
Elizabeth Pannill Fletcher for Congress,4
"EMILY's List, www.emilyslist.org, and not authorized by any candidate or candidate's committee.",4
EFB Advocacy,4
Diversity Incorporated ,4
Defenders of Wildlife,4
"David Smith, Republican, for State Representative",4
Cort Vanostran for Congress,4
Conor Lamb for Congress,4
Concerned Citizen David Townsend,4
Committee to Elect Richard Ojeda,4
Citizen Action of New York,4
"Chris Meier for 34th Assembly, Kate Rahimzadeh, Treasurer",4
Bruce J. Berger,4
Brand New Films LLC,4
1st Amendment Partnership,4
the National Mining Association,3
the John Quincy Adams Society,3
"the Greater Wisconsin Political Fund, not authorized by any candidate or candidate’s agent or committee. ",3
getVokl,3
WomenStrong International,3
West Virginia Democratic Party,3
VICELAND,3
Truth In Between,3
TruOcean,3
Tiffany Willis,3
The Vegan Vibe,3
The Rights Party,3
The Presidential Coalition,3
The National Memo,3
The Committee For Ranked Choice Voting,3
"The Christian Broadcasting Network, Inc.",3
Tax March,3
"Tactical Air USA, LLC",3
THE REPUBLICAN PARTY OF KENTUCKY. NOT AUTHORIZED BY ANY CANDIDATE OR CANDIDATE COMMITTEE. 502.875.5130,3
Sunday Gover For Assembly 2018,3
Sonja Trauss for Supervisor 2018 FPPC #1397772,3
SEIU,3
RedBlueTracker,3
Red Arrow Media,3
Ranker,3
Rabbi-Shmuly Yanklowitz ,3
Presidential Collectibles LLC,3
Penzeys,3
Pantsuit Nation Action,3
OZY Media,3
No Labels. Not Authorized by Any Candidate or Candidate Committee.,3
National Clean Energy Week ,3
National Audubon Society,3
NRDC Action Fund,3
"Mothers Against Police Brutality, Inc.",3
Michael VIncitorio,3
Metro Weekly,3
"Matt Willhite, Democrat for Florida House",3
Matt Reel for Congress,3
"Marathon Productions, LLC",3
LGBTQ Victory Fund ,3
John McCann for Congress.,3
John Boccieri for Ohio Committee,3
"Joe Shirley, Jr., for President 2018",3
Issue One,3
Institute for Systems Biology,3
Independent Women's Voice,3
I Love My Freedom ,3
HeadCount,3
Groundswell Movement,3
Gold Asset Information Group,3
Giving Brush LLC,3
Giffords PAC,3
FuzzWeb,3
"Friends of Terry Scott.  Terry Scott is a retired member of the US Navy and the Army National Guard.  Use of his photograph in uniform does not imply endorsements by the US Navy, Army National Guard, or Dept of Defense.",3
Friends of Louise Valentine,3
Friends of Jerry Alexander,3
Friends of Ed Soliday Committee,3
Friends of Amanda Fiedler; Samuel Long Treasurer,3
"Freedom Road, LLC",3
Flanders for U.S. Senate,3
Fix the Court,3
End Animal Cruelty Club,3
Elsen for City Council Committee,3
Elisabeth Luntz,3
"Education Minnesota, Faith in Minnesota, and SEIU Minnesota. ",3
Donald Trump's Amerika Facebook Group,3
"Donald B Mayhew FSR; Donald B Mayhew, Treasurer",3
Democratic Action.,3
Defend US PAC,3
Debbie Warner for House,3
David Richardson for Congress,3
Dan Iman for Oceanside Unified School Board District 1 - 2018,3
"Cracked, who does not endorse any political party",3
Concealed Online,3
Concealed Club,3
Committee to Elect Tahirah Amatul-Wadud,3
Committee to Elect Scott Cepicky- Treasurer Beverly Simmons,3
"Committee to Elect Jason Chipman, Elane Chipman Treasurer",3
Citizen Education,3
Christian Democrats of America,3
Chet Long,3
Care Net,3
CARE,3
Boredom Therapy LLC,3
Arts & Culture Coalition of Pierce County,3
Aronoff for Congress,3
Apex Clean Energy,3
Andrew Cuomo for Governor,3
Amy Spetner Doughty,3
"AEF Media, LLC",3
"4Ocean, LLC",3
the Wisconsin Alliance for Women's Health,2
"the House Victory Committee | Ashley Manlove, Treasurer ",2
the Democratic Governors Association.,2
the Committee to Repair our Roads and Reduce Traffic - Yes on G 2018 - FPPC # 1385033,2
the Archdiocese of New York,2
the American Cancer Society Cancer Action Network.,2
"by GroundUp. Not authorized by any campaign, committee, or PAC.",2
Yale Climate Connections,2
World Relief,2
Working Families Supporting Mike Eng for Senate 2018,2
WV Future PAC,2
"Votesane LLC, a nonpartisan US political marketplace listing ALL federal candidates.",2
"VENEKLASEN FOR OUR FUTURE. DON DEVITO, TREASURER",2
University of Michigan,2
Union of Concerned Scientists,2
Truthout,2
"Tracye Polson, Democrat, For Florida House, District 15",2
The Years Project,2
The Gaia Project for Women's Leadership,2
The Foundation for Constitutional Government,2
"The Committee to Elect Donzel Leggett for State House,  P.O. Box 461, Chaska, MN 55318",2
"The Coalition for a Better Illinois 6th (CBIL6), a network of grassroots groups across the 6th Congressional District of Illinois who share a core set of values based on the beliefs that people in the United States deserve equal and fair treatment and that a successful democracy requires an informed and engaged public.",2
Tammy Baldwin for Senate,2
T-Mobile,2
"Stewart for Senate, Inc. ",2
Stand With Parkland,2
ScriptSave WellRx,2
Scott Taylor for US Congress,2
Run for Something PAC,2
Ruby Corby-O'Neill for Congress,2
Right Call Media,2
Restoration PAC,2
Ramsey for Clarke County Attorney,2
Public Integrity Alliance,2
Prompt Media,2
Promote Oregon Leadership PAC,2
Planned Parenthood Federation of America,2
Plan International USA,2
Patients For Affordable Drugs Action and not authorized by any candidate or candidate’s committee.,2
Partnership for Oregon Communities,2
"Paid for the by the Working Families Party National IE Committee, Mike Boland Treasurer, 1 Metrotech Center North, 11th Floor, Brooklyn, New York. Not authorized by any candidate or candidate’s committee. ",2
Paid for by Living Wage for Educators and United Educators of San Francisco - Yes on G. ,2
Ocean Helper,2
"ORMAN FOR KANSAS, INC; TIM OWENS, TREASURER",2
NoTaxForTracks.com,2
No on Proposition 8: Stop the Dangerous Dialysis Proposition,2
"No Plan, No Accountability, No on Prop C",2
Nissi Worldwide,2
New York State SRCC,2
National Media Distribution Services,2
NTK Network,2
NRA,2
"MoveOn.org Political Action, not authorized by any candidate or candidate's committee.",2
Miller for Georgia Inc,2
Mike Levin for Congress,2
Michael Belosky,2
"McCulloch For County Prosecutor Committee, Irene Yu, Treasurer",2
McCaskill for Missouri,2
Matthew Lee,2
Matt Zerrusen,2
MJ for Texas,2
"Left Over Rights LLC, an independent grassroots movement that receives absolutely zero funding from any political entity  ",2
Leadership Institute,2
Land Stewardship Project,2
LaRose for Ohio,2
LCV Victory Fund,2
Keystone Energy Efficiency Alliance (KEEA),2
Kentucky Tomorrow. Not Authorized by any candidate or candidate’s committee.,2
Kelly Bodner,2
Junk Box Entertainment LLC,2
Joe Bisaccia for AZ. Authorized by Joe Bisaccia,2
"Jesse O'Hara, 2533 Snowy Plover Dr. Lakeland, FL. 33810",2
Jefferson Shreve,2
"Jay Inslee for Washington (D) PO BOX 21067 Seattle, WA 98111",2
Janet Garrett for Congress,2
JVMI,2
JB for Governor,2
"Important, Not Important LLC",2
Human Rights Campaign PAC,2
House Majority PAC. Not authorized by any candidate or candidate's committee.,2
Home Improvement Deal,2
"Giffords, a section 501(c)(4) issue advocacy organization, and Giffords PAC, a federal political committee. Not authorized by any candidate or candidate's committee.",2
"Giangrande for Senate; Philip Liotta, Treasurer",2
Gathering Together,2
Gary Siegwarth,2
Friends of Todd Stephens,2
Friends of Sylvia Hammond (D),2
Friends of Stan Sniff 2018,2
"Friends of Pinky Vargas (D) PO Box 3106, Bellingham, WA, 98227",2
Friends of Linda Gross,2
Friends of Kevin Christophel,2
Friends of Denyc Boles,2
Friends of Dana Nessel ,2
"Friends Of Elijah Haahr, Trevor Crist Treasurer.",2
Forward With Flynn,2
Faso for Congress,2
Fake News Writer (a political satire series),2
Faith in Minnesota Fund,2
FWD.us,2
Eric Rutherford for HD 33,2
Environmental Defense Fund,2
Emerging American Majorities,2
Elizabeth for MA,2
Dusk to Dusk,2
Donald Trump Dog Poop Bags,2
Donald Trump Collectables,2
Don't Slack,2
DoSomething,2
Dettelbach for Ohio,2
Deb Haaland for Congress.,2
Dan David for Congress. ,2
DC Statesman,2
Conservative Daily,2
Conservation Colorado,2
Committee to Elect Terri Mitko ,2
Committee to Elect Rob Davidson,2
Colorado Information Network,2
Coastal Tees,2
Church Life Journal,2
Change The Date Sarasota,2
Change Now and not authorized by any candidate or candidate’s committee.,2
Catholic Relief Services,2
Cardozo School of Law,2
Cannabis News Update,2
Bryce for State Senate,2
"Broward Teachers Union Committee on Public Education, 6000 N. University Dr., Tamarac, FL 33321 independently of any candidate.  No candidate has approved this advertisement",2
Bredesen for Senate,2
Boyer for Senate,2
Blue Wave Rising,2
Bilirakis for Congress,2
Be a Hero PAC. Not authorized by any candidate or candidate’s committee.,2
Authority Fredericks for Maryland; Fay Fredericks Treasurer,2
Andrés for Arizona // Authorized by Andrés Cano,2
"Andrew Gillum, Democrat, for Governor",2
American Heart Association,2
America's Navy,2
America Fighting Back PAC,2
"Alan Maio, Republican, for Sarasota County Commission.",2
Access Fund,2
2atees1,2
the committee to re-elect LaToya Cantrell,1
the Public Sector Union Alliance,1
the Paulette Jordan Campaign,1
the North Carolina Democratic Party and Bobbie Richardson for NC House.,1
"the KRAUT FOR WESTPORT Committee, Gabriel Sasson, Treasurer. Approved by Greg Kraut.",1
the Iowa Democratic Party,1
the Florida Democratic Party. Not authorized by any candidate or candidate's committee.,1
the Committee to Elect Tammy Savoie,1
the Committee to Elect Rachael Rollins,1
"mitú, Inc.",1
and authorized by Run Aaron Run & Aaron Chadbourne,1
"and approved in advance by  Linda Marie Leali, non-partisan for Broward Circuit Court Judge, Group 38. ",1
World Mercury Project,1
World Animal Protection,1
"Working Assets Funding Service, Inc. on behalf of itself and its affiliate, Credo Mobile, Inc.",1
"Working Assets Funding Service, Inc. on behalf of itself and its affiliate, CREDO Mobile, Inc.",1
Women's Earth and Climate Action Network (WECAN) International,1
"Winning for Women, Inc.",1
Wayne Long,1
Washington State Democratic Party,1
W.K. Kellogg Foundation,1
"Voters Not Politicians | PO Box 8362 Grand Rapids, MI 49518",1
Varghese & Associates P.C.,1
United We Dream Action,1
USA for UNHCR,1
US Lending Marketplace,1
Topic,1
"To Be Fair, Inc. ",1
Tina Davis for Senate,1
Timothy Jeffries for Arizona Senate. Approved by Timothy Jeffries for Arizona Senate.,1
The Surfrider Foundation,1
The People's Trumpet LLC,1
The New Data Project,1
"The Committee to Elect Steve Butz, Ted Hartzler, Treasurer",1
The Committee to Elect Erin Kelley,1
The Committee to Elect David McCarty,1
Teamsters Joint Council 10,1
Taxpayers for Jim Nielsen - Senate 2018,1
TAS Apparel,1
Sudan Relief Fund Inc.,1
"Strong Economy for All, a fiscally sponsored project of Center for Popular Democracy",1
Strasson Group,1
SoCal Daily Media,1
Shout Your Abortion,1
Seven Wonders Imports,1
Serve America PAC,1
"Scott Dianda for State Senate, PO Box 81, Calumet, MI 49913",1
Sarasota Citizen Martin Hyde,1
SameSide,1
Salazar for State Senate,1
"SMP, and not authorized by any candidate or candidate’s committee.",1
Rosen for Nevada,1
Rita Lucido for Texas Senate,1
"Richard W Cronshey, candidate for Hays County Commissioner, Precinct 2, Linda G Cronshey Treasurer",1
"Resilient Union, LLC",1
Republican Party of Texas,1
Rebuild Maine PAC,1
ReThink Media,1
Rainforest Action Network,1
PushBlack Now,1
Public Service Proud,1
ProgressNow Colorado,1
Progress NC Action IE PAC,1
Portside,1
"Political advertisement approved by Michael Davis, non-partisan, for County Court Judge, Group 17.  Political advertisement paid for by the Committee to Keep Judge Michael Davis.",1
"Phil McGrane for Ada County Clerk, Eva Gay Yost Treasurer",1
PhRMA,1
Peterson 4 Colorado,1
Paul Kerr for Congress.,1
"Paid for by Public Safety for a Safer Santa Clara Supporting Hirokawa for Sheriff 2018, sponsored by the Deputy Sheriffs’ Association of Santa Clara County. Not authorized by a candidate or a committee controlled by a candidate. Committee major funding from Deputy Sheriffs’ Association of Santa Clara County.",1
"Paid for by Public Land, Public Benefit, a coalition of San Diego taxpayers, community planners, local business, and education, park and environmental advocates, opposed to SoccerCity. Supported by Mission Valley property owners. Major funding by H.G. Fenton Company and Sudberry Properties.",1
"Paid for by Mantovani for STL, Tim Fogerty, Treasurer",1
Paid for by BlackPAC and not authorized by any candidate or candidate’s committee.,1
Oxfam America,1
Oregon Education Association,1
Oregon City School District,1
New American Media Group LLC,1
Naturally Fit Inc,1
National Security Action,1
NYS Laborers' LECET,1
NIAC Action ,1
Moms Clean Air Force,1
Middle Class Voices,1
Michael Bailey,1
Mi Familia Vota,1
Matt Brown for Governor,1
"Mat Erpelding for District 19, Gail Bray -- Treasurer",1
MasterClass,1
Marggie Castellano for Senate 2018,1
Mannion for State Senate,1
Maloney for New York,1
Main Street Investors Coalition,1
Louisiana Lawsuit Abuse Watch,1
Linda Coleman for Congress,1
Liberatore for Congress – 2018,1
LGBTQ Victory Institute,1
Kentucky Family Values,1
Kansas Values Institute,1
Kanew For Congress,1
"Justice Democrats, not authorized by any candidate or candidate's committee.",1
Julia Brownley for Congress,1
Jonathan Steinberg for State Representative,1
Joe Cunningham for Congress,1
"Jeff Brandes, Republican, for State Senate",1
Jason Rittereiser for Congress,1
Jason Anderson for District Attorney 2018,1
James Thompson for Kansas,1
Jacobin magazine,1
I Heart Pisgah,1
Human Rights Watch,1
"Healthy Montana, Dr. Steven Bailey, Treasurer, PO Box 1614, Helena, MT 59624.",1
HIAS,1
Great Public Schools for US,1
"Gladney for Missouri, Anjelica Cunningham, Treasurer",1
Giving Care ,1
Gallagher for Utah State Senate ,1
"Friends of Sarah Elfreth; Michael G. Miller, Treasurer",1
Friends of John Sarbanes,1
Friends of Glenn Thompson,1
Friends of Gary,1
Friends of Devon Conley for Mountain View Whisman SD 2018. FPPC# 1411638,1
Friends of Craig Wismer,1
Friends of Bob Massie,1
"Friends of Alice Cain; Jenni Rooney, Treasurer",1
Founder of the Day,1
Food for the Hungry,1
Florida Strong Action PAC independently of any candidate.,1
Fire Ted Cruz PAC,1
Finkenauer for Congress,1
"Fentrice Driskell, Democrat, for Florida House District 63.",1
Feinstein For Senate 2018,1
Environmental Voter Project,1
Emily Sirota for Colorado,1
Elissa Slotkin for Congress,1
Elect Kathy Hoffman for Superintendent; Authorized by Kathy Hoffman,1
"Elect Cardin, Steven M. Gelblum, Treasurer",1
Eightyfive MILES,1
Eddie Zipperer,1
Eastern State Penitentiary,1
EMILY's List,1
Dröher Kline for House 20A,1
Dough,1
Donovan for State Senate,1
Donnie Mcmaster ,1
Distractify,1
Diane Lewis for Utah House,1
Democratic Socialists of America,1
Delgado for Congress,1
Defend Our Constitution,1
Debbie for Congress,1
Debbie Wasserman Schultz for Congress,1
Dean Phillips for Congress,1
David Kim for Congress,1
Conservation International,1
Congressional Leadership Fund,1
Community Committee to Elect Robert Cohen,1
Common Defense / Beyond the Choir Action Fund and not authorized by any candidate or candidate's committee,1
Committee to Elect Rick Olson To House of Representatives,1
Committee to Elect Donna Cathy Judge,1
Committee to Elect Bronwyn Mitchell-Strong,1
Committee to Elect Abe Laydon,1
"Color of Change PAC, not authorized by any candidate or candidate’s committee. ",1
Colm Willis for Oregon,1
Coalition for a Safe Secure America,1
Clean Energy for a Healthy Arizona,1
Citizens for Yassenoff,1
Citizens for Tim Walters,1
Citizens for Secure Borders IEC,1
Citizens Clean Elections Commission,1
Chris Elliot for State Senate,1
Children's Action Alliance,1
"Campaign for Jason Hunt 8535 Edna Ave Ste 100 Las Vegas, NV 89117 (702)370-0006",1
Callaway Electric Cooperative,1
Bown for Council,1
Bob Casey for Senate,1
Bird + Stone ,1
Bill Schuette for Governor,1
Bill Nelson for U.S. Senate,1
"Beachside Media, Inc.",1
"Ardian Zika, Republican, for State Representative, District 37",1
Angie Craig for Congress,1
Anera,1
Amnesty International USA,1
American Possibilities PAC,1
Allied Progress Action,1
Advanced Energy Economy,1
Abortion Clinics OnLine LLC,1
Abdul El-Sayed for Michigan,1
30A,1
1 Mission,1
мои личные средства в рекламу моей компании,0
three American friends who care,0
"the White Coat Waste Project, Inc",0
the Republican National Committee,0
the North Carolina Democratic Party and Ric Vandett for NC Senate.,0
the National League of Cities,0
the NRCC and not authorized by any candidate or candidate's committee. www.nrcc.org,0
the NRCC and not authorized by any candidate or candidate's committee.,0
the Kentucky Democratic Party,0
"the International Union, United Automobile, Aerospace, and Agricultural Implement Workers of America (UAW).  Not authorized by any candidate.",0
the Foundation for Constitutional Government,0
the Dyer Difference,0
the Democratic National Committee,0
the Democratic Governors Association,0
the DSCC,0
the Committee to Elect Robert Kennedy Clerk & Recorder,0
the Committee to Elect Kate Campanale,0
the Center For American Entrepreneurship.,0
the ASPCA,0
momsagainstpoverty,0
john deprospo,0
"iSideWith, LLC",0
act.tv,0
Zephyr for NY,0
"Zen Brands International, LLC",0
Young Invincibles,0
Young America's Foundation,0
Yes She Can,0
World Wildlife Fund,0
"Winning For Women, Inc.",0
Wind Energy Foundation,0
Williams County (ND),0
William E. Hammer,0
WhyHunger,0
We Stand For Energy,0
Water Lifestyle Co.,0
Washington Independents Political Action Committee,0
WPA Intelligence,0
WNYC,0
Vote or Shut Up,0
Vote Warren For Sheriff,0
"VALOR - Veterans Alliance of Orange County Issues Committee, Yes on Measure B, sponsored by Heritage Fields El Toro, LLC. Committee major funding from Heritage Fields El Toro, LLC",0
UnitedHealthcare,0
Unite Colorado Election Fund,0
Union Patriots,0
"Trump 2020 Wear - Apparel Store not associated with the Trump campaign.  This is not a political page directly, we just sell shirts, hats etc.   Our ads will not relate directly to politics or an issue or national importance, just promoting products.  Thx",0
Travis Enders,0
TradeVistas,0
Trade for America,0
Tonya Duffy,0
"Tony Rackauckas for District Attorney 2018, FPPC ID# 970780",0
"Tom Halvorson, Sidney, Montana",0
Together We Thrive,0
Tim Walz,0
Tim Lamb,0
Tim Greimel for Congress,0
"ThoughtFull Enterprises, Inc.",0
TheWrap,0
The Wilderness Society,0
The Secular Student Alliance,0
The Ruderman Family Foundation,0
The Pragmatic Libertarian,0
The Nature Conservancy,0
The National Organization for the Reform of Marijuana Laws,0
The Libertee Company,0
The Libertarian Coalition,0
The Leadership Conference Education Fund,0
The International Fellowship of Christians and Jews,0
"The Independent Republicans of Wyoming, a registered 501(c)(4). The Independent Republicans of Wyoming is not affiliated with any political campaign and this website was not authorized by any candidate or candidate's committee.",0
The Hill,0
The Halfway Post,0
The Fighting Forces,0
The Epoch Times,0
The Dude's Designs,0
The Committee to Elect Peter Keenan,0
The Committee to Elect Marc Martin Sheriff (Randy Garrison Treasurer) ,0
The Committee to Elect Julie Jordan,0
The Committee to Elect Allen R Dutch,0
The Committee to Defend The President,0
The Colson Center,0
The Climate Reality Project,0
Texas Public Policy Foundation ,0
Texans for Natural Gas,0
Teacher Freedom,0
TaxAct,0
Tanya Garrison for 157th District Court,0
TZ Insurance Solutions,0
TXLER,0
TRAVIS ALLEN FOR GOVERNOR 2018,0
Swing Left. Not authorized by any candidate or candidate's committee.,0
Support The 2nd Amendment,0
SupChina,0
Steve Smith for Congress ,0
State Run Films,0
Stand for Children Arizona IEC. Not authorized by any candidate or candidate’s campaign committee.,0
Stand Up America,0
Stacey Abrams for Governor,0
St. Martin's Press,0
Speak Up America,0
Solar Rebates,0
Soderholm Insurance Services,0
"SmartNews International, Inc.",0
Sinema for Arizona,0
Shireen for Congress,0
Shared Hope International,0
Serve America Movement,0
Senate Leadership Fund,0
Security Finance Initiative,0
Scott Simpson,0
Scott Schmidt For Assembly 2018 #1406972,0
Science for Humans and Freedom Institute,0
Schwartzenberger4Sheriff & Gary Schwartzenberger,0
Schakowsky for Congress,0
Save the Redwoods League,0
Save the Children Action Network ,0
"Sassan K. Darian - A private citizen concerned about basic human decency, liberal democracy and the sovereignty of our democratic process. ",0
Sarah Smith for US Congress 2018,0
Santana for Fair Lawn Board of Education,0
"Sand for North Dakota - Chris Hanson, Treasurer",0
Saginaw Conservatives,0
SOLAR ENERGY TODAY,0
SFT2 Tactical Supply,0
"Ryan Rauschenberger for Tax Commissioner, Peter Stenehjem Treasurer ",0
Royalty Owners and Producers Education Coalition,0
"Robert Roed for Ward County Sheriff, Dale Roed Treasurer",0
"Robert ""Bobby"" Olszewski, Republican for State House, District 44",0
Ro for Congress,0
Right Call Media LLC,0
Rick Green for Congress,0
Richards for Judge Committee,0
Retail Politics LLC,0
Repubtards,0
Reproaction,0
Reform California,0
Recovery Advocacy Project ,0
Reason To Believe PAC,0
"Re-elect Roza Larson, Ward County State's Attorney",0
Rachel Thomason for ND House,0
RMGO Super PAC,0
RAGA Action Fund,0
Putting Women in Their Place,0
"Pursuit, a non-partisan, non-profit organization",0
"Public Land, Public Benefit, No on Measure E, a coalition of San Diego taxpayers, community planners, local business, and education, park and environmental advocates, opposed to SoccerCity. Supported by Mission Valley property owners. Committee major funding from H.G. Fenton Company and Sudberry Properties.",0
PubTalks,0
Proud American Hunter,0
Protect the House,0
Project Republic Today,0
Progress Michigan,0
Priorities USA Action and SMP. (302) 469-3772. (202) 871-9255. Not authorized by any candidate or candidate's committee.,0
PrintedKicks,0
Population Connection,0
Politicon,0
Political Views of a Black Evangelical,0
Planned Parenthood Action Fund.,0
Phil Weiser for Colorado.,0
Personal Liberty,0
Paypal,0
Patriotic Drop Shop,0
Pastor Gordon for Colorado,0
Parks Project,0
"Park for Platte (Park4Platte), Wanda Park, Treasurer",0
Paleo Politico News,0
"Paid for by Markley For LG, William J. Stanley Treasurer, Approved by Joe Markley",0
Paid for by Ellen Lee Zhou for Mayor 2018 FPPC #1400965,0
Paid for by Be a Hero PAC,0
Paid for By District 1 Dem-NPL,0
PEACEbuttons,0
PATHWATER - The First Purified Water in a BPA Free Reusable Aluminum Bottle,0
"PACRONYM. 611 Pennsylvania Ave SE #143 Washington, DC 20003. Not authorized by any candidate or candidate’s committee.",0
OuterGoods LLC,0
Organizing for Action,0
OpsLens. ,0
OpenTheBooks,0
Open Doors USA,0
Online Carry Course,0
One Nation Design,0
Oley Larsen for Senate ,0
Oley Larsen for Senate,0
Odeon Media Inc.,0
Oceana,0
Ocean Conservancy,0
Ocean And Co,0
O'Dorisio for Adams County,0
"North Dakotans for Citizen Voting, Gary Emineth, Chairman",0
North Dakota Student Association,0
North Dakota For Life,0
North Dakota Democratic-NPL,0
Norgaard4AZ,0
No Public Debt,0
Nick Wu,0
NextGen Climate Action,0
Newsom for California Governor 2018,0
New Mexico Voices for Children,0
New Friends PAC,0
Nesdahl for Senate,0
Need to Impeach,0
National Urban Indian Family Coalition,0
National Rural Electric Association,0
National Domestic Workers Alliance,0
Nathan Fletcher for Supervisor 2018,0
NRSC,0
NRATV,0
NM for Equine Rights & Open Government,0
ND xPlains,0
"ND District 3 Conservatives - Travis Zablotney, Treasurer",0
ND Dem-NPL Dist. 12/29,0
NARAL Pro-Choice America,0
Murtaugh for Congress,0
MoveOn.org Civic Action.,0
Monuments For All,0
Montanans for Tester,0
"Mongoose VS Alpaca, LLC",0
"MomsRising Together, 3717 Boston St #374, Baltimore, MD, 21224, not authorized by any candidate or candidate’s committee.",0
Misty Morning,0
"Missourians For Mike Cierpiot, Fran Baker Treasurer.",0
Military Officers Association of America (MOAA),0
Military History Working Group at the Hoover Institution,0
Mikie Sherrill for Congress,0
Mike Williams,0
"Mike Rothman for Minnesota. P.O. Box 4215, St. Paul, MN 55101",0
Mi Familia Vota Education Fund,0
Mercy For Animals,0
Mercy Corps,0
Medenwald for North Dakota,0
"McSally For Senate, Inc.",0
McLeod-Skinner for Oregon,0
McConnell Senate Committee,0
Matt Magness,0
Matt Longjohn for Congress,0
Massoumi Web Holdings LLC,0
Mary Throne for Governor,0
Mary Adams on her own behalf,0
Marsy’s Law for Florida,0
Marpheen Chann,0
Mark Sponskowski for Bismarck City Commission,0
Maria T. Jackson,0
"Maria Markhasin-Weekes for Broward County Circuit Court Judge, Group 46, Non Partisan",0
March of Dimes,0
Mallory Hagan for Congress,0
Mac Schneider for Congress,0
MAST FOR CONGRESS,0
Luther for Teton County,0
Logic Reason and Humanity vs Donald Trump,0
Lock Him Up T Shirts,0
Liuba for Congress ,0
Lindsay Walsh for House,0
Linda Rawles,0
LifeZette Inc.,0
Libra Group,0
Liberty Nation,0
Liberty Clothing Co.,0
Learn Our History,0
Las Vegas Newspaper,0
LDS Dems,0
Kyle M. Woodman,0
Kvamme For Commission,0
Kos Media LLC.,0
Klean Kanteen,0
Kevin de León for U.S. Senate,0
Kevin McCarthy for Congress,0
Kenneth Mejia for Congress,0
Kate Brophy McGee AZ - Senate,0
Karen Mayne for Utah Senate 5,0
Kamala Harris for Senate,0
"Kading for House - Joe Heilman, Treasurer",0
Judy Estenson ND Senate,0
Juan Carrillo for City of Palmdale City Council D4,0
Joseph Tanos,0
Jordan Idso for House 4A,0
Johnson for House,0
Joe Messerli,0
Joe Elsberry for ND House,0
Joan Greene for Congress,0
Jim Silvernale,0
Jim Schooler for YV Town Council,0
Jim & Madelyn Meyer,0
Jena Griswold for Colorado,0
Jeff Merkley for Oregon,0
Jason Coenen,0
James Smith for South Carolina.,0
Jacek Zurada,0
JUSTIN FAREED FOR CONGRESS - FEC# C00572560,0
J Matthew Ash,0
It Starts Today and not authorized by any candidate or candidate committee.,0
Interwest Energy Alliance,0
International Crane Foundation,0
Independent Women's Forum,0
Idaho Conservation League,0
IOOGO INC.,0
Huru International,0
House Majority PAC,0
Hoover Institution,0
HomeGrown Tees,0
Hillsdale College,0
Heifer International,0
"Healthy Montana, Dr. Steven Bailey, Treasurer, PO Box 1614, Helena, MT 59624",0
Healthy Living Initiative ,0
"Hatfield 2018. Loretta Chory, Treasurer. Approved by Susan Hatfield. ",0
Harder for Congress,0
Greater Half,0
Greater Grand Forks Area Democrats,0
Great America PAC,0
Great America Alliance,0
Grand Canyon State Electric Cooperative Association,0
Good Media Group,0
GO PATRIOTIC,0
G.I. Jobs Magazine,0
Friends to Elect James Bruney Howell MI,0
Friends of the IDF,0
"Friends of the Earth (Action), Inc.",0
Friends of Zachary Raknerud,0
"Friends of Thomas ""Mac"" Middleton, Earle Knapp, Jr., Treasurer",0
Friends of Steve Mentzer,0
Friends of Phyllis Johnson,0
"Friends of Michelle Strinden, Kim Kelley Treasurer",0
"Friends of Mary Kay Sigaty, Hong Brereton, Treasurer",0
Friends of Mark Pinsley,0
"Friends of Jonathan Porter; Brenden Carlson, Treasurer",0
Friends of Gagliardi for Morris County Clerk,0
"Friends of Fernsler, Lydia DeJesus, Treasurer",0
Friends of Ernie Nardolillo,0
"Friends of Dennis Hof | 2711 E. Highway 95, Amargosa Valley, NV",0
Friends of Crysta Parkinson,0
Friends of Chris Murphy,0
Friends for Stefanski,0
Friends for Jeffrey Powell,0
Friends for Dave Ettman,0
FreedomWorks for America. Not authorized by any candidate or candidate's committee.,0
Free to be Kids,0
Florida Sheriff's Association,0
Florida Republican Senatorial Campaign Committee,0
Flip Texas - 32,0
Fletcher Armstrong,0
Fipple,0
Fight for $15,0
Feeding America,0
Family Policy Alliance,0
Everytown for Gun Safety Action Fund,0
Evan Glass for Montgomery County Council ,0
Equality Florida,0
English Cameroon for a united Cameroon,0
Energy Nation,0
Energy Citizens,0
"Elect Sheriff Barnard Campaign | Dee Balentine, Treasurer",0
Elect Kathy Hoffman for Superintendent,0
Elect Dave Bishop,0
Elect Brenda Elmer Committee,0
Educated Earthling,0
ELECT MICHAEL WHITE,0
DuPage Policy Journal,0
Dr. Kim Schrier for Congress,0
Dose Refugees - an independent entitity not affiliated with any particular government organization within and/or outside the United States.,0
Dontchaknow,0
"Donald J. Trump for President, Inc.",0
"Donald J. Trump for President, Inc",0
Divided We Stand®️,0
District 45 Republicans,0
District 43 Dem-NPL,0
District 41 Republicans,0
"District 35 Republicans, Dee Stanley, Treasurer",0
"District 27 Republicans; Nancy Johnson, Treasurer",0
District 11 Democratic Non-Partisan League,0
District 1 Republicans,0
Dinesh D'Souza,0
Digital Product Showcase,0
"Diana Arezzo, Ph.D., concerned private citizen, solely for the purpose of increasing post reach",0
Democratic Association of Secretaries of State ,0
Degenhardt for Assembly,0
Define American,0
Defending Democracy Together,0
"Debbie Kroshus, Burleigh County Recorder",0
Dean Obeidallah,0
Dayton Daily News,0
David Stockman,0
David Lawrence for County Commissioner District II ,0
David Goloff PhD,0
Dave Yost for Ohio,0
Daily Wire,0
"DUH - DEMAND UNIVERSAL HEALTHCARE is a not for profit organization whose mission is to promote Universal Healthcare, SinglePayer Healthcare, Medicare for All via HR676 and S1804.  We are a not for profit organization licensed as such in Springfield, IL.  We do not have an IRS - based non profit status, so donations are not tax-exempt.",0
DSCC and authorized by Bredesen for Senate,0
DIANE FOR COLORADO CD3,0
DCCC,0
Curzio Research,0
"Crowdpac Inc., a certified B Corporation. Not authorized by any candidate or candidate committee.",0
"Craig Simon on behalf of the Indaba Application Network... ""Building Better Tools for Better Democracies""",0
Cownie for Statehouse ,0
Covenant House,0
Conor Bentley,0
Congressional Black Caucus PAC,0
"Committee to Elect David Northcutt, P.O. Box 515, Montrose, AL 36559",0
Committee to Elect Camaron Stevenson,0
"Committee To Elect David Evans, Saundra K Evans Treasurer.",0
"Color of Change PAC, colorofchangepac.org, not authorized by any candidate or candidate’s committee. ",0
Climate Fest,0
Clergy for a New Drug Policy,0
Civiqs,0
Civic Shout,0
Civic Action Network,0
Citizens for Kash Jackson,0
"Citizens Congress Inc., a 501 C4 non-partisan, non-profit organizetion registered in the state of Florida.",0
Christians Taking Action for America,0
Chrissy Houlahan for Congress,0
Chris Pappas for Congress,0
Chip Slate,0
Chesapeake Bay Foundation,0
Cathy for Congress,0
Care2,0
Care Voters of Minnesota,0
Capital Research Center,0
Californians for Safe and Affordable Housing,0
"CTMT. David Desjardins, Treasurer. Approved by Christine Palm.",0
CRTV,0
CMMB-Healthier Lives Worldwide,0
CANVAS Unplugged - An Art Gallery of Today's Stories,0
CA Political Review,0
Build With Strength,0
Buffy Wicks for Assembly 2018. FPPC #1396734,0
Brindisi for Congress,0
Brian Spencer for Mayor,0
Brian Harrington for Laramie City Council,0
Brent for Office,0
Brent Jabbour - Origin Stories - A Podcast about Politics and People,0
Bredesen for Senate. Approved by Phil Bredesen.,0
Brave Path Media LLC,0
Brandon Fischer,0
Bottlepops USA,0
Born Red,0
Blue Wave Voters,0
Block Bronx Bolshevik,0
Blair for Montgomery,0
"Big Horn County, P.O Box 908, Hardin, MT 59034",0
Beth Nodland for Bismarck City Commission,0
Ben Ferguson Show,0
Becoming American Initiative,0
"Beadle for House Campaign - Chase Grindberg, Treasurer",0
Baria for Mississippi,0
BJ Maxson for Sheriff Campaign,0
Association for Accessible Medicines,0
Aspire Gear,0
Aspiration,0
Aspen Snowmass,0
Armed American Supply,0
Anthropocene Alliance,0
Anita For Arizona ,0
Anita Casalina,0
"Angel PAC ""We crowdfund advertising""",0
Andrew Yang,0
Americans for Prosperity,0
"Americans for Peace and Tolerance, a 501(c)(3) national security education non-profit organization, EIN #: 26-3251530",0
Americans for Limited Government,0
American Greatness Apparel,0
American Gas Association,0
American Friends of Magen David Adom,0
American Freedom and Opportunity PAC,0
American Freedom Fighter,0
American Federation of Teachers,0
"American Federation of State, County and Municipal Employees",0
American Bird Conservancy,0
American Beverage Association,0
America's Essential Hospitals,0
America for Early Ed,0
"America First Policies, Inc.",0
America First Policies,0
Amber Larson.,0
Alt ND,0
Alliance for a Better Minnesota Action Fund. Not Coordinated With Or Approved By Any Candidate Nor Is Any Candidate Responsible For It.,0
Alliance for a Better Minnesota Action Fund,0
Alliance for Justice Action Campaign,0
Alexandria Ocasio-Cortez 2018,0
Alec Mento,0
Alaska Wilderness Action,0
"Al Carlson for ND House District 41, Sharon Carlson Treasurer.",0
African Wildlife Foundation,0
Affordable Medicare,0
Advance California,0
Abortion On Our Own Terms,0
AFSCME and AFSCME Council 5 PEOPLE Fund ,0
AFSCME Retirees,0
A Whole Lot of People for Grijalva,0
45 Hats,0
#VoteTogether | A project of Civic Nation,0
"""Electing Emma"" for Adams County",0
 Penguin Young Readers,0
 Allied Progress Action,0
,0
